{
  "type": "tacz:gun_smith_table_crafting",
  "materials": [
    {
      "item": {
        "item": "createbigcannons:cast_iron_ingot"
      },
      "count": 1
    },
    {
      "item": {
        "item": "createbigcannons:cast_iron_block"
      },
      "count": 2
    },
    {
      "item": {
        "item": "createaddition:copper_rod"
      },
      "count": 1
    }
  ],
  "result": {
    "type": "custom",
    "group": "lrtactical:melee",
    "item": {
      "item": "lrtactical:melee",
      "nbt": {
        "MeleeWeaponId": "gwg:gear_club"
      }
    }
  }
}