{
  "model": "zeta:gun/ar2_geo",
  "texture": "zeta:gun/uv/ar2",
  "iron_zoom": 1.33,
  "zoom_model_fov": 45,
  "ammo_count_style": "normal",
  "damage_style": "per_projectile",
  "show_crosshair": false,
  "transform": {
    "scale": {
      "thirdperson": [
        0.7,
        0.7,
        0.7
      ],
      "ground": [
        0.6,
        0.6,
        0.6
      ],
      "fixed": [
        1.2,
        1.2,
        1.2
      ]
    }
  },
  "sounds": {
    "shoot": "zeta:ar2/shoot",
    "shoot_3p": "zeta:ar2/shoot_3p",
    "draw": "tacz:m4a1/m4a1_draw",
     "silence": "zeta:ar2/shoot_slience",
    "silence_3p": "zeta:ar2/shoot_slience3p",
    "put_away": "tacz:m4a1/m4a1_put_away",
    "dry_fire": "zeta:ar2/ar2_dry_fire",
    "fire_select": "tacz:fire_select",
    "head_hit": "tacz:head_hit",
    "flesh_hit": "tacz:flesh_hit",
    "kill": "tacz:kill",
    "melee_push": "tacz:melee_stock/melee_stock_01",
    "melee_stock": "tacz:melee_stock/melee_stock_03"
  },
  "animation": "zeta:ar2",
  "state_machine": "zeta:ar2_state_machine",
  "use_default_animation": "rifle",
  "third_person_animation": "default",
  "hud": "zeta:gun/hud/ar2",
  "slot": "zeta:gun/slot/ar2",
  "muzzle_flash": {
    "texture": "tacz:flash/common_muzzle_flash",
    "scale": 0.75
  },
  "ammo": {
    "tracer_color": "#FF0000",
    "particle": {
      "name": "flame",
      "delta": [
        0,
        0,
        0
      ],
      "speed": 0,
      "life_time": 3,
      "count": 5
    }
  },
  "shell": {
    "initial_velocity": [
      5,
      2,
      1
    ],
    "random_velocity": [
      1,
      1,
      0.25
    ],
    "acceleration": [
      0,
      -10,
      0
    ],
    "angular_velocity": [
      360,
      -1200,
      90
    ],
    "living_time": 1
  }
}
