{
  "model": "zeta:gun/ar32_geo",
  "texture": "zeta:gun/uv/ar32",
 
  "hud": "zeta:gun/hud/ar32",
  "slot": "zeta:gun/slot/ar32",
  "animation": "zeta:ar32",
  "use_default_animation": "rifle",
  "third_person_animation": "default",
   //"state_machine": "zeta:ar_state_machine",
    "state_machine":"zeta:foxtail_kinetic_core_state_machine",
  "state_machine_param": {
    "ban_tactical_reload": 0,    //填1使武器无法在弹药没打空时换弹，一般是给单发筒子使用
    "different_reload_time": 0,  //填1启用xmag与其接续换弹，如果填0就可以不填任何有关xmag的参数
    "closed_bolt": 1             //武器的枪膛类型如果为closed_bolt则填写1，不是就是0
  },
  "transform": {
    "scale": {
      "thirdperson": [0.7, 0.7, 0.7],
      "ground": [0.6, 0.6, 0.6],
      "fixed": [1.2, 1.2, 1.2]
    }
  },
  "muzzle_flash": {
    "texture": "zeta:flash/railgun_flash",
    "scale": 1.25
  },
   "ammo": {
      // 曳光弹颜色，没有则为 #FFFFFF，没有此字段时，会调用 ammo 的相关字段
      // 严格遵循 RGB 颜色代码
      "tracer_color": "#007bfc",
      // 粒子效果，部分参数和原版指令完全一致，具体可参考 wiki：https://minecraft.fandom.com/zh/wiki/%E5%91%BD%E4%BB%A4/particle
      // 没有此字段时，会调用 ammo 的相关字段
          "particle": {
      //      // 名称，具体可选粒子可参考 wiki：https://minecraft.fandom.com/zh/wiki/%E7%B2%92%E5%AD%90
            "name": "soul_fire_flame",
      //      // 生成的区域，默认为 0 0 0
            "delta": [
              0,
              0,
              0
            ],
      //      // 速度，默认为0，必须至少为 0
            "speed": 0,
      //      // 粒子存在时间，单位 tick，默认为 20 tick
            "life_time":3,
      //      // 粒子数量，当子弹速度过快时，可以增大此数量，能够填满子弹路径的空隙
            "count": 5
          }
    },
  "iron_zoom": 1.2,
  "shell": {
    "initial_velocity": [5, 2, 1],
    "random_velocity": [1, 1, 0.25],
    "acceleration": [0.0, -10, 0.0],
    "angular_velocity": [360, -1200, 90],
    "living_time": 1.0
  },
  "sounds": {
    "shoot": "zeta:ar32/shoot",
    "shoot_3p": "zeta:ar32/shoot_3p",
    "draw": "tacz:m4a1/m4a1_draw",
    "put_away": "tacz:m4a1/m4a1_put_away",
    "dry_fire": "tacz:dry_fire",
    "fire_select": "tacz:fire_select",
    "head_hit": "tacz:head_hit",
    "flesh_hit": "tacz:flesh_hit",
    "kill": "tacz:kill",
    "melee_push": "tacz:melee_stock/melee_stock_01",
    "melee_stock": "tacz:melee_stock/melee_stock_03"
  },
  "offhand_show": {
    "pos": [-5, 13, 2],
    "rotate": [-90, 120, -90],
    "scale": [0.65, 0.65, 0.65]
  },
  "hotbar_show": {
    "0": {
     "pos": [-5, 13, 2],
    "rotate": [-90, 120, -90],
    "scale": [0.65, 0.65, 0.65]
    }
  }
}