{
  "model": "zeta:gun/cqc30_geo",
  "texture": "zeta:gun/uv/cqc30",
    "lod": {
    "model": "zeta:gun/lod/cqc30_lod",
    "texture": "zeta:gun/lod/cqc30_lod"
  },
  "hud": "zeta:gun/hud/cqc30",
  "slot": "zeta:gun/slot/cqc30",
  "animation": "zeta:cqc30",
  "state_machine": "zeta:melee_state_machine",
  "show_crosshair": true,
  "use_default_animation": "rifle",
  "third_person_animation": "default",
  "transform": {
    "scale": {
      "thirdperson": [0.75, 0.75, 0.75],
      "ground": [0.6, 0.6, 0.6],
      "fixed": [1.2, 1.2, 1.2]
    }
  },
  "damage_style": "total",
  "iron_zoom":1,
  "muzzle_flash": {
    "texture": "tacz:flash/common_muzzle_flash",
    "scale": 0
  },
  "sounds": {
    "draw": "tacz:db_short/db_short_draw",
    "put_away": "tacz:db_short/db_short_put_away",
    "shoot": "tacz:melee_stock/melee_stock_02",
    "shoot_3p": "tacz:melee_stock/melee_stock_02",
    "melee_stock": "tacz:melee_stock/melee_stock_02"
  },
  "offhand_show": {
   "pos": [-5, 13, 3],
    "rotate": [-90, 120, -90],
    "scale": [0.65, 0.65, 0.65]
  },
  "hotbar_show": {
    "0": {
     "pos": [-5, 13, 3],
    "rotate": [-90, 120, -90],
    "scale": [0.65, 0.65, 0.65]
    }
  }
}