{
  "model": "zeta:gun/crossbow_geo",
  "texture": "zeta:gun/uv/crossbow",
  "hud": "zeta:gun/hud/crossbow",
  "slot": "zeta:gun/slot/crossbow",
  "animation": "zeta:crossbow",
  "use_default_animation": "rifle",
  "third_person_animation": "default",
  "state_machine": "zeta:crossbow_state_machine",
  "transform": {
    "scale": {
      "thirdperson": [0.8, 0.8, 0.8],
      "ground": [0.6, 0.6, 0.6],
      "fixed": [1.2, 1.2, 1.2]
    }
  },
  "muzzle_flash": {
      "texture": "zeta:flash/railgun_flash",
      "scale": 0.0001
    },
   
  "sounds": {
    "shoot": "zeta:crossbow/shoot",
    "shoot_3p": "zeta:crossbow/shoot_3p",
    "melee_push": "tacz:melee_stock/melee_stock_01",
    "melee_stock": "tacz:melee_stock/melee_stock_02"
    },
  "offhand_show": {
    "pos": [-5, 13, -1],
    "rotate": [-90, 120, -90],
    "scale": [0.5, 0.5, 0.5]
  },
  "hotbar_show": {
    "0": {
      "pos": [-5, 13, -1],
    "rotate": [-90, 120, -90],
    "scale": [0.5, 0.5, 0.5]
    }
  }
}