{
    "model": "zeta:gun/las98_geo",
    "texture": "zeta:gun/uv/las98",
    "hud": "zeta:gun/hud/las98",
    "slot": "zeta:gun/slot/las98",
    "animation": "zeta:las98",
    "use_default_animation": "rifle",
    "third_person_animation": "default",
    "player_animator_3rd": "tacz:rifle_default.player_animation",
    "ammo_count_style": "percent",
    "state_machine": "zeta:advanced_las_5_state_machine",
    "transform": {
      "scale": {
        "thirdperson": [0.75, 0.75, 0.75],
        "ground": [0.6, 0.6, 0.6],
        "fixed": [1.2, 1.2, 1.2]
      }
    },


    "laser": {
     
      "default_color": "0xFFFF00",
    
      "can_edit": true,
      
      "length": 20,
      
      "width": 0.001
    },
 



    "muzzle_flash": {
      "texture":"tacz:flash/common_muzzle_flash",
      "scale": 0.001
    },
    "sounds": {
    
      "shoot_3p": "zeta:las_5/shoot",
      "melee_push": "tacz:melee_stock/melee_stock_01",
      "melee_stock": "tacz:melee_stock/melee_stock_02"
    },
   "offhand_show": {
     "pos": [-4, 22, 3],
    "rotate": [180, -5, -90],
    "scale": [0.5, 0.5, 0.5]
  
  },
  "hotbar_show": {
    "0": {
      "pos": [-4, 22, 3],
    "rotate": [180, -5, -90],
    "scale": [0.5, 0.5, 0.5]
    }
  }
  }