{
    "model": "zeta:gun/las_5_geo",
    "texture": "zeta:gun/uv/las_5",
    "hud": "zeta:gun/hud/las_5",
    "slot": "zeta:gun/slot/las_5",
    "animation": "zeta:las_5",
    "use_default_animation": "rifle",
    "third_person_animation": "default",
    "player_animator_3rd": "tacz:rifle_default.player_animation",
    "ammo_count_style": "percent",
    "state_machine": "zeta:advanced_las_5_state_machine",
    "transform": {
      "scale": {
        "thirdperson": [0.75, 0.75, 0.75],
        "ground": [0.6, 0.6, 0.6],
        "fixed": [1.2, 1.2, 1.2]
      }
    },


    "laser": {
     
      "default_color": "0xFFFF00",
    
      "can_edit": true,
      
      "length": 20,
      
      "width": 0.08
    },
 "text_show": {
    // 作用的组名，该组的旋转点决定文本的位置和朝向
    "las_r": {
      // 文本缩放，默认大小对于 BlockBench 里的 1
      "scale": 0.5,
      // 对齐方式：right，center，left
      "align": "center",
      // 阴影
      "shadow": false,
      // 文本颜色
      "color": "#000000",
      // 亮度：1-15
      "light": 1,
      // 本地化，且支持PlaceholderAPI 风格的占位符
      // 目前仅支持两个：%player_name% %ammo_count%
      "text": "LAS-5 SCYTHE"
    },
    "las_l": {
      "scale": 0.5,
      "align": "center",
      "shadow": false,
      "color": "#000000",
      "light": 1,
      "text": "LAS-5 SCYTHE"
    }
  },



    "muzzle_flash": {
      "texture":"tacz:flash/common_muzzle_flash",
      "scale": 0.001
    },
    "sounds": {
    
      "shoot_3p": "zeta:las_5/shoot",
      "inspect": "zeta:las_16/las_16_inspect",
      "inspect_empty": "zeta:las_16/las_16_inspect",
      "draw": "tacz:m4a1/m4a1_draw",
      "put_away": "tacz:m4a1/m4a1_put_away",
      "melee_push": "tacz:melee_stock/melee_stock_01",
      "melee_stock": "tacz:melee_stock/melee_stock_02"
    },
    "offhand_show": {
      "pos": [-5, 13, 2],
    "rotate": [-90, 120, -90],
    "scale": [0.65, 0.65, 0.65]
    },
    "hotbar_show": {
      "0": {
        "pos": [-5, 13, 2],
    "rotate": [-90, 120, -90],
    "scale": [0.65, 0.65, 0.65]
      }
    }
  }