{
  "model": "zeta:gun/quasar_geo",
  "texture": "zeta:gun/uv/quasar",
  "lod": {
    "model": "zeta:gun/lod/quasar_lod",
    "texture": "zeta:gun/lod/quasar_lod"
  },
  "hud": "zeta:gun/hud/quasar",
  "slot": "zeta:gun/slot/quasar",
  "animation": "zeta:quasar",
  "use_default_animation": "rifle",
  "third_person_animation": "default",
  "ammo_count_style": "percent",
  "state_machine": "zeta:quasar_state_machine",
  "transform": {
    "scale": {
      "thirdperson": [0.75, 0.75, 0.75],
      "ground": [0.6, 0.6, 0.6],
      "fixed": [1.4, 1.4, 1.4]
    }
  },
 
  "muzzle_flash": {
    "texture": "zeta:flash/railgun_flash",
    "scale": 0.001
  },
  "iron_zoom": 1.5,
 
  "sounds": {
   "shoot_3p": "zeta:quasar/shoot_3p",
      "inspect": "tacz:rpg7/rpg7_inspect",
    "inspect_empty": "tacz:rpg7/rpg7_inspect_empty",
    "melee_push": "tacz:melee_stock/melee_stock_01",
    "melee_stock": "tacz:melee_stock/melee_stock_03"
  },
  "offhand_show": {
     "pos": [-4, 22, 3],
    "rotate": [180, -5, -90],
    "scale": [0.5, 0.5, 0.5]
  
  },
  "hotbar_show": {
    "0": {
      "pos": [-4, 22, 3],
    "rotate": [180, -5, -90],
    "scale": [0.5, 0.5, 0.5]
    }
  }
}