{
  "model": "zeta:gun/s11_geo",
  "texture": "zeta:gun/uv/s11",
  "hud": "zeta:gun/hud/s11",
  "slot": "zeta:gun/slot/s11",
  "animation": "zeta:s11",
  "use_default_animation": "rifle",
  "third_person_animation": "default",
  
  "transform": {
    "scale": {
      "thirdperson": [0.75, 0.75, 0.75],
      "ground": [0.6, 0.6, 0.6],
      "fixed": [1, 1, 1]
    }
  },
  "muzzle_flash": {
    "texture": "tacz:flash/common_muzzle_flash",
    "scale": 0.001
  },
 
  "sounds": {
    "shoot": "zeta:s11/shoot",
    "shoot_3p": "zeta:s11/shoot_3p",
    "melee_push": "tacz:melee_stock/melee_stock_02",
    "melee_stock": "tacz:melee_stock/melee_stock_03"
  },
  "offhand_show": {
    "pos": [0, 20, 5],
    "rotate": [-20, 0, 30],
    "scale": [0.7, 0.7, 0.7]
  },
  "hotbar_show": {
    "0": {
     "pos": [0, 20, 5],
    "rotate": [-20, 0, 30],
    "scale": [0.7, 0.7, 0.7]
    }
  }
}