{
	"format_version": "1.12.0",
	"minecraft:geometry": [
		{
			"description": {
				"identifier": "geometry.unknown",
				"texture_width": 128,
				"texture_height": 128,
				"visible_bounds_width": 3,
				"visible_bounds_height": 2.5,
				"visible_bounds_offset": [0, 0.75, 0]
			},
			"bones": [
				{
					"name": "bone",
					"pivot": [0, 9, 4],
					"cubes": [
						{
							"origin": [-1, 11, -3],
							"size": [2, 2, 8],
							"pivot": [0, 9, 4],
							"rotation": [7.5, 0, 0],
							"uv": {
								"north": {"uv": [40, 18], "uv_size": [2, 2]},
								"east": {"uv": [36, 28], "uv_size": [8, 2]},
								"south": {"uv": [33, 40], "uv_size": [2, 2]},
								"west": {"uv": [36, 30], "uv_size": [8, 2]},
								"up": {"uv": [23, 30], "uv_size": [2, 8]},
								"down": {"uv": [20, 45], "uv_size": [2, -8]}
							}
						},
						{
							"origin": [-3, 8, 4.75],
							"size": [2, 4, 5.25],
							"inflate": 0.005,
							"uv": {
								"north": {"uv": [42, 5], "uv_size": [2, 4]},
								"east": {"uv": [41, 20], "uv_size": [5.5, 4]},
								"south": {"uv": [6, 43], "uv_size": [2, 4]},
								"west": {"uv": [41, 24], "uv_size": [5.5, 4]},
								"up": {"uv": [35, 40], "uv_size": [2, 5.5]},
								"down": {"uv": [37, 45.5], "uv_size": [2, -5.5]}
							}
						},
						{
							"origin": [-2, 6, -8],
							"size": [4, 5, 13],
							"uv": {
								"north": {"uv": [33, 14], "uv_size": [4, 5]},
								"east": {"uv": [12, 20], "uv_size": [13, 5]},
								"south": {"uv": [33, 35], "uv_size": [4, 5]},
								"west": {"uv": [12, 25], "uv_size": [13, 5]},
								"up": {"uv": [25, 28], "uv_size": [4, 13]},
								"down": {"uv": [29, 41], "uv_size": [4, -13]}
							}
						},
						{
							"origin": [-1.25, 8, 5],
							"size": [2.5, 3, 8],
							"uv": {
								"north": {"uv": [37, 14], "uv_size": [2.5, 3]},
								"east": {"uv": [33, 0], "uv_size": [8, 3]},
								"south": {"uv": [37, 17], "uv_size": [2.5, 3]},
								"west": {"uv": [33, 3], "uv_size": [8, 3]},
								"up": {"uv": [0, 36], "uv_size": [2.5, 8]},
								"down": {"uv": [3, 44], "uv_size": [2.5, -8]}
							}
						},
						{
							"origin": [-0.0001, 1, -20],
							"size": [0.0001, 10, 33],
							"uv": {
								"north": {"uv": [0, 0], "uv_size": [0, 10]},
								"east": {"uv": [0, 0], "uv_size": [33, 10]},
								"south": {"uv": [0, 0], "uv_size": [0, 10]},
								"west": {"uv": [0, 10], "uv_size": [33, 10]},
								"up": {"uv": [0, 0], "uv_size": [0, 33]},
								"down": {"uv": [0, 33], "uv_size": [0, -33]}
							}
						},
						{
							"origin": [-1.25, 4, 13],
							"size": [2.5, 7, 3],
							"uv": {
								"north": {"uv": [6, 36], "uv_size": [2.5, 7]},
								"east": {"uv": [20, 30], "uv_size": [3, 7]},
								"south": {"uv": [9, 36], "uv_size": [2.5, 7]},
								"west": {"uv": [33, 28], "uv_size": [3, 7]},
								"up": {"uv": [14, 38], "uv_size": [2.5, 3]},
								"down": {"uv": [17, 41], "uv_size": [2.5, -3]}
							}
						},
						{
							"origin": [-2.75, 7, -19],
							"size": [5.5, 4, 16],
							"inflate": 0.0005,
							"uv": {
								"north": {"uv": [33, 6], "uv_size": [5.5, 4]},
								"east": {"uv": [25, 20], "uv_size": [16, 4]},
								"south": {"uv": [33, 10], "uv_size": [5.5, 4]},
								"west": {"uv": [25, 24], "uv_size": [16, 4]},
								"up": {"uv": [0, 20], "uv_size": [5.5, 16]},
								"down": {"uv": [6, 36], "uv_size": [5.5, -16]}
							}
						},
						{
							"origin": [-1, -1, 1.75],
							"size": [2, 8, 3.25],
							"pivot": [0, -1, 0],
							"rotation": [22.5, 0, 0],
							"uv": {
								"north": {"uv": [37, 32], "uv_size": [2, 8]},
								"east": {"uv": [12, 30], "uv_size": [3.5, 8]},
								"south": {"uv": [12, 38], "uv_size": [2, 8]},
								"west": {"uv": [16, 30], "uv_size": [3.5, 8]},
								"up": {"uv": [39, 35], "uv_size": [2, 3.5]},
								"down": {"uv": [39, 42.5], "uv_size": [2, -3.5]}
							}
						},
						{
							"origin": [-2.75, 6, -19],
							"size": [5.5, 5, 24],
							"inflate": 0.25,
							"uv": {
								"north": {"uv": [41, 40], "uv_size": [5.5, 5]},
								"east": {"uv": [41, 0], "uv_size": [24, 5]},
								"south": {"uv": [28, 42], "uv_size": [5.5, 5]},
								"west": {"uv": [41, 35], "uv_size": [24, 5]},
								"up": {"uv": [14, 41], "uv_size": [5.5, 24]},
								"down": {"uv": [22, 65], "uv_size": [5.5, -24]}
							}
						},
						{
							"origin": [-1.25, 8, -22],
							"size": [2.5, 2.5, 3],
							"uv": {
								"north": {"uv": [40, 12], "uv_size": [2.5, 2.5]},
								"east": {"uv": [22, 38], "uv_size": [3, 2.5]},
								"south": {"uv": [40, 15], "uv_size": [2.5, 2.5]},
								"west": {"uv": [39, 6], "uv_size": [3, 2.5]},
								"up": {"uv": [39, 9], "uv_size": [2.5, 3]},
								"down": {"uv": [39, 35], "uv_size": [2.5, -3]}
							}
						}
					]
				},
				{
					"name": "positioning2",
					"parent": "bone",
					"pivot": [0, 0, 0]
				},
				{
					"name": "muzzle_flash",
					"parent": "positioning2",
					"pivot": [0.0125, 9.225, -22]
				},
				{
					"name": "muzzle_pos",
					"parent": "positioning2",
					"pivot": [0, 9.225, -19.25]
				},
				{
					"name": "positioning",
					"pivot": [0, 0, -8]
				},
				{
					"name": "thirdperson_hand",
					"parent": "positioning",
					"pivot": [0, 4.925, -1.35]
				},
				{
					"name": "ground",
					"parent": "positioning",
					"pivot": [0, 0.1, -1.35]
				},
				{
					"name": "fixed",
					"parent": "positioning",
					"pivot": [0.05, 7.675, -1.55],
					"rotation": [0, 90, 0]
				}
			]
		}
	]
}