{
	"format_version": "1.12.0",
	"minecraft:geometry": [
		{
			"description": {
				"identifier": "geometry.unknown",
				"texture_width": 32,
				"texture_height": 32,
				"visible_bounds_width": 3,
				"visible_bounds_height": 2.5,
				"visible_bounds_offset": [0, 0.75, 0]
			},
			"bones": [
				{
					"name": "root",
					"pivot": [0, 2.625, 0]
				},
				{
					"name": "l",
					"parent": "root",
					"pivot": [0, 2.625, 0]
				},
				{
					"name": "leftHand",
					"parent": "l",
					"pivot": [-6, 18.93684, 8.04313]
				},
				{
					"name": "lefthand_pos",
					"parent": "leftHand",
					"pivot": [0, 7.93684, 8.04313],
					"cubes": [
						{
							"origin": [-7, 7.93684, 6.04313],
							"size": [3, 12, 4],
							"uv": {
								"north": {"uv": [0, 0], "uv_size": [4, 12]},
								"east": {"uv": [4, 0], "uv_size": [4, 12]},
								"south": {"uv": [8, 0], "uv_size": [4, 12]},
								"west": {"uv": [0, 12], "uv_size": [4, 12]},
								"up": {"uv": [12, 0], "uv_size": [4, 4]},
								"down": {"uv": [4, 16], "uv_size": [4, -4]}
							}
						}
					]
				},
				{
					"name": "r",
					"parent": "root",
					"pivot": [0, 2.625, 0]
				},
				{
					"name": "rightHand",
					"parent": "r",
					"pivot": [6, 18.93684, 8.04313]
				},
				{
					"name": "righthand_pos",
					"parent": "rightHand",
					"pivot": [0, 7.93684, 8.04313],
					"cubes": [
						{
							"origin": [4, 7.93684, 6.04313],
							"size": [3, 12, 4],
							"uv": {
								"north": {"uv": [0, 0], "uv_size": [4, 12]},
								"east": {"uv": [4, 0], "uv_size": [4, 12]},
								"south": {"uv": [8, 0], "uv_size": [4, 12]},
								"west": {"uv": [0, 12], "uv_size": [4, 12]},
								"up": {"uv": [12, 0], "uv_size": [4, 4]},
								"down": {"uv": [4, 16], "uv_size": [4, -4]}
							}
						}
					]
				},
				{
					"name": "body",
					"parent": "r",
					"pivot": [0, 2.65625, 0],
					"cubes": [
						{
							"origin": [-0.125, 2.14032, -2.59375],
							"size": [0.25, 1.03186, 0.25],
							"pivot": [0, 2.65625, 0],
							"rotation": [22.5, 0, 0],
							"uv": {
								"north": {"uv": [18, 17], "uv_size": [0.25, 1]},
								"east": {"uv": [18, 18], "uv_size": [0.25, 1]},
								"south": {"uv": [19, 0], "uv_size": [0.25, 1]},
								"west": {"uv": [19, 1], "uv_size": [0.25, 1]},
								"up": {"uv": [1, 24], "uv_size": [0.25, 0.25]},
								"down": {"uv": [24, 1.25], "uv_size": [0.25, -0.25]}
							}
						},
						{
							"origin": [-0.25, 0, -0.25],
							"size": [0.5, 2, 0.5],
							"pivot": [0, 1, 0],
							"rotation": [0, 45, 0],
							"uv": {
								"north": {"uv": [14, 0], "uv_size": [0.5, 2]},
								"east": {"uv": [1, 16], "uv_size": [0.5, 2]},
								"south": {"uv": [16, 2], "uv_size": [0.5, 2]},
								"west": {"uv": [4, 16], "uv_size": [0.5, 2]},
								"up": {"uv": [2, 19], "uv_size": [0.5, 0.5]},
								"down": {"uv": [19, 2.5], "uv_size": [0.5, -0.5]}
							}
						},
						{
							"origin": [-0.21875, 5.3125, -0.21875],
							"size": [0.4375, 0.375, 0.4375],
							"pivot": [0, 5.5, 0],
							"rotation": [0, 45, 0],
							"uv": {
								"north": {"uv": [19, 3], "uv_size": [0.5, 0.5]},
								"east": {"uv": [19, 4], "uv_size": [0.5, 0.5]},
								"south": {"uv": [19, 5], "uv_size": [0.5, 0.5]},
								"west": {"uv": [6, 19], "uv_size": [0.5, 0.5]},
								"up": {"uv": [7, 19], "uv_size": [0.5, 0.5]},
								"down": {"uv": [8, 19.5], "uv_size": [0.5, -0.5]}
							}
						},
						{
							"origin": [-0.1875, 3, -0.1875],
							"size": [0.375, 2.4375, 0.375],
							"pivot": [0, 2.57813, 0],
							"rotation": [0, 45, 0],
							"uv": {
								"north": {"uv": [5, 10], "uv_size": [0.5, 2.5]},
								"east": {"uv": [6, 10], "uv_size": [0.5, 2.5]},
								"south": {"uv": [7, 10], "uv_size": [0.5, 2.5]},
								"west": {"uv": [8, 10], "uv_size": [0.5, 2.5]},
								"up": {"uv": [19, 8], "uv_size": [0.5, 0.5]},
								"down": {"uv": [9, 19.5], "uv_size": [0.5, -0.5]}
							}
						},
						{
							"origin": [-0.1875, 0.0625, -0.1875],
							"size": [0.375, 5.1875, 0.375],
							"pivot": [0, 2.65625, 0],
							"rotation": [54.73561, 30, 35.26439],
							"uv": {
								"north": {"uv": [4, 0], "uv_size": [0.25, 5.25]},
								"east": {"uv": [0, 0], "uv_size": [0.5, 5.25]},
								"south": {"uv": [5, 0], "uv_size": [0.25, 5.25]},
								"west": {"uv": [1, 0], "uv_size": [0.5, 5.25]},
								"up": {"uv": [21, 20], "uv_size": [0.25, 0.5]},
								"down": {"uv": [21, 21.5], "uv_size": [0.25, -0.5]}
							}
						},
						{
							"origin": [-0.1875, 0.0625, -0.1875],
							"size": [0.375, 5.1875, 0.375],
							"pivot": [0, 2.65625, 0],
							"rotation": [-54.73561, 30, -35.26439],
							"uv": {
								"north": {"uv": [0, 6], "uv_size": [0.25, 5.25]},
								"east": {"uv": [2, 0], "uv_size": [0.5, 5.25]},
								"south": {"uv": [6, 0], "uv_size": [0.25, 5.25]},
								"west": {"uv": [3, 0], "uv_size": [0.5, 5.25]},
								"up": {"uv": [0, 22], "uv_size": [0.25, 0.5]},
								"down": {"uv": [22, 0.5], "uv_size": [0.25, -0.5]}
							}
						},
						{
							"origin": [-0.09375, 0.125, 0.51593],
							"size": [0.25, 2.1875, 0.53186],
							"pivot": [-0.09375, 0.0625, 0.51593],
							"rotation": [16.6211, 8.5995, -21.4133],
							"uv": {
								"east": {"uv": [9, 10], "uv_size": [0.5, 2.25]}
							}
						},
						{
							"origin": [-0.09375, 0.51987, 0.93738],
							"size": [0.25, 2.1875, 0.53186],
							"inflate": 0.0005,
							"pivot": [-0.09375, 0.45737, 1.46924],
							"rotation": [25.3711, 8.5995, -21.4133],
							"uv": {
								"east": {"uv": [10, 10], "uv_size": [0.5, 2.25]}
							}
						},
						{
							"origin": [-0.09375, 0.125, -1.04779],
							"size": [0.25, 2.1875, 0.53186],
							"inflate": 0.0005,
							"pivot": [-0.09375, 0.0625, -0.51593],
							"rotation": [-16.6211, -8.5995, -21.4133],
							"uv": {
								"east": {"uv": [11, 4], "uv_size": [0.5, 2.25]}
							}
						},
						{
							"origin": [-0.09375, 0.51987, -1.46924],
							"size": [0.25, 2.1875, 0.53186],
							"pivot": [-0.09375, 0.45737, -1.46924],
							"rotation": [-25.3711, -8.5995, -21.4133],
							"uv": {
								"east": {"uv": [11, 7], "uv_size": [0.5, 2.25]}
							}
						},
						{
							"origin": [-1.13324, 0.17051, -0.31697],
							"size": [0.25, 2.1875, 0.53186],
							"pivot": [-0.42123, 2.65625, 0],
							"rotation": [-70.273, -21.1609, -9.2265],
							"uv": {
								"east": {"uv": [11, 10], "uv_size": [0.5, 2.25]}
							}
						},
						{
							"origin": [-1.13324, 0.17192, -0.20377],
							"size": [0.25, 2.1875, 0.53186],
							"inflate": 0.0005,
							"pivot": [-0.42123, 2.65625, 0],
							"rotation": [-61.523, -21.1609, -9.2265],
							"uv": {
								"east": {"uv": [0, 12], "uv_size": [0.5, 2.25]}
							}
						},
						{
							"origin": [-1.13324, 2.95449, -0.31697],
							"size": [0.25, 2.1875, 0.53186],
							"inflate": 0.0005,
							"pivot": [-0.42123, 2.65625, 0],
							"rotation": [70.273, -21.1609, 9.2265],
							"uv": {
								"east": {"uv": [12, 4], "uv_size": [0.5, 2.25]}
							}
						},
						{
							"origin": [-1.13324, 2.95308, -0.20377],
							"size": [0.25, 2.1875, 0.53186],
							"pivot": [-0.42123, 2.65625, 0],
							"rotation": [61.523, -21.1609, 9.2265],
							"uv": {
								"east": {"uv": [12, 7], "uv_size": [0.5, 2.25]}
							}
						},
						{
							"origin": [-0.09375, 2.60513, -1.46924],
							"size": [0.25, 2.1875, 0.53186],
							"inflate": 0.0005,
							"pivot": [-0.09375, 4.85513, -1.46924],
							"rotation": [25.3711, -8.5995, 21.4133],
							"uv": {
								"east": {"uv": [12, 10], "uv_size": [0.5, 2.25]}
							}
						},
						{
							"origin": [-0.09375, 3, -1.04779],
							"size": [0.25, 2.1875, 0.53186],
							"pivot": [-0.09375, 5.25, -0.51593],
							"rotation": [16.6211, -8.5995, 21.4133],
							"uv": {
								"east": {"uv": [1, 13], "uv_size": [0.5, 2.25]}
							}
						},
						{
							"origin": [-0.09375, 3, 0.51593],
							"size": [0.25, 2.1875, 0.53186],
							"inflate": 0.0005,
							"pivot": [-0.09375, 5.25, 0.51593],
							"rotation": [-16.6211, 8.5995, 21.4133],
							"uv": {
								"east": {"uv": [13, 4], "uv_size": [0.5, 2.25]}
							}
						},
						{
							"origin": [-0.09375, 2.60513, 0.93738],
							"size": [0.25, 2.1875, 0.53186],
							"pivot": [-0.09375, 4.85513, 1.46924],
							"rotation": [-25.3711, 8.5995, 21.4133],
							"uv": {
								"east": {"uv": [5, 13], "uv_size": [0.5, 2.25]}
							}
						},
						{
							"origin": [-1.13324, 2.95449, -0.21488],
							"size": [0.25, 2.1875, 0.53186],
							"pivot": [-0.42123, 2.65625, 0],
							"rotation": [-70.273, 21.1609, 9.2265],
							"uv": {
								"east": {"uv": [6, 13], "uv_size": [0.5, 2.25]}
							}
						},
						{
							"origin": [-1.13324, 2.95308, -0.32809],
							"size": [0.25, 2.1875, 0.53186],
							"inflate": 0.0005,
							"pivot": [-0.42123, 2.65625, 0],
							"rotation": [-61.523, 21.1609, 9.2265],
							"uv": {
								"east": {"uv": [7, 13], "uv_size": [0.5, 2.25]}
							}
						},
						{
							"origin": [-1.13324, 0.17192, -0.32809],
							"size": [0.25, 2.1875, 0.53186],
							"pivot": [-0.42123, 2.65625, 0],
							"rotation": [61.523, 21.1609, -9.2265],
							"uv": {
								"east": {"uv": [13, 7], "uv_size": [0.5, 2.25]}
							}
						},
						{
							"origin": [-1.13324, 0.17051, -0.21488],
							"size": [0.25, 2.1875, 0.53186],
							"inflate": 0.0005,
							"pivot": [-0.42123, 2.65625, 0],
							"rotation": [70.273, 21.1609, -9.2265],
							"uv": {
								"east": {"uv": [8, 13], "uv_size": [0.5, 2.25]}
							}
						},
						{
							"origin": [0.88324, 2.95308, -0.20377],
							"size": [0.25, 2.1875, 0.53186],
							"inflate": 0.0005,
							"pivot": [0.42123, 2.65625, 0],
							"rotation": [61.523, 21.1609, -9.2265],
							"uv": {
								"west": {"uv": [9, 13], "uv_size": [0.5, 2.25]}
							}
						},
						{
							"origin": [0.88324, 2.95449, -0.31697],
							"size": [0.25, 2.1875, 0.53186],
							"pivot": [0.42123, 2.65625, 0],
							"rotation": [70.273, 21.1609, -9.2265],
							"uv": {
								"west": {"uv": [10, 13], "uv_size": [0.5, 2.25]}
							}
						},
						{
							"origin": [0.88324, 0.17192, -0.32809],
							"size": [0.25, 2.1875, 0.53186],
							"inflate": 0.0005,
							"pivot": [0.42123, 2.65625, 0],
							"rotation": [61.523, -21.1609, 9.2265],
							"uv": {
								"west": {"uv": [13, 10], "uv_size": [0.5, 2.25]}
							}
						},
						{
							"origin": [0.88324, 0.17051, -0.21488],
							"size": [0.25, 2.1875, 0.53186],
							"pivot": [0.42123, 2.65625, 0],
							"rotation": [70.273, -21.1609, 9.2265],
							"uv": {
								"west": {"uv": [11, 13], "uv_size": [0.5, 2.25]}
							}
						},
						{
							"origin": [-0.15625, 2.60513, -1.46924],
							"size": [0.25, 2.1875, 0.53186],
							"pivot": [0.09375, 4.85513, -1.46924],
							"rotation": [25.3711, 8.5995, -21.4133],
							"uv": {
								"west": {"uv": [12, 13], "uv_size": [0.5, 2.25]}
							}
						},
						{
							"origin": [-0.15625, 3, -1.04779],
							"size": [0.25, 2.1875, 0.53186],
							"inflate": 0.0005,
							"pivot": [0.09375, 5.25, -0.51593],
							"rotation": [16.6211, 8.5995, -21.4133],
							"uv": {
								"west": {"uv": [13, 13], "uv_size": [0.5, 2.25]}
							}
						},
						{
							"origin": [0.88324, 0.17192, -0.20377],
							"size": [0.25, 2.1875, 0.53186],
							"pivot": [0.42123, 2.65625, 0],
							"rotation": [-61.523, 21.1609, 9.2265],
							"uv": {
								"west": {"uv": [2, 14], "uv_size": [0.5, 2.25]}
							}
						},
						{
							"origin": [0.88324, 0.17051, -0.31697],
							"size": [0.25, 2.1875, 0.53186],
							"inflate": 0.0005,
							"pivot": [0.42123, 2.65625, 0],
							"rotation": [-70.273, 21.1609, 9.2265],
							"uv": {
								"west": {"uv": [14, 4], "uv_size": [0.5, 2.25]}
							}
						},
						{
							"origin": [0.88324, 2.95308, -0.32809],
							"size": [0.25, 2.1875, 0.53186],
							"pivot": [0.42123, 2.65625, 0],
							"rotation": [-61.523, -21.1609, -9.2265],
							"uv": {
								"west": {"uv": [14, 7], "uv_size": [0.5, 2.25]}
							}
						},
						{
							"origin": [0.88324, 2.95449, -0.21488],
							"size": [0.25, 2.1875, 0.53186],
							"inflate": 0.0005,
							"pivot": [0.42123, 2.65625, 0],
							"rotation": [-70.273, -21.1609, -9.2265],
							"uv": {
								"west": {"uv": [14, 10], "uv_size": [0.5, 2.25]}
							}
						},
						{
							"origin": [-0.15625, 0.125, -1.04779],
							"size": [0.25, 2.1875, 0.53186],
							"pivot": [0.09375, 0.0625, -0.51593],
							"rotation": [-16.6211, 8.5995, 21.4133],
							"uv": {
								"west": {"uv": [14, 13], "uv_size": [0.5, 2.25]}
							}
						},
						{
							"origin": [-0.15625, 0.51987, -1.46924],
							"size": [0.25, 2.1875, 0.53186],
							"inflate": 0.0005,
							"pivot": [0.09375, 0.45737, -1.46924],
							"rotation": [-25.3711, 8.5995, 21.4133],
							"uv": {
								"west": {"uv": [0, 15], "uv_size": [0.5, 2.25]}
							}
						},
						{
							"origin": [-0.15625, 0.51987, 0.93738],
							"size": [0.25, 2.1875, 0.53186],
							"pivot": [0.09375, 0.45737, 1.46924],
							"rotation": [25.3711, -8.5995, 21.4133],
							"uv": {
								"west": {"uv": [15, 0], "uv_size": [0.5, 2.25]}
							}
						},
						{
							"origin": [-0.15625, 0.125, 0.51593],
							"size": [0.25, 2.1875, 0.53186],
							"inflate": 0.0005,
							"pivot": [0.09375, 0.0625, 0.51593],
							"rotation": [16.6211, -8.5995, 21.4133],
							"uv": {
								"west": {"uv": [3, 15], "uv_size": [0.5, 2.25]}
							}
						},
						{
							"origin": [-0.15625, 3, 0.51593],
							"size": [0.25, 2.1875, 0.53186],
							"pivot": [0.09375, 5.25, 0.51593],
							"rotation": [-16.6211, -8.5995, -21.4133],
							"uv": {
								"west": {"uv": [15, 4], "uv_size": [0.5, 2.25]}
							}
						},
						{
							"origin": [-0.15625, 2.60513, 0.93738],
							"size": [0.25, 2.1875, 0.53186],
							"inflate": 0.0005,
							"pivot": [0.09375, 4.85513, 1.46924],
							"rotation": [-25.3711, -8.5995, -21.4133],
							"uv": {
								"west": {"uv": [15, 7], "uv_size": [0.5, 2.25]}
							}
						},
						{
							"origin": [-0.96875, 2.40101, -2.71694],
							"size": [0.25, 0.51412, 2.15328],
							"pivot": [-0.96875, 2.91513, -0.625],
							"rotation": [-6.8038, -23.9625, 0],
							"uv": {
								"east": {"uv": [15, 10], "uv_size": [2.25, 0.5]}
							}
						},
						{
							"origin": [-0.96875, 2.39737, -2.71694],
							"size": [0.25, 0.51412, 2.15328],
							"inflate": 0.0005,
							"pivot": [-0.96875, 2.39737, -0.625],
							"rotation": [6.8038, -23.9625, 0],
							"uv": {
								"east": {"uv": [15, 11], "uv_size": [2.25, 0.5]}
							}
						},
						{
							"origin": [-0.96875, 2.39737, 0.56366],
							"size": [0.25, 0.51412, 2.15328],
							"pivot": [-0.96875, 2.39737, 0.625],
							"rotation": [-6.8038, 23.9625, 0],
							"uv": {
								"east": {"uv": [15, 12], "uv_size": [2.25, 0.5]}
							}
						},
						{
							"origin": [-0.96875, 2.40101, 0.56366],
							"size": [0.25, 0.51412, 2.15328],
							"inflate": 0.0005,
							"pivot": [-0.96875, 2.91513, 0.625],
							"rotation": [6.8038, 23.9625, 0],
							"uv": {
								"east": {"uv": [15, 13], "uv_size": [2.25, 0.5]}
							}
						},
						{
							"origin": [-0.96875, 4.56957, -0.625],
							"size": [0.0625, 0.4375, 0.21725],
							"inflate": 0.0005,
							"pivot": [-0.96875, 2.91513, -0.625],
							"rotation": [49.2252, -16.6894, 17.4464],
							"uv": {
								"east": {"uv": [1, 22], "uv_size": [0.25, 0.5]},
								"south": {"uv": [22, 1], "uv_size": [0.25, 0.5]},
								"up": {"uv": [2, 24], "uv_size": [0.25, 0.25]}
							}
						},
						{
							"origin": [-0.29379, 3.87324, -1.80522],
							"size": [0.0625, 0.25, 0.25],
							"pivot": [-0.26254, 3.99824, -1.68022],
							"rotation": [94.2252, -16.6894, 17.4464],
							"uv": {
								"east": {"uv": [24, 2], "uv_size": [0.25, 0.25]},
								"south": {"uv": [3, 24], "uv_size": [0.25, 0.25]},
								"up": {"uv": [24, 3], "uv_size": [0.25, 0.25]}
							}
						},
						{
							"origin": [-0.96875, 4.93569, -0.47613],
							"size": [0.0625, 0.4375, 0.21725],
							"inflate": 0.001,
							"pivot": [-0.96875, 3.28125, -0.25888],
							"rotation": [35.6176, -16.6894, 17.4464],
							"uv": {
								"north": {"uv": [2, 22], "uv_size": [0.25, 0.5]},
								"east": {"uv": [22, 2], "uv_size": [0.25, 0.5]},
								"up": {"uv": [4, 24], "uv_size": [0.25, 0.25]}
							}
						},
						{
							"origin": [-0.29379, 4.21147, -1.46699],
							"size": [0.0625, 0.25, 0.25],
							"pivot": [-0.26254, 4.33647, -1.34199],
							"rotation": [-9.3824, -16.6894, 17.4464],
							"uv": {
								"north": {"uv": [24, 4], "uv_size": [0.25, 0.25]},
								"east": {"uv": [5, 24], "uv_size": [0.25, 0.25]},
								"up": {"uv": [24, 5], "uv_size": [0.25, 0.25]}
							}
						},
						{
							"origin": [-0.96875, 3.21991, -0.72613],
							"size": [0.0625, 1.71578, 0.46725],
							"inflate": 0.001,
							"pivot": [-0.96875, 3.28125, -0.25888],
							"rotation": [35.6176, -16.6894, 17.4464],
							"uv": {
								"east": {"uv": [16, 4], "uv_size": [0.5, 1.75]},
								"up": {"uv": [3, 22], "uv_size": [0.25, 0.5]}
							}
						},
						{
							"origin": [-0.96875, 2.85379, -0.625],
							"size": [0.0625, 1.71578, 0.46725],
							"inflate": 0.0005,
							"pivot": [-0.96875, 2.91513, -0.625],
							"rotation": [49.2252, -16.6894, 17.4464],
							"uv": {
								"east": {"uv": [5, 16], "uv_size": [0.5, 1.75]},
								"up": {"uv": [22, 3], "uv_size": [0.25, 0.5]}
							}
						},
						{
							"origin": [-0.96875, 0.30543, -0.625],
							"size": [0.0625, 0.4375, 0.21725],
							"inflate": 0.001,
							"pivot": [-0.96875, 2.39737, -0.625],
							"rotation": [-49.2252, -16.6894, -17.4464],
							"uv": {
								"east": {"uv": [4, 22], "uv_size": [0.25, 0.5]},
								"south": {"uv": [22, 4], "uv_size": [0.25, 0.5]},
								"down": {"uv": [6, 24.25], "uv_size": [0.25, -0.25]}
							}
						},
						{
							"origin": [-0.29379, 1.18926, -1.80522],
							"size": [0.0625, 0.25, 0.25],
							"pivot": [-0.26254, 1.31426, -1.68022],
							"rotation": [-94.2252, -16.6894, -17.4464],
							"uv": {
								"east": {"uv": [24, 6], "uv_size": [0.25, 0.25]},
								"south": {"uv": [7, 24], "uv_size": [0.25, 0.25]},
								"down": {"uv": [24, 7.25], "uv_size": [0.25, -0.25]}
							}
						},
						{
							"origin": [-0.29379, 0.85103, -1.46699],
							"size": [0.0625, 0.25, 0.25],
							"pivot": [-0.26254, 0.97603, -1.34199],
							"rotation": [9.3824, -16.6894, -17.4464],
							"uv": {
								"north": {"uv": [8, 24], "uv_size": [0.25, 0.25]},
								"east": {"uv": [24, 8], "uv_size": [0.25, 0.25]},
								"down": {"uv": [9, 24.25], "uv_size": [0.25, -0.25]}
							}
						},
						{
							"origin": [-0.96875, -0.06069, -0.47613],
							"size": [0.0625, 0.4375, 0.21725],
							"inflate": 0.0005,
							"pivot": [-0.96875, 2.03125, -0.25888],
							"rotation": [-35.6176, -16.6894, -17.4464],
							"uv": {
								"north": {"uv": [5, 22], "uv_size": [0.25, 0.5]},
								"east": {"uv": [22, 5], "uv_size": [0.25, 0.5]},
								"down": {"uv": [24, 9.25], "uv_size": [0.25, -0.25]}
							}
						},
						{
							"origin": [-0.96875, 0.37681, -0.72613],
							"size": [0.0625, 1.71578, 0.46725],
							"inflate": 0.0005,
							"pivot": [-0.96875, 2.03125, -0.25888],
							"rotation": [-35.6176, -16.6894, -17.4464],
							"uv": {
								"east": {"uv": [6, 16], "uv_size": [0.5, 1.75]},
								"down": {"uv": [6, 22.5], "uv_size": [0.25, -0.5]}
							}
						},
						{
							"origin": [-0.96875, 0.74293, -0.625],
							"size": [0.0625, 1.71578, 0.46725],
							"inflate": 0.001,
							"pivot": [-0.96875, 2.39737, -0.625],
							"rotation": [-49.2252, -16.6894, -17.4464],
							"uv": {
								"east": {"uv": [16, 6], "uv_size": [0.5, 1.75]},
								"down": {"uv": [22, 6.5], "uv_size": [0.25, -0.5]}
							}
						},
						{
							"origin": [-0.96875, -0.06069, -0.25888],
							"size": [0.0625, 0.625, 0.13912],
							"inflate": 0.001,
							"pivot": [-0.96875, 2.03125, -0.25888],
							"rotation": [-6.8038, 0, -23.9625],
							"uv": {
								"east": {"uv": [20, 11], "uv_size": [0.25, 0.75]},
								"south": {"uv": [20, 12], "uv_size": [0.25, 0.75]},
								"down": {"uv": [10, 24.25], "uv_size": [0.25, -0.25]}
							}
						},
						{
							"origin": [-0.37317, 0.57282, -0.29453],
							"size": [0.0625, 0.25, 0.125],
							"pivot": [-0.34192, 0.69782, -0.29453],
							"rotation": [-51.8038, 0, -23.9625],
							"uv": {
								"east": {"uv": [24, 10], "uv_size": [0.25, 0.25]},
								"south": {"uv": [11, 24], "uv_size": [0.25, 0.25]},
								"down": {"uv": [24, 11.25], "uv_size": [0.25, -0.25]}
							}
						},
						{
							"origin": [-0.96875, -0.06069, 0.11976],
							"size": [0.0625, 0.625, 0.13912],
							"inflate": 0.0005,
							"pivot": [-0.96875, 2.03125, 0.25888],
							"rotation": [6.8038, 0, -23.9625],
							"uv": {
								"north": {"uv": [20, 13], "uv_size": [0.25, 0.75]},
								"east": {"uv": [20, 14], "uv_size": [0.25, 0.75]},
								"down": {"uv": [12, 24.25], "uv_size": [0.25, -0.25]}
							}
						},
						{
							"origin": [-0.96875, 0.56431, -0.19274],
							"size": [0.0625, 1.52828, 0.45162],
							"inflate": 0.0005,
							"pivot": [-0.96875, 2.03125, 0.25888],
							"rotation": [6.8038, 0, -23.9625],
							"uv": {
								"east": {"uv": [17, 16], "uv_size": [0.5, 1.5]},
								"down": {"uv": [7, 22.5], "uv_size": [0.25, -0.5]}
							}
						},
						{
							"origin": [-0.37317, 0.57282, 0.16953],
							"size": [0.0625, 0.25, 0.125],
							"pivot": [-0.34192, 0.69782, 0.29453],
							"rotation": [51.8038, 0, -23.9625],
							"uv": {
								"north": {"uv": [24, 12], "uv_size": [0.25, 0.25]},
								"east": {"uv": [13, 24], "uv_size": [0.25, 0.25]},
								"down": {"uv": [24, 13.25], "uv_size": [0.25, -0.25]}
							}
						},
						{
							"origin": [-0.96875, 0.56431, -0.25888],
							"size": [0.0625, 1.52828, 0.45162],
							"inflate": 0.001,
							"pivot": [-0.96875, 2.03125, -0.25888],
							"rotation": [-6.8038, 0, -23.9625],
							"uv": {
								"east": {"uv": [0, 18], "uv_size": [0.5, 1.5]},
								"down": {"uv": [22, 7.5], "uv_size": [0.25, -0.5]}
							}
						},
						{
							"origin": [-0.96875, 0.30543, 0.40775],
							"size": [0.0625, 0.4375, 0.21725],
							"inflate": 0.0005,
							"pivot": [-0.96875, 2.39737, 0.625],
							"rotation": [49.2252, 16.6894, -17.4464],
							"uv": {
								"north": {"uv": [8, 22], "uv_size": [0.25, 0.5]},
								"east": {"uv": [22, 8], "uv_size": [0.25, 0.5]},
								"down": {"uv": [14, 24.25], "uv_size": [0.25, -0.25]}
							}
						},
						{
							"origin": [-0.29379, 1.18926, 1.55522],
							"size": [0.0625, 0.25, 0.25],
							"pivot": [-0.26254, 1.31426, 1.68022],
							"rotation": [94.2252, 16.6894, -17.4464],
							"uv": {
								"north": {"uv": [24, 14], "uv_size": [0.25, 0.25]},
								"east": {"uv": [15, 24], "uv_size": [0.25, 0.25]},
								"down": {"uv": [24, 15.25], "uv_size": [0.25, -0.25]}
							}
						},
						{
							"origin": [-0.29379, 0.85103, 1.21699],
							"size": [0.0625, 0.25, 0.25],
							"pivot": [-0.26254, 0.97603, 1.34199],
							"rotation": [-9.3824, 16.6894, -17.4464],
							"uv": {
								"east": {"uv": [16, 24], "uv_size": [0.25, 0.25]},
								"south": {"uv": [24, 16], "uv_size": [0.25, 0.25]},
								"down": {"uv": [17, 24.25], "uv_size": [0.25, -0.25]}
							}
						},
						{
							"origin": [-0.96875, -0.06069, 0.25888],
							"size": [0.0625, 0.4375, 0.21725],
							"inflate": 0.001,
							"pivot": [-0.96875, 2.03125, 0.25888],
							"rotation": [35.6176, 16.6894, -17.4464],
							"uv": {
								"east": {"uv": [9, 22], "uv_size": [0.25, 0.5]},
								"south": {"uv": [22, 9], "uv_size": [0.25, 0.5]},
								"down": {"uv": [24, 17.25], "uv_size": [0.25, -0.25]}
							}
						},
						{
							"origin": [-0.96875, 0.37681, 0.25888],
							"size": [0.0625, 1.71578, 0.46725],
							"inflate": 0.001,
							"pivot": [-0.96875, 2.03125, 0.25888],
							"rotation": [35.6176, 16.6894, -17.4464],
							"uv": {
								"east": {"uv": [7, 16], "uv_size": [0.5, 1.75]},
								"down": {"uv": [10, 22.5], "uv_size": [0.25, -0.5]}
							}
						},
						{
							"origin": [-0.96875, 0.74293, 0.15775],
							"size": [0.0625, 1.71578, 0.46725],
							"inflate": 0.0005,
							"pivot": [-0.96875, 2.39737, 0.625],
							"rotation": [49.2252, 16.6894, -17.4464],
							"uv": {
								"east": {"uv": [8, 16], "uv_size": [0.5, 1.75]},
								"down": {"uv": [22, 10.5], "uv_size": [0.25, -0.5]}
							}
						},
						{
							"origin": [-0.96875, 4.93569, 0.25888],
							"size": [0.0625, 0.4375, 0.21725],
							"inflate": 0.0005,
							"pivot": [-0.96875, 3.28125, 0.25888],
							"rotation": [-35.6176, 16.6894, 17.4464],
							"uv": {
								"east": {"uv": [11, 22], "uv_size": [0.25, 0.5]},
								"south": {"uv": [22, 11], "uv_size": [0.25, 0.5]},
								"up": {"uv": [18, 24], "uv_size": [0.25, 0.25]}
							}
						},
						{
							"origin": [-0.29379, 4.21147, 1.21699],
							"size": [0.0625, 0.25, 0.25],
							"pivot": [-0.26254, 4.33647, 1.34199],
							"rotation": [9.3824, 16.6894, 17.4464],
							"uv": {
								"east": {"uv": [24, 18], "uv_size": [0.25, 0.25]},
								"south": {"uv": [19, 24], "uv_size": [0.25, 0.25]},
								"up": {"uv": [24, 19], "uv_size": [0.25, 0.25]}
							}
						},
						{
							"origin": [-0.29379, 3.87324, 1.55522],
							"size": [0.0625, 0.25, 0.25],
							"pivot": [-0.26254, 3.99824, 1.68022],
							"rotation": [-94.2252, 16.6894, 17.4464],
							"uv": {
								"north": {"uv": [20, 24], "uv_size": [0.25, 0.25]},
								"east": {"uv": [24, 20], "uv_size": [0.25, 0.25]},
								"up": {"uv": [21, 24], "uv_size": [0.25, 0.25]}
							}
						},
						{
							"origin": [-0.96875, 4.56957, 0.40775],
							"size": [0.0625, 0.4375, 0.21725],
							"inflate": 0.001,
							"pivot": [-0.96875, 2.91513, 0.625],
							"rotation": [-49.2252, 16.6894, 17.4464],
							"uv": {
								"north": {"uv": [12, 22], "uv_size": [0.25, 0.5]},
								"east": {"uv": [22, 12], "uv_size": [0.25, 0.5]},
								"up": {"uv": [24, 21], "uv_size": [0.25, 0.25]}
							}
						},
						{
							"origin": [-0.96875, 2.85379, 0.15775],
							"size": [0.0625, 1.71578, 0.46725],
							"inflate": 0.001,
							"pivot": [-0.96875, 2.91513, 0.625],
							"rotation": [-49.2252, 16.6894, 17.4464],
							"uv": {
								"east": {"uv": [16, 8], "uv_size": [0.5, 1.75]},
								"up": {"uv": [13, 22], "uv_size": [0.25, 0.5]}
							}
						},
						{
							"origin": [-0.96875, 3.21991, 0.25888],
							"size": [0.0625, 1.71578, 0.46725],
							"inflate": 0.0005,
							"pivot": [-0.96875, 3.28125, 0.25888],
							"rotation": [-35.6176, 16.6894, 17.4464],
							"uv": {
								"east": {"uv": [9, 16], "uv_size": [0.5, 1.75]},
								"up": {"uv": [22, 13], "uv_size": [0.25, 0.5]}
							}
						},
						{
							"origin": [-0.29379, 4.66827, 0.11417],
							"size": [0.0625, 0.25, 0.25],
							"pivot": [-0.26254, 4.79327, 0.23917],
							"rotation": [38.1962, 0, 23.9625],
							"uv": {
								"north": {"uv": [22, 24], "uv_size": [0.25, 0.25]},
								"east": {"uv": [24, 22], "uv_size": [0.25, 0.25]},
								"up": {"uv": [23, 24], "uv_size": [0.25, 0.25]}
							}
						},
						{
							"origin": [-0.29379, 4.66827, -0.36417],
							"size": [0.0625, 0.25, 0.25],
							"pivot": [-0.26254, 4.79327, -0.23917],
							"rotation": [-38.1962, 0, 23.9625],
							"uv": {
								"east": {"uv": [24, 23], "uv_size": [0.25, 0.25]},
								"south": {"uv": [24, 24], "uv_size": [0.25, 0.25]},
								"up": {"uv": [0, 25], "uv_size": [0.25, 0.25]}
							}
						},
						{
							"origin": [-0.96875, 4.93569, -0.25888],
							"size": [0.0625, 0.4375, 0.21725],
							"inflate": 0.0005,
							"pivot": [-0.96875, 3.28125, -0.25888],
							"rotation": [6.8038, 0, 23.9625],
							"uv": {
								"east": {"uv": [14, 22], "uv_size": [0.25, 0.5]},
								"south": {"uv": [22, 14], "uv_size": [0.25, 0.5]},
								"up": {"uv": [25, 0], "uv_size": [0.25, 0.25]}
							}
						},
						{
							"origin": [-0.96875, 4.93569, 0.04164],
							"size": [0.0625, 0.4375, 0.21725],
							"inflate": 0.001,
							"pivot": [-0.96875, 3.28125, 0.25888],
							"rotation": [-6.8038, 0, 23.9625],
							"uv": {
								"north": {"uv": [15, 22], "uv_size": [0.25, 0.5]},
								"east": {"uv": [22, 15], "uv_size": [0.25, 0.5]},
								"up": {"uv": [1, 25], "uv_size": [0.25, 0.25]}
							}
						},
						{
							"origin": [-0.96875, 3.21991, -0.20836],
							"size": [0.0625, 1.71578, 0.46725],
							"inflate": 0.001,
							"pivot": [-0.96875, 3.28125, 0.25888],
							"rotation": [-6.8038, 0, 23.9625],
							"uv": {
								"east": {"uv": [10, 16], "uv_size": [0.5, 1.75]},
								"up": {"uv": [16, 22], "uv_size": [0.25, 0.5]}
							}
						},
						{
							"origin": [-0.96875, 3.21991, -0.25888],
							"size": [0.0625, 1.71578, 0.46725],
							"inflate": 0.0005,
							"pivot": [-0.96875, 3.28125, -0.25888],
							"rotation": [6.8038, 0, 23.9625],
							"uv": {
								"east": {"uv": [11, 16], "uv_size": [0.5, 1.75]},
								"up": {"uv": [22, 16], "uv_size": [0.25, 0.5]}
							}
						},
						{
							"origin": [0.90625, -0.06069, -0.25888],
							"size": [0.0625, 0.625, 0.13912],
							"inflate": 0.0005,
							"pivot": [0.96875, 2.03125, -0.25888],
							"rotation": [-6.8038, 0, 23.9625],
							"uv": {
								"south": {"uv": [15, 20], "uv_size": [0.25, 0.75]},
								"west": {"uv": [20, 15], "uv_size": [0.25, 0.75]},
								"down": {"uv": [25, 1.25], "uv_size": [0.25, -0.25]}
							}
						},
						{
							"origin": [0.90625, 0.56431, -0.25888],
							"size": [0.0625, 1.52828, 0.45162],
							"inflate": 0.0005,
							"pivot": [0.96875, 2.03125, -0.25888],
							"rotation": [-6.8038, 0, 23.9625],
							"uv": {
								"west": {"uv": [1, 18], "uv_size": [0.5, 1.5]},
								"down": {"uv": [17, 22.5], "uv_size": [0.25, -0.5]}
							}
						},
						{
							"origin": [0.31067, 0.57282, -0.29453],
							"size": [0.0625, 0.25, 0.125],
							"pivot": [0.34192, 0.69782, -0.29453],
							"rotation": [-51.8038, 0, 23.9625],
							"uv": {
								"south": {"uv": [2, 25], "uv_size": [0.25, 0.25]},
								"west": {"uv": [25, 2], "uv_size": [0.25, 0.25]},
								"down": {"uv": [3, 25.25], "uv_size": [0.25, -0.25]}
							}
						},
						{
							"origin": [0.31067, 0.57282, 0.16953],
							"size": [0.0625, 0.25, 0.125],
							"pivot": [0.34192, 0.69782, 0.29453],
							"rotation": [51.8038, 0, 23.9625],
							"uv": {
								"north": {"uv": [25, 3], "uv_size": [0.25, 0.25]},
								"west": {"uv": [4, 25], "uv_size": [0.25, 0.25]},
								"down": {"uv": [25, 4.25], "uv_size": [0.25, -0.25]}
							}
						},
						{
							"origin": [0.90625, -0.06069, 0.11976],
							"size": [0.0625, 0.625, 0.13912],
							"inflate": 0.001,
							"pivot": [0.96875, 2.03125, 0.25888],
							"rotation": [6.8038, 0, 23.9625],
							"uv": {
								"north": {"uv": [16, 20], "uv_size": [0.25, 0.75]},
								"west": {"uv": [20, 16], "uv_size": [0.25, 0.75]},
								"down": {"uv": [5, 25.25], "uv_size": [0.25, -0.25]}
							}
						},
						{
							"origin": [0.90625, 0.56431, -0.19274],
							"size": [0.0625, 1.52828, 0.45162],
							"inflate": 0.001,
							"pivot": [0.96875, 2.03125, 0.25888],
							"rotation": [6.8038, 0, 23.9625],
							"uv": {
								"west": {"uv": [18, 2], "uv_size": [0.5, 1.5]},
								"down": {"uv": [22, 17.5], "uv_size": [0.25, -0.5]}
							}
						},
						{
							"origin": [0.23129, 4.66827, -0.36417],
							"size": [0.0625, 0.25, 0.25],
							"pivot": [0.26254, 4.79327, -0.23917],
							"rotation": [-38.1962, 0, -23.9625],
							"uv": {
								"south": {"uv": [25, 5], "uv_size": [0.25, 0.25]},
								"west": {"uv": [6, 25], "uv_size": [0.25, 0.25]},
								"up": {"uv": [25, 6], "uv_size": [0.25, 0.25]}
							}
						},
						{
							"origin": [0.90625, 4.93569, -0.25888],
							"size": [0.0625, 0.4375, 0.21725],
							"inflate": 0.001,
							"pivot": [0.96875, 3.28125, -0.25888],
							"rotation": [6.8038, 0, -23.9625],
							"uv": {
								"south": {"uv": [18, 22], "uv_size": [0.25, 0.5]},
								"west": {"uv": [22, 18], "uv_size": [0.25, 0.5]},
								"up": {"uv": [7, 25], "uv_size": [0.25, 0.25]}
							}
						},
						{
							"origin": [0.23129, 4.66827, 0.11417],
							"size": [0.0625, 0.25, 0.25],
							"pivot": [0.26254, 4.79327, 0.23917],
							"rotation": [38.1962, 0, -23.9625],
							"uv": {
								"north": {"uv": [25, 7], "uv_size": [0.25, 0.25]},
								"west": {"uv": [8, 25], "uv_size": [0.25, 0.25]},
								"up": {"uv": [25, 8], "uv_size": [0.25, 0.25]}
							}
						},
						{
							"origin": [0.90625, 4.93569, 0.04164],
							"size": [0.0625, 0.4375, 0.21725],
							"inflate": 0.0005,
							"pivot": [0.96875, 3.28125, 0.25888],
							"rotation": [-6.8038, 0, -23.9625],
							"uv": {
								"north": {"uv": [19, 22], "uv_size": [0.25, 0.5]},
								"west": {"uv": [22, 19], "uv_size": [0.25, 0.5]},
								"up": {"uv": [9, 25], "uv_size": [0.25, 0.25]}
							}
						},
						{
							"origin": [0.90625, 3.21991, -0.20836],
							"size": [0.0625, 1.71578, 0.46725],
							"inflate": 0.0005,
							"pivot": [0.96875, 3.28125, 0.25888],
							"rotation": [-6.8038, 0, -23.9625],
							"uv": {
								"west": {"uv": [12, 16], "uv_size": [0.5, 1.75]},
								"up": {"uv": [20, 22], "uv_size": [0.25, 0.5]}
							}
						},
						{
							"origin": [0.90625, 3.21991, -0.25888],
							"size": [0.0625, 1.71578, 0.46725],
							"inflate": 0.001,
							"pivot": [0.96875, 3.28125, -0.25888],
							"rotation": [6.8038, 0, -23.9625],
							"uv": {
								"west": {"uv": [13, 16], "uv_size": [0.5, 1.75]},
								"up": {"uv": [22, 20], "uv_size": [0.25, 0.5]}
							}
						},
						{
							"origin": [-0.96875, 2.03125, -0.25888],
							"size": [1.9375, 1.25, 0.51777],
							"inflate": -0.0005,
							"uv": {
								"east": {"uv": [3, 18], "uv_size": [0.5, 1.25]},
								"west": {"uv": [4, 18], "uv_size": [0.5, 1.25]}
							}
						},
						{
							"origin": [0.71875, 2.40101, -2.71694],
							"size": [0.25, 0.51412, 2.15328],
							"inflate": 0.0005,
							"pivot": [0.96875, 2.91513, -0.625],
							"rotation": [-6.8038, 23.9625, 0],
							"uv": {
								"west": {"uv": [15, 14], "uv_size": [2.25, 0.5]}
							}
						},
						{
							"origin": [0.71875, 2.39737, -2.71694],
							"size": [0.25, 0.51412, 2.15328],
							"pivot": [0.96875, 2.39737, -0.625],
							"rotation": [6.8038, 23.9625, 0],
							"uv": {
								"west": {"uv": [15, 15], "uv_size": [2.25, 0.5]}
							}
						},
						{
							"origin": [0.23129, 1.18926, 1.55522],
							"size": [0.0625, 0.25, 0.25],
							"pivot": [0.26254, 1.31426, 1.68022],
							"rotation": [94.2252, -16.6894, 17.4464],
							"uv": {
								"north": {"uv": [25, 9], "uv_size": [0.25, 0.25]},
								"west": {"uv": [10, 25], "uv_size": [0.25, 0.25]},
								"down": {"uv": [25, 10.25], "uv_size": [0.25, -0.25]}
							}
						},
						{
							"origin": [0.90625, 0.30543, 0.40775],
							"size": [0.0625, 0.4375, 0.21725],
							"inflate": 0.001,
							"pivot": [0.96875, 2.39737, 0.625],
							"rotation": [49.2252, -16.6894, 17.4464],
							"uv": {
								"north": {"uv": [21, 22], "uv_size": [0.25, 0.5]},
								"west": {"uv": [22, 21], "uv_size": [0.25, 0.5]},
								"down": {"uv": [11, 25.25], "uv_size": [0.25, -0.25]}
							}
						},
						{
							"origin": [0.90625, -0.06069, 0.25888],
							"size": [0.0625, 0.4375, 0.21725],
							"inflate": 0.0005,
							"pivot": [0.96875, 2.03125, 0.25888],
							"rotation": [35.6176, -16.6894, 17.4464],
							"uv": {
								"south": {"uv": [22, 22], "uv_size": [0.25, 0.5]},
								"west": {"uv": [0, 23], "uv_size": [0.25, 0.5]},
								"down": {"uv": [25, 11.25], "uv_size": [0.25, -0.25]}
							}
						},
						{
							"origin": [0.23129, 0.85103, 1.21699],
							"size": [0.0625, 0.25, 0.25],
							"pivot": [0.26254, 0.97603, 1.34199],
							"rotation": [-9.3824, -16.6894, 17.4464],
							"uv": {
								"south": {"uv": [12, 25], "uv_size": [0.25, 0.25]},
								"west": {"uv": [25, 12], "uv_size": [0.25, 0.25]},
								"down": {"uv": [13, 25.25], "uv_size": [0.25, -0.25]}
							}
						},
						{
							"origin": [0.90625, 0.37681, 0.25888],
							"size": [0.0625, 1.71578, 0.46725],
							"inflate": 0.0005,
							"pivot": [0.96875, 2.03125, 0.25888],
							"rotation": [35.6176, -16.6894, 17.4464],
							"uv": {
								"west": {"uv": [14, 16], "uv_size": [0.5, 1.75]},
								"down": {"uv": [23, 0.5], "uv_size": [0.25, -0.5]}
							}
						},
						{
							"origin": [0.90625, 0.74293, 0.15775],
							"size": [0.0625, 1.71578, 0.46725],
							"inflate": 0.001,
							"pivot": [0.96875, 2.39737, 0.625],
							"rotation": [49.2252, -16.6894, 17.4464],
							"uv": {
								"west": {"uv": [15, 16], "uv_size": [0.5, 1.75]},
								"down": {"uv": [1, 23.5], "uv_size": [0.25, -0.5]}
							}
						},
						{
							"origin": [0.23129, 4.21147, 1.21699],
							"size": [0.0625, 0.25, 0.25],
							"pivot": [0.26254, 4.33647, 1.34199],
							"rotation": [9.3824, -16.6894, -17.4464],
							"uv": {
								"south": {"uv": [25, 13], "uv_size": [0.25, 0.25]},
								"west": {"uv": [14, 25], "uv_size": [0.25, 0.25]},
								"up": {"uv": [25, 14], "uv_size": [0.25, 0.25]}
							}
						},
						{
							"origin": [0.90625, 4.56957, 0.40775],
							"size": [0.0625, 0.4375, 0.21725],
							"inflate": 0.0005,
							"pivot": [0.96875, 2.91513, 0.625],
							"rotation": [-49.2252, -16.6894, -17.4464],
							"uv": {
								"north": {"uv": [23, 1], "uv_size": [0.25, 0.5]},
								"west": {"uv": [2, 23], "uv_size": [0.25, 0.5]},
								"up": {"uv": [15, 25], "uv_size": [0.25, 0.25]}
							}
						},
						{
							"origin": [0.23129, 3.87324, 1.55522],
							"size": [0.0625, 0.25, 0.25],
							"pivot": [0.26254, 3.99824, 1.68022],
							"rotation": [-94.2252, -16.6894, -17.4464],
							"uv": {
								"north": {"uv": [25, 15], "uv_size": [0.25, 0.25]},
								"west": {"uv": [16, 25], "uv_size": [0.25, 0.25]},
								"up": {"uv": [25, 16], "uv_size": [0.25, 0.25]}
							}
						},
						{
							"origin": [0.90625, 2.85379, 0.15775],
							"size": [0.0625, 1.71578, 0.46725],
							"inflate": 0.0005,
							"pivot": [0.96875, 2.91513, 0.625],
							"rotation": [-49.2252, -16.6894, -17.4464],
							"uv": {
								"west": {"uv": [16, 16], "uv_size": [0.5, 1.75]},
								"up": {"uv": [23, 2], "uv_size": [0.25, 0.5]}
							}
						},
						{
							"origin": [0.90625, 3.21991, 0.25888],
							"size": [0.0625, 1.71578, 0.46725],
							"inflate": 0.001,
							"pivot": [0.96875, 3.28125, 0.25888],
							"rotation": [-35.6176, -16.6894, -17.4464],
							"uv": {
								"west": {"uv": [2, 17], "uv_size": [0.5, 1.75]},
								"up": {"uv": [3, 23], "uv_size": [0.25, 0.5]}
							}
						},
						{
							"origin": [0.90625, 4.93569, 0.25888],
							"size": [0.0625, 0.4375, 0.21725],
							"inflate": 0.001,
							"pivot": [0.96875, 3.28125, 0.25888],
							"rotation": [-35.6176, -16.6894, -17.4464],
							"uv": {
								"south": {"uv": [23, 3], "uv_size": [0.25, 0.5]},
								"west": {"uv": [4, 23], "uv_size": [0.25, 0.5]},
								"up": {"uv": [17, 25], "uv_size": [0.25, 0.25]}
							}
						},
						{
							"origin": [0.23129, 0.85103, -1.46699],
							"size": [0.0625, 0.25, 0.25],
							"pivot": [0.26254, 0.97603, -1.34199],
							"rotation": [9.3824, 16.6894, 17.4464],
							"uv": {
								"north": {"uv": [25, 17], "uv_size": [0.25, 0.25]},
								"west": {"uv": [18, 25], "uv_size": [0.25, 0.25]},
								"down": {"uv": [25, 18.25], "uv_size": [0.25, -0.25]}
							}
						},
						{
							"origin": [0.90625, 0.30543, -0.625],
							"size": [0.0625, 0.4375, 0.21725],
							"inflate": 0.0005,
							"pivot": [0.96875, 2.39737, -0.625],
							"rotation": [-49.2252, 16.6894, 17.4464],
							"uv": {
								"south": {"uv": [23, 4], "uv_size": [0.25, 0.5]},
								"west": {"uv": [5, 23], "uv_size": [0.25, 0.5]},
								"down": {"uv": [19, 25.25], "uv_size": [0.25, -0.25]}
							}
						},
						{
							"origin": [0.23129, 1.18926, -1.80522],
							"size": [0.0625, 0.25, 0.25],
							"pivot": [0.26254, 1.31426, -1.68022],
							"rotation": [-94.2252, 16.6894, 17.4464],
							"uv": {
								"south": {"uv": [25, 19], "uv_size": [0.25, 0.25]},
								"west": {"uv": [20, 25], "uv_size": [0.25, 0.25]},
								"down": {"uv": [25, 20.25], "uv_size": [0.25, -0.25]}
							}
						},
						{
							"origin": [0.90625, -0.06069, -0.47613],
							"size": [0.0625, 0.4375, 0.21725],
							"inflate": 0.001,
							"pivot": [0.96875, 2.03125, -0.25888],
							"rotation": [-35.6176, 16.6894, 17.4464],
							"uv": {
								"north": {"uv": [23, 5], "uv_size": [0.25, 0.5]},
								"west": {"uv": [6, 23], "uv_size": [0.25, 0.5]},
								"down": {"uv": [21, 25.25], "uv_size": [0.25, -0.25]}
							}
						},
						{
							"origin": [0.90625, 0.74293, -0.625],
							"size": [0.0625, 1.71578, 0.46725],
							"inflate": 0.0005,
							"pivot": [0.96875, 2.39737, -0.625],
							"rotation": [-49.2252, 16.6894, 17.4464],
							"uv": {
								"west": {"uv": [17, 2], "uv_size": [0.5, 1.75]},
								"down": {"uv": [23, 6.5], "uv_size": [0.25, -0.5]}
							}
						},
						{
							"origin": [0.90625, 0.37681, -0.72613],
							"size": [0.0625, 1.71578, 0.46725],
							"inflate": 0.001,
							"pivot": [0.96875, 2.03125, -0.25888],
							"rotation": [-35.6176, 16.6894, 17.4464],
							"uv": {
								"west": {"uv": [17, 4], "uv_size": [0.5, 1.75]},
								"down": {"uv": [7, 23.5], "uv_size": [0.25, -0.5]}
							}
						},
						{
							"origin": [0.23129, 3.87324, -1.80522],
							"size": [0.0625, 0.25, 0.25],
							"pivot": [0.26254, 3.99824, -1.68022],
							"rotation": [94.2252, 16.6894, -17.4464],
							"uv": {
								"south": {"uv": [25, 21], "uv_size": [0.25, 0.25]},
								"west": {"uv": [22, 25], "uv_size": [0.25, 0.25]},
								"up": {"uv": [25, 22], "uv_size": [0.25, 0.25]}
							}
						},
						{
							"origin": [0.90625, 4.56957, -0.625],
							"size": [0.0625, 0.4375, 0.21725],
							"inflate": 0.001,
							"pivot": [0.96875, 2.91513, -0.625],
							"rotation": [49.2252, 16.6894, -17.4464],
							"uv": {
								"south": {"uv": [23, 7], "uv_size": [0.25, 0.5]},
								"west": {"uv": [8, 23], "uv_size": [0.25, 0.5]},
								"up": {"uv": [23, 25], "uv_size": [0.25, 0.25]}
							}
						},
						{
							"origin": [0.90625, 2.85379, -0.625],
							"size": [0.0625, 1.71578, 0.46725],
							"inflate": 0.001,
							"pivot": [0.96875, 2.91513, -0.625],
							"rotation": [49.2252, 16.6894, -17.4464],
							"uv": {
								"west": {"uv": [17, 6], "uv_size": [0.5, 1.75]},
								"up": {"uv": [23, 8], "uv_size": [0.25, 0.5]}
							}
						},
						{
							"origin": [0.23129, 4.21147, -1.46699],
							"size": [0.0625, 0.25, 0.25],
							"pivot": [0.26254, 4.33647, -1.34199],
							"rotation": [-9.3824, 16.6894, -17.4464],
							"uv": {
								"north": {"uv": [25, 23], "uv_size": [0.25, 0.25]},
								"west": {"uv": [24, 25], "uv_size": [0.25, 0.25]},
								"up": {"uv": [25, 24], "uv_size": [0.25, 0.25]}
							}
						},
						{
							"origin": [0.90625, 4.93569, -0.47613],
							"size": [0.0625, 0.4375, 0.21725],
							"inflate": 0.0005,
							"pivot": [0.96875, 3.28125, -0.25888],
							"rotation": [35.6176, 16.6894, -17.4464],
							"uv": {
								"north": {"uv": [9, 23], "uv_size": [0.25, 0.5]},
								"west": {"uv": [23, 9], "uv_size": [0.25, 0.5]},
								"up": {"uv": [25, 25], "uv_size": [0.25, 0.25]}
							}
						},
						{
							"origin": [0.90625, 3.21991, -0.72613],
							"size": [0.0625, 1.71578, 0.46725],
							"inflate": 0.0005,
							"pivot": [0.96875, 3.28125, -0.25888],
							"rotation": [35.6176, 16.6894, -17.4464],
							"uv": {
								"west": {"uv": [17, 8], "uv_size": [0.5, 1.75]},
								"up": {"uv": [10, 23], "uv_size": [0.25, 0.5]}
							}
						},
						{
							"origin": [-0.96875, 2.03125, -0.25888],
							"size": [1.9375, 1.25, 0.51777],
							"inflate": -0.001,
							"pivot": [-0.0625, 2.65625, 0],
							"rotation": [-45, 0, 0],
							"uv": {
								"east": {"uv": [18, 4], "uv_size": [0.5, 1.25]},
								"west": {"uv": [5, 18], "uv_size": [0.5, 1.25]}
							}
						},
						{
							"origin": [0.71875, 2.39737, 0.56366],
							"size": [0.25, 0.51412, 2.15328],
							"inflate": 0.0005,
							"pivot": [0.96875, 2.39737, 0.625],
							"rotation": [-6.8038, -23.9625, 0],
							"uv": {
								"west": {"uv": [16, 0], "uv_size": [2.25, 0.5]}
							}
						},
						{
							"origin": [0.71875, 2.40101, 0.56366],
							"size": [0.25, 0.51412, 2.15328],
							"pivot": [0.96875, 2.91513, 0.625],
							"rotation": [6.8038, -23.9625, 0],
							"uv": {
								"west": {"uv": [16, 1], "uv_size": [2.25, 0.5]}
							}
						},
						{
							"origin": [-0.96875, 2.39737, -0.625],
							"size": [1.9375, 0.51777, 1.25],
							"uv": {
								"east": {"uv": [6, 18], "uv_size": [1.25, 0.5]},
								"west": {"uv": [18, 6], "uv_size": [1.25, 0.5]}
							}
						},
						{
							"origin": [-0.96875, 2.39737, -0.625],
							"size": [1.9375, 0.51777, 1.25],
							"inflate": -0.001,
							"pivot": [-0.0625, 2.65625, 0],
							"rotation": [-45, 0, 0],
							"uv": {
								"east": {"uv": [18, 7], "uv_size": [1.25, 0.5]},
								"west": {"uv": [8, 18], "uv_size": [1.25, 0.5]}
							}
						},
						{
							"origin": [-0.125, 5, -0.51593],
							"size": [0.25, 0.25, 1.03186],
							"pivot": [0, 2.65625, 0],
							"rotation": [-22.5, 0, 0],
							"uv": {
								"north": {"uv": [0, 26], "uv_size": [0.25, 0.25]},
								"east": {"uv": [19, 9], "uv_size": [1, 0.25]},
								"south": {"uv": [26, 0], "uv_size": [0.25, 0.25]},
								"west": {"uv": [19, 10], "uv_size": [1, 0.25]},
								"up": {"uv": [19, 11], "uv_size": [0.25, 1]},
								"down": {"uv": [19, 13], "uv_size": [0.25, -1]}
							}
						},
						{
							"origin": [-0.125, 3, -0.51593],
							"size": [0.25, 2.25, 0.23438],
							"uv": {
								"north": {"uv": [18, 8], "uv_size": [0.25, 2.25]},
								"east": {"uv": [10, 18], "uv_size": [0.25, 2.25]},
								"south": {"uv": [11, 18], "uv_size": [0.25, 2.25]},
								"west": {"uv": [18, 11], "uv_size": [0.25, 2.25]},
								"up": {"uv": [1, 26], "uv_size": [0.25, 0.25]},
								"down": {"uv": [26, 1.25], "uv_size": [0.25, -0.25]}
							}
						},
						{
							"origin": [-0.125, 3, 0.28155],
							"size": [0.25, 2.25, 0.23438],
							"uv": {
								"north": {"uv": [12, 18], "uv_size": [0.25, 2.25]},
								"east": {"uv": [13, 18], "uv_size": [0.25, 2.25]},
								"south": {"uv": [14, 18], "uv_size": [0.25, 2.25]},
								"west": {"uv": [18, 14], "uv_size": [0.25, 2.25]},
								"up": {"uv": [2, 26], "uv_size": [0.25, 0.25]},
								"down": {"uv": [26, 2.25], "uv_size": [0.25, -0.25]}
							}
						},
						{
							"origin": [-0.125, 5, -0.51593],
							"size": [0.25, 0.25, 1.03186],
							"pivot": [0, 2.65625, 0],
							"rotation": [22.5, 0, 0],
							"uv": {
								"north": {"uv": [3, 26], "uv_size": [0.25, 0.25]},
								"east": {"uv": [19, 13], "uv_size": [1, 0.25]},
								"south": {"uv": [26, 3], "uv_size": [0.25, 0.25]},
								"west": {"uv": [19, 14], "uv_size": [1, 0.25]},
								"up": {"uv": [15, 19], "uv_size": [0.25, 1]},
								"down": {"uv": [19, 16], "uv_size": [0.25, -1]}
							}
						},
						{
							"origin": [-0.125, 0.0625, -0.51593],
							"size": [0.25, 0.25, 1.03186],
							"pivot": [0, 2.65625, 0],
							"rotation": [-22.5, 0, 0],
							"uv": {
								"north": {"uv": [4, 26], "uv_size": [0.25, 0.25]},
								"east": {"uv": [16, 19], "uv_size": [1, 0.25]},
								"south": {"uv": [26, 4], "uv_size": [0.25, 0.25]},
								"west": {"uv": [19, 16], "uv_size": [1, 0.25]},
								"up": {"uv": [17, 19], "uv_size": [0.25, 1]},
								"down": {"uv": [19, 18], "uv_size": [0.25, -1]}
							}
						},
						{
							"origin": [-0.125, 0.0625, -0.51532],
							"size": [0.25, 0.75, 0.15625],
							"uv": {
								"north": {"uv": [17, 20], "uv_size": [0.25, 0.75]},
								"east": {"uv": [20, 17], "uv_size": [0.25, 0.75]},
								"south": {"uv": [18, 20], "uv_size": [0.25, 0.75]},
								"west": {"uv": [20, 18], "uv_size": [0.25, 0.75]},
								"up": {"uv": [5, 26], "uv_size": [0.25, 0.25]},
								"down": {"uv": [26, 5.25], "uv_size": [0.25, -0.25]}
							}
						},
						{
							"origin": [-0.125, 0.0625, 0.35968],
							"size": [0.25, 0.75, 0.15625],
							"uv": {
								"north": {"uv": [19, 20], "uv_size": [0.25, 0.75]},
								"east": {"uv": [20, 19], "uv_size": [0.25, 0.75]},
								"south": {"uv": [20, 20], "uv_size": [0.25, 0.75]},
								"west": {"uv": [0, 21], "uv_size": [0.25, 0.75]},
								"up": {"uv": [6, 26], "uv_size": [0.25, 0.25]},
								"down": {"uv": [26, 6.25], "uv_size": [0.25, -0.25]}
							}
						},
						{
							"origin": [-0.125, 0.0625, -0.51593],
							"size": [0.25, 0.25, 1.03186],
							"pivot": [0, 2.65625, 0],
							"rotation": [22.5, 0, 0],
							"uv": {
								"north": {"uv": [7, 26], "uv_size": [0.25, 0.25]},
								"east": {"uv": [18, 19], "uv_size": [1, 0.25]},
								"south": {"uv": [26, 7], "uv_size": [0.25, 0.25]},
								"west": {"uv": [19, 18], "uv_size": [1, 0.25]},
								"up": {"uv": [19, 19], "uv_size": [0.25, 1]},
								"down": {"uv": [0, 21], "uv_size": [0.25, -1]}
							}
						},
						{
							"origin": [-0.125, 2.14032, 2.34375],
							"size": [0.25, 1.03186, 0.25],
							"pivot": [0, 2.65625, 0],
							"rotation": [-22.5, 0, 0],
							"uv": {
								"north": {"uv": [20, 0], "uv_size": [0.25, 1]},
								"east": {"uv": [1, 20], "uv_size": [0.25, 1]},
								"south": {"uv": [20, 1], "uv_size": [0.25, 1]},
								"west": {"uv": [2, 20], "uv_size": [0.25, 1]},
								"up": {"uv": [8, 26], "uv_size": [0.25, 0.25]},
								"down": {"uv": [26, 8.25], "uv_size": [0.25, -0.25]}
							}
						},
						{
							"origin": [-0.125, 2.14032, 2.34375],
							"size": [0.25, 1.03186, 0.25],
							"uv": {
								"north": {"uv": [20, 2], "uv_size": [0.25, 1]},
								"east": {"uv": [3, 20], "uv_size": [0.25, 1]},
								"south": {"uv": [20, 3], "uv_size": [0.25, 1]},
								"west": {"uv": [4, 20], "uv_size": [0.25, 1]},
								"up": {"uv": [9, 26], "uv_size": [0.25, 0.25]},
								"down": {"uv": [26, 9.25], "uv_size": [0.25, -0.25]}
							}
						},
						{
							"origin": [-0.125, 2.14032, 2.34375],
							"size": [0.25, 1.03186, 0.25],
							"pivot": [0, 2.65625, 0],
							"rotation": [22.5, 0, 0],
							"uv": {
								"north": {"uv": [20, 4], "uv_size": [0.25, 1]},
								"east": {"uv": [5, 20], "uv_size": [0.25, 1]},
								"south": {"uv": [20, 5], "uv_size": [0.25, 1]},
								"west": {"uv": [6, 20], "uv_size": [0.25, 1]},
								"up": {"uv": [10, 26], "uv_size": [0.25, 0.25]},
								"down": {"uv": [26, 10.25], "uv_size": [0.25, -0.25]}
							}
						},
						{
							"origin": [-0.125, 2.14032, -2.59375],
							"size": [0.25, 0.23438, 5.1875],
							"pivot": [0, 2.65625, 0],
							"rotation": [45, 0, 0],
							"uv": {
								"north": {"uv": [11, 26], "uv_size": [0.25, 0.25]},
								"east": {"uv": [1, 6], "uv_size": [5.25, 0.25]},
								"south": {"uv": [26, 11], "uv_size": [0.25, 0.25]},
								"west": {"uv": [7, 0], "uv_size": [5.25, 0.25]},
								"up": {"uv": [1, 7], "uv_size": [0.25, 5.25]},
								"down": {"uv": [7, 6.25], "uv_size": [0.25, -5.25]}
							}
						},
						{
							"origin": [-0.125, 2.9378, -2.59375],
							"size": [0.25, 0.23438, 5.1875],
							"pivot": [0, 2.65625, 0],
							"rotation": [45, 0, 0],
							"uv": {
								"north": {"uv": [12, 26], "uv_size": [0.25, 0.25]},
								"east": {"uv": [2, 7], "uv_size": [5.25, 0.25]},
								"south": {"uv": [26, 12], "uv_size": [0.25, 0.25]},
								"west": {"uv": [8, 1], "uv_size": [5.25, 0.25]},
								"up": {"uv": [2, 8], "uv_size": [0.25, 5.25]},
								"down": {"uv": [8, 7.25], "uv_size": [0.25, -5.25]}
							}
						},
						{
							"origin": [-0.125, 2.9378, -2.59375],
							"size": [0.25, 0.23438, 5.1875],
							"pivot": [0, 2.65625, 0],
							"rotation": [-45, 0, 0],
							"uv": {
								"north": {"uv": [13, 26], "uv_size": [0.25, 0.25]},
								"east": {"uv": [3, 8], "uv_size": [5.25, 0.25]},
								"south": {"uv": [26, 13], "uv_size": [0.25, 0.25]},
								"west": {"uv": [9, 2], "uv_size": [5.25, 0.25]},
								"up": {"uv": [3, 9], "uv_size": [0.25, 5.25]},
								"down": {"uv": [9, 8.25], "uv_size": [0.25, -5.25]}
							}
						},
						{
							"origin": [-0.125, 2.14032, -2.59375],
							"size": [0.25, 0.23438, 5.1875],
							"pivot": [0, 2.65625, 0],
							"rotation": [-45, 0, 0],
							"uv": {
								"north": {"uv": [14, 26], "uv_size": [0.25, 0.25]},
								"east": {"uv": [4, 9], "uv_size": [5.25, 0.25]},
								"south": {"uv": [26, 14], "uv_size": [0.25, 0.25]},
								"west": {"uv": [10, 3], "uv_size": [5.25, 0.25]},
								"up": {"uv": [4, 10], "uv_size": [0.25, 5.25]},
								"down": {"uv": [10, 9.25], "uv_size": [0.25, -5.25]}
							}
						},
						{
							"origin": [-0.125, 2.14032, -2.59375],
							"size": [0.25, 1.03186, 0.25],
							"pivot": [0, 2.65625, 0],
							"rotation": [-22.5, 0, 0],
							"uv": {
								"north": {"uv": [20, 6], "uv_size": [0.25, 1]},
								"east": {"uv": [7, 20], "uv_size": [0.25, 1]},
								"south": {"uv": [20, 7], "uv_size": [0.25, 1]},
								"west": {"uv": [8, 20], "uv_size": [0.25, 1]},
								"up": {"uv": [15, 26], "uv_size": [0.25, 0.25]},
								"down": {"uv": [26, 15.25], "uv_size": [0.25, -0.25]}
							}
						},
						{
							"origin": [-0.125, 2.14032, -2.59375],
							"size": [0.25, 1.03186, 0.25],
							"uv": {
								"north": {"uv": [20, 8], "uv_size": [0.25, 1]},
								"east": {"uv": [9, 20], "uv_size": [0.25, 1]},
								"south": {"uv": [20, 9], "uv_size": [0.25, 1]},
								"west": {"uv": [20, 10], "uv_size": [0.25, 1]},
								"up": {"uv": [16, 26], "uv_size": [0.25, 0.25]},
								"down": {"uv": [26, 16.25], "uv_size": [0.25, -0.25]}
							}
						}
					]
				},
				{
					"name": "safety",
					"parent": "body",
					"pivot": [0, 5.375, 0],
					"cubes": [
						{
							"origin": [-0.15089, 5.375, 0.47411],
							"size": [0.21339, 0.125, 0.21339],
							"pivot": [0.0625, 5.5, 0.5],
							"rotation": [-39.08536, 1.2326, -22.14005],
							"uv": {
								"north": {"uv": [23, 10], "uv_size": [0.25, 0.25]},
								"east": {"uv": [11, 23], "uv_size": [0.25, 0.25]},
								"south": {"uv": [23, 11], "uv_size": [0.25, 0.25]},
								"west": {"uv": [12, 23], "uv_size": [0.25, 0.25]},
								"up": {"uv": [23, 12], "uv_size": [0.25, 0.25]},
								"down": {"uv": [13, 23.25], "uv_size": [0.25, -0.25]}
							}
						},
						{
							"origin": [-0.0625, 5.375, -0.4375],
							"size": [0.125, 0.125, 0.90625],
							"uv": {
								"north": {"uv": [23, 13], "uv_size": [0.25, 0.25]},
								"east": {"uv": [13, 0], "uv_size": [1, 0.25]},
								"south": {"uv": [14, 23], "uv_size": [0.25, 0.25]},
								"west": {"uv": [15, 18], "uv_size": [1, 0.25]},
								"up": {"uv": [16, 18], "uv_size": [0.25, 1]},
								"down": {"uv": [17, 19], "uv_size": [0.25, -1]}
							}
						},
						{
							"origin": [-0.0625, 5.4375, -1],
							"size": [0.125, 0.0625, 0.57813],
							"pivot": [0.1875, 5.5, -0.4375],
							"rotation": [-15, 0, 0],
							"uv": {
								"north": {"uv": [23, 14], "uv_size": [0.25, 0.25]},
								"east": {"uv": [21, 0], "uv_size": [0.5, 0.25]},
								"south": {"uv": [15, 23], "uv_size": [0.25, 0.25]},
								"west": {"uv": [1, 21], "uv_size": [0.5, 0.25]},
								"up": {"uv": [21, 1], "uv_size": [0.25, 0.5]},
								"down": {"uv": [2, 21.5], "uv_size": [0.25, -0.5]}
							}
						},
						{
							"origin": [-0.0625, 5.375, -1],
							"size": [0.125, 0.0625, 0.57813],
							"pivot": [0.1875, 5.375, -0.4375],
							"rotation": [15, 0, 0],
							"uv": {
								"north": {"uv": [23, 15], "uv_size": [0.25, 0.25]},
								"east": {"uv": [21, 2], "uv_size": [0.5, 0.25]},
								"south": {"uv": [16, 23], "uv_size": [0.25, 0.25]},
								"west": {"uv": [3, 21], "uv_size": [0.5, 0.25]},
								"up": {"uv": [21, 3], "uv_size": [0.25, 0.5]},
								"down": {"uv": [4, 21.5], "uv_size": [0.25, -0.5]}
							}
						}
					]
				},
				{
					"name": "ring",
					"parent": "safety",
					"pivot": [0, 5.375, 0.5625],
					"rotation": [0, -10, -35],
					"cubes": [
						{
							"origin": [-0.0625, 4.62684, 0.3125],
							"size": [0.125, 0.62132, 0.125],
							"pivot": [0, 4.9375, 1.0625],
							"rotation": [-45, 0, 0],
							"uv": {
								"north": {"uv": [21, 4], "uv_size": [0.25, 0.5]},
								"east": {"uv": [5, 21], "uv_size": [0.25, 0.5]},
								"south": {"uv": [21, 5], "uv_size": [0.25, 0.5]},
								"west": {"uv": [6, 21], "uv_size": [0.25, 0.5]},
								"up": {"uv": [23, 16], "uv_size": [0.25, 0.25]},
								"down": {"uv": [17, 23.25], "uv_size": [0.25, -0.25]}
							}
						},
						{
							"origin": [-0.0625, 4.62684, 0.3125],
							"size": [0.125, 0.62132, 0.125],
							"uv": {
								"north": {"uv": [21, 6], "uv_size": [0.25, 0.5]},
								"east": {"uv": [7, 21], "uv_size": [0.25, 0.5]},
								"south": {"uv": [21, 7], "uv_size": [0.25, 0.5]},
								"west": {"uv": [8, 21], "uv_size": [0.25, 0.5]},
								"up": {"uv": [23, 17], "uv_size": [0.25, 0.25]},
								"down": {"uv": [18, 23.25], "uv_size": [0.25, -0.25]}
							}
						},
						{
							"origin": [-0.0625, 4.62684, 1.6875],
							"size": [0.125, 0.62132, 0.125],
							"pivot": [0, 4.9375, 1.0625],
							"rotation": [-45, 0, 0],
							"uv": {
								"north": {"uv": [21, 8], "uv_size": [0.25, 0.5]},
								"east": {"uv": [9, 21], "uv_size": [0.25, 0.5]},
								"south": {"uv": [21, 9], "uv_size": [0.25, 0.5]},
								"west": {"uv": [10, 21], "uv_size": [0.25, 0.5]},
								"up": {"uv": [23, 18], "uv_size": [0.25, 0.25]},
								"down": {"uv": [19, 23.25], "uv_size": [0.25, -0.25]}
							}
						},
						{
							"origin": [-0.0625, 4.62684, 1.6875],
							"size": [0.125, 0.62132, 0.125],
							"uv": {
								"north": {"uv": [21, 10], "uv_size": [0.25, 0.5]},
								"east": {"uv": [11, 21], "uv_size": [0.25, 0.5]},
								"south": {"uv": [21, 11], "uv_size": [0.25, 0.5]},
								"west": {"uv": [12, 21], "uv_size": [0.25, 0.5]},
								"up": {"uv": [23, 19], "uv_size": [0.25, 0.25]},
								"down": {"uv": [20, 23.25], "uv_size": [0.25, -0.25]}
							}
						},
						{
							"origin": [-0.0625, 4.1875, 0.75184],
							"size": [0.125, 0.125, 0.62132],
							"pivot": [0, 4.9375, 1.0625],
							"rotation": [-45, 0, 0],
							"uv": {
								"north": {"uv": [23, 20], "uv_size": [0.25, 0.25]},
								"east": {"uv": [21, 12], "uv_size": [0.5, 0.25]},
								"south": {"uv": [21, 23], "uv_size": [0.25, 0.25]},
								"west": {"uv": [13, 21], "uv_size": [0.5, 0.25]},
								"up": {"uv": [21, 13], "uv_size": [0.25, 0.5]},
								"down": {"uv": [14, 21.5], "uv_size": [0.25, -0.5]}
							}
						},
						{
							"origin": [-0.0625, 4.1875, 0.75184],
							"size": [0.125, 0.125, 0.62132],
							"uv": {
								"north": {"uv": [23, 21], "uv_size": [0.25, 0.25]},
								"east": {"uv": [21, 14], "uv_size": [0.5, 0.25]},
								"south": {"uv": [22, 23], "uv_size": [0.25, 0.25]},
								"west": {"uv": [15, 21], "uv_size": [0.5, 0.25]},
								"up": {"uv": [21, 15], "uv_size": [0.25, 0.5]},
								"down": {"uv": [16, 21.5], "uv_size": [0.25, -0.5]}
							}
						},
						{
							"origin": [-0.0625, 5.5625, 0.75184],
							"size": [0.125, 0.125, 0.62132],
							"pivot": [0, 4.9375, 1.0625],
							"rotation": [-45, 0, 0],
							"uv": {
								"north": {"uv": [23, 22], "uv_size": [0.25, 0.25]},
								"east": {"uv": [21, 16], "uv_size": [0.5, 0.25]},
								"south": {"uv": [23, 23], "uv_size": [0.25, 0.25]},
								"west": {"uv": [17, 21], "uv_size": [0.5, 0.25]},
								"up": {"uv": [21, 17], "uv_size": [0.25, 0.5]},
								"down": {"uv": [18, 21.5], "uv_size": [0.25, -0.5]}
							}
						},
						{
							"origin": [-0.0625, 5.5625, 0.75184],
							"size": [0.125, 0.125, 0.62132],
							"uv": {
								"north": {"uv": [0, 24], "uv_size": [0.25, 0.25]},
								"east": {"uv": [21, 18], "uv_size": [0.5, 0.25]},
								"south": {"uv": [24, 0], "uv_size": [0.25, 0.25]},
								"west": {"uv": [19, 21], "uv_size": [0.5, 0.25]},
								"up": {"uv": [21, 19], "uv_size": [0.25, 0.5]},
								"down": {"uv": [20, 21.5], "uv_size": [0.25, -0.5]}
							}
						}
					]
				},
				{
					"name": "idle_view",
					"pivot": [5, 8, 12]
				},
				{
					"name": "camera",
					"pivot": [5, 8, 12]
				}
			]
		}
	]
}