{
	"format_version": "1.12.0",
	"minecraft:geometry": [
		{
			"description": {
				"identifier": "geometry.unknown",
				"texture_width": 32,
				"texture_height": 32,
				"visible_bounds_width": 4,
				"visible_bounds_height": 3,
				"visible_bounds_offset": [0, 0.5, 0]
			},
			"bones": [
				{
					"name": "bb_main",
					"pivot": [0, 0, 0]
				},
				{
					"name": "root",
					"pivot": [0, 2.75, 0]
				},
				{
					"name": "l",
					"parent": "root",
					"pivot": [0, 0, 0]
				},
				{
					"name": "leftHand",
					"parent": "l",
					"pivot": [-6, 18.93684, 8.04313]
				},
				{
					"name": "lefthand_pos",
					"parent": "leftHand",
					"pivot": [0, 7.93684, 8.04313],
					"cubes": [
						{
							"origin": [-7, 7.93684, 6.04313],
							"size": [3, 12, 4],
							"uv": {
								"north": {"uv": [0, 0], "uv_size": [4, 12]},
								"east": {"uv": [4, 0], "uv_size": [4, 12]},
								"south": {"uv": [8, 0], "uv_size": [4, 12]},
								"west": {"uv": [0, 12], "uv_size": [4, 12]},
								"up": {"uv": [12, 0], "uv_size": [4, 4]},
								"down": {"uv": [4, 16], "uv_size": [4, -4]}
							}
						}
					]
				},
				{
					"name": "r",
					"parent": "root",
					"pivot": [0, 3, 0]
				},
				{
					"name": "rightHand",
					"parent": "r",
					"pivot": [6, 18.93684, 8.04313]
				},
				{
					"name": "righthand_pos",
					"parent": "rightHand",
					"pivot": [0, 7.93684, 8.04313],
					"cubes": [
						{
							"origin": [4, 7.93684, 6.04313],
							"size": [3, 12, 4],
							"uv": {
								"north": {"uv": [0, 0], "uv_size": [4, 12]},
								"east": {"uv": [4, 0], "uv_size": [4, 12]},
								"south": {"uv": [8, 0], "uv_size": [4, 12]},
								"west": {"uv": [0, 12], "uv_size": [4, 12]},
								"up": {"uv": [12, 0], "uv_size": [4, 4]},
								"down": {"uv": [4, 16], "uv_size": [4, -4]}
							}
						}
					]
				},
				{
					"name": "body",
					"parent": "r",
					"pivot": [0, 2.34375, 0],
					"cubes": [
						{
							"origin": [-0.36006, 0.4375, -1.34375],
							"size": [0.72011, 3.25, 2.6875],
							"pivot": [0, 0.4375, 0],
							"rotation": [-180, -30, 180],
							"uv": {
								"north": {"uv": [0, 12], "uv_size": [0.75, 3.25]},
								"south": {"uv": [12, 0], "uv_size": [0.75, 3.25]},
								"up": {"uv": [14, 15], "uv_size": [0.75, 2.75]},
								"down": {"uv": [15, 17.75], "uv_size": [0.75, -2.75]}
							}
						},
						{
							"origin": [-0.36006, 0.4375, -1.34375],
							"size": [0.72011, 3.25, 2.6875],
							"pivot": [0, 0.4375, 0],
							"rotation": [-180, -60, 180],
							"uv": {
								"north": {"uv": [1, 12], "uv_size": [0.75, 3.25]},
								"south": {"uv": [2, 12], "uv_size": [0.75, 3.25]},
								"up": {"uv": [0, 16], "uv_size": [0.75, 2.75]},
								"down": {"uv": [16, 2.75], "uv_size": [0.75, -2.75]}
							}
						},
						{
							"origin": [-0.36006, 0.4375, -1.34375],
							"size": [0.72011, 3.25, 2.6875],
							"pivot": [0, 0.4375, 0],
							"rotation": [0, -90, 0],
							"uv": {
								"north": {"uv": [3, 12], "uv_size": [0.75, 3.25]},
								"south": {"uv": [4, 12], "uv_size": [0.75, 3.25]},
								"up": {"uv": [1, 16], "uv_size": [0.75, 2.75]},
								"down": {"uv": [2, 18.75], "uv_size": [0.75, -2.75]}
							}
						},
						{
							"origin": [-0.36006, 0.4375, -1.34375],
							"size": [0.72011, 3.25, 2.6875],
							"pivot": [0, 0.4375, 0],
							"rotation": [0, -60, 0],
							"uv": {
								"north": {"uv": [12, 4], "uv_size": [0.75, 3.25]},
								"south": {"uv": [5, 12], "uv_size": [0.75, 3.25]},
								"up": {"uv": [3, 16], "uv_size": [0.75, 2.75]},
								"down": {"uv": [16, 5.75], "uv_size": [0.75, -2.75]}
							}
						},
						{
							"origin": [-0.36006, 0.4375, -1.34375],
							"size": [0.72011, 3.25, 2.6875],
							"pivot": [0, 0.4375, 0],
							"rotation": [0, -30, 0],
							"uv": {
								"north": {"uv": [6, 12], "uv_size": [0.75, 3.25]},
								"south": {"uv": [7, 12], "uv_size": [0.75, 3.25]},
								"up": {"uv": [4, 16], "uv_size": [0.75, 2.75]},
								"down": {"uv": [5, 18.75], "uv_size": [0.75, -2.75]}
							}
						},
						{
							"origin": [-0.36006, 0.4375, -1.34375],
							"size": [0.72011, 3.25, 2.6875],
							"uv": {
								"north": {"uv": [8, 12], "uv_size": [0.75, 3.25]},
								"south": {"uv": [12, 8], "uv_size": [0.75, 3.25]},
								"up": {"uv": [6, 16], "uv_size": [0.75, 2.75]},
								"down": {"uv": [16, 8.75], "uv_size": [0.75, -2.75]}
							}
						},
						{
							"origin": [-0.4103, 0, -1.53125],
							"size": [0.82059, 0.1875, 3.0625],
							"pivot": [0, -0.5, 0],
							"rotation": [-180, -30, 180],
							"uv": {
								"north": {"uv": [25, 20], "uv_size": [0.75, 0.25]},
								"south": {"uv": [21, 25], "uv_size": [0.75, 0.25]},
								"up": {"uv": [9, 12], "uv_size": [0.75, 3]},
								"down": {"uv": [10, 15], "uv_size": [0.75, -3]}
							}
						},
						{
							"origin": [-0.4103, 0, -1.53125],
							"size": [0.82059, 0.1875, 3.0625],
							"inflate": 0.0005,
							"pivot": [0, -0.5, 0],
							"rotation": [-180, -60, 180],
							"uv": {
								"north": {"uv": [25, 21], "uv_size": [0.75, 0.25]},
								"south": {"uv": [22, 25], "uv_size": [0.75, 0.25]},
								"up": {"uv": [11, 12], "uv_size": [0.75, 3]},
								"down": {"uv": [12, 15], "uv_size": [0.75, -3]}
							}
						},
						{
							"origin": [-0.4103, 0, -1.53125],
							"size": [0.82059, 0.1875, 3.0625],
							"pivot": [0, -0.5, 0],
							"rotation": [0, -90, 0],
							"uv": {
								"north": {"uv": [25, 22], "uv_size": [0.75, 0.25]},
								"south": {"uv": [23, 25], "uv_size": [0.75, 0.25]},
								"up": {"uv": [13, 0], "uv_size": [0.75, 3]},
								"down": {"uv": [13, 6], "uv_size": [0.75, -3]}
							}
						},
						{
							"origin": [-0.4103, 0, -1.53125],
							"size": [0.82059, 0.1875, 3.0625],
							"inflate": 0.0007,
							"pivot": [0, -0.5, 0],
							"rotation": [0, -60, 0],
							"uv": {
								"north": {"uv": [25, 23], "uv_size": [0.75, 0.25]},
								"south": {"uv": [24, 25], "uv_size": [0.75, 0.25]},
								"up": {"uv": [13, 6], "uv_size": [0.75, 3]},
								"down": {"uv": [13, 12], "uv_size": [0.75, -3]}
							}
						},
						{
							"origin": [-0.4103, 0, -1.53125],
							"size": [0.82059, 0.1875, 3.0625],
							"pivot": [0, -0.5, 0],
							"rotation": [0, -30, 0],
							"uv": {
								"north": {"uv": [25, 24], "uv_size": [0.75, 0.25]},
								"south": {"uv": [25, 25], "uv_size": [0.75, 0.25]},
								"up": {"uv": [13, 12], "uv_size": [0.75, 3]},
								"down": {"uv": [14, 3], "uv_size": [0.75, -3]}
							}
						},
						{
							"origin": [-0.4103, 0, -1.53125],
							"size": [0.82059, 0.1875, 3.0625],
							"inflate": 0.001,
							"uv": {
								"north": {"uv": [0, 26], "uv_size": [0.75, 0.25]},
								"south": {"uv": [26, 0], "uv_size": [0.75, 0.25]},
								"up": {"uv": [14, 3], "uv_size": [0.75, 3]},
								"down": {"uv": [14, 9], "uv_size": [0.75, -3]}
							}
						},
						{
							"origin": [-0.3768, 0.1875, -1.40625],
							"size": [0.75361, 0.25, 2.8125],
							"pivot": [0, -0.5, 0],
							"rotation": [-180, -30, 180],
							"uv": {
								"north": {"uv": [1, 26], "uv_size": [0.75, 0.25]},
								"south": {"uv": [26, 1], "uv_size": [0.75, 0.25]},
								"up": {"uv": [7, 16], "uv_size": [0.75, 2.75]},
								"down": {"uv": [8, 18.75], "uv_size": [0.75, -2.75]}
							}
						},
						{
							"origin": [-0.3768, 0.1875, -1.40625],
							"size": [0.75361, 0.25, 2.8125],
							"pivot": [0, -0.5, 0],
							"rotation": [-180, -60, 180],
							"uv": {
								"north": {"uv": [2, 26], "uv_size": [0.75, 0.25]},
								"south": {"uv": [26, 2], "uv_size": [0.75, 0.25]},
								"up": {"uv": [16, 9], "uv_size": [0.75, 2.75]},
								"down": {"uv": [16, 14.75], "uv_size": [0.75, -2.75]}
							}
						},
						{
							"origin": [-0.3768, 0.1875, -1.40625],
							"size": [0.75361, 0.25, 2.8125],
							"pivot": [0, -0.5, 0],
							"rotation": [0, -90, 0],
							"uv": {
								"north": {"uv": [3, 26], "uv_size": [0.75, 0.25]},
								"south": {"uv": [26, 3], "uv_size": [0.75, 0.25]},
								"up": {"uv": [16, 15], "uv_size": [0.75, 2.75]},
								"down": {"uv": [17, 2.75], "uv_size": [0.75, -2.75]}
							}
						},
						{
							"origin": [-0.3768, 0.1875, -1.40625],
							"size": [0.75361, 0.25, 2.8125],
							"pivot": [0, -0.5, 0],
							"rotation": [0, -60, 0],
							"uv": {
								"north": {"uv": [4, 26], "uv_size": [0.75, 0.25]},
								"south": {"uv": [26, 4], "uv_size": [0.75, 0.25]},
								"up": {"uv": [17, 3], "uv_size": [0.75, 2.75]},
								"down": {"uv": [17, 8.75], "uv_size": [0.75, -2.75]}
							}
						},
						{
							"origin": [-0.3768, 0.1875, -1.40625],
							"size": [0.75361, 0.25, 2.8125],
							"pivot": [0, -0.5, 0],
							"rotation": [0, -30, 0],
							"uv": {
								"north": {"uv": [5, 26], "uv_size": [0.75, 0.25]},
								"south": {"uv": [26, 5], "uv_size": [0.75, 0.25]},
								"up": {"uv": [17, 9], "uv_size": [0.75, 2.75]},
								"down": {"uv": [17, 14.75], "uv_size": [0.75, -2.75]}
							}
						},
						{
							"origin": [-0.3768, 0.1875, -1.40625],
							"size": [0.75361, 0.25, 2.8125],
							"uv": {
								"north": {"uv": [6, 26], "uv_size": [0.75, 0.25]},
								"south": {"uv": [26, 6], "uv_size": [0.75, 0.25]},
								"up": {"uv": [17, 15], "uv_size": [0.75, 2.75]},
								"down": {"uv": [18, 2.75], "uv_size": [0.75, -2.75]}
							}
						},
						{
							"origin": [-0.4103, 3.6875, -1.53125],
							"size": [0.82059, 0.1875, 3.0625],
							"pivot": [0, 3.6875, 0],
							"rotation": [-180, -30, 180],
							"uv": {
								"north": {"uv": [7, 26], "uv_size": [0.75, 0.25]},
								"south": {"uv": [26, 7], "uv_size": [0.75, 0.25]},
								"up": {"uv": [14, 9], "uv_size": [0.75, 3]},
								"down": {"uv": [14, 15], "uv_size": [0.75, -3]}
							}
						},
						{
							"origin": [-0.4103, 3.6875, -1.53125],
							"size": [0.82059, 0.1875, 3.0625],
							"pivot": [0, 3.6875, 0],
							"rotation": [-180, -60, 180],
							"uv": {
								"north": {"uv": [8, 26], "uv_size": [0.75, 0.25]},
								"south": {"uv": [26, 8], "uv_size": [0.75, 0.25]},
								"up": {"uv": [15, 0], "uv_size": [0.75, 3]},
								"down": {"uv": [15, 6], "uv_size": [0.75, -3]}
							}
						},
						{
							"origin": [-0.4103, 3.6875, -1.53125],
							"size": [0.82059, 0.1875, 3.0625],
							"pivot": [0, 3.6875, 0],
							"rotation": [0, -90, 0],
							"uv": {
								"north": {"uv": [9, 26], "uv_size": [0.75, 0.25]},
								"south": {"uv": [26, 9], "uv_size": [0.75, 0.25]},
								"up": {"uv": [15, 6], "uv_size": [0.75, 3]},
								"down": {"uv": [9, 18], "uv_size": [0.75, -3]}
							}
						},
						{
							"origin": [-0.4103, 3.6875, -1.53125],
							"size": [0.82059, 0.1875, 3.0625],
							"pivot": [0, 3.6875, 0],
							"rotation": [0, -60, 0],
							"uv": {
								"north": {"uv": [10, 26], "uv_size": [0.75, 0.25]},
								"south": {"uv": [26, 10], "uv_size": [0.75, 0.25]},
								"up": {"uv": [15, 9], "uv_size": [0.75, 3]},
								"down": {"uv": [10, 18], "uv_size": [0.75, -3]}
							}
						},
						{
							"origin": [-0.4103, 3.6875, -1.53125],
							"size": [0.82059, 0.1875, 3.0625],
							"pivot": [0, 3.6875, 0],
							"rotation": [0, -30, 0],
							"uv": {
								"north": {"uv": [11, 26], "uv_size": [0.75, 0.25]},
								"south": {"uv": [26, 11], "uv_size": [0.75, 0.25]},
								"up": {"uv": [11, 15], "uv_size": [0.75, 3]},
								"down": {"uv": [12, 18], "uv_size": [0.75, -3]}
							}
						},
						{
							"origin": [-0.4103, 3.6875, -1.53125],
							"size": [0.82059, 0.1875, 3.0625],
							"uv": {
								"north": {"uv": [12, 26], "uv_size": [0.75, 0.25]},
								"south": {"uv": [26, 12], "uv_size": [0.75, 0.25]},
								"up": {"uv": [15, 12], "uv_size": [0.75, 3]},
								"down": {"uv": [13, 18], "uv_size": [0.75, -3]}
							}
						},
						{
							"origin": [-0.3768, 3.875, -1.40625],
							"size": [0.75361, 0.1875, 2.8125],
							"pivot": [0, 3.0625, 0],
							"rotation": [-180, -30, 180],
							"uv": {
								"north": {"uv": [13, 26], "uv_size": [0.75, 0.25]},
								"south": {"uv": [26, 13], "uv_size": [0.75, 0.25]}
							}
						},
						{
							"origin": [-0.3768, 3.875, -1.40625],
							"size": [0.75361, 0.1875, 2.8125],
							"pivot": [0, 3.0625, 0],
							"rotation": [-180, -60, 180],
							"uv": {
								"north": {"uv": [14, 26], "uv_size": [0.75, 0.25]},
								"south": {"uv": [26, 14], "uv_size": [0.75, 0.25]}
							}
						},
						{
							"origin": [-0.3768, 3.875, -1.40625],
							"size": [0.75361, 0.1875, 2.8125],
							"pivot": [0, 3.0625, 0],
							"rotation": [0, -90, 0],
							"uv": {
								"north": {"uv": [15, 26], "uv_size": [0.75, 0.25]},
								"south": {"uv": [26, 15], "uv_size": [0.75, 0.25]},
								"down": {"uv": [11, 20.75], "uv_size": [0.75, -2.75]}
							}
						},
						{
							"origin": [-0.3768, 3.875, -1.40625],
							"size": [0.75361, 0.1875, 2.8125],
							"pivot": [0, 3.0625, 0],
							"rotation": [0, -60, 0],
							"uv": {
								"north": {"uv": [16, 26], "uv_size": [0.75, 0.25]},
								"south": {"uv": [26, 16], "uv_size": [0.75, 0.25]},
								"down": {"uv": [18, 14.75], "uv_size": [0.75, -2.75]}
							}
						},
						{
							"origin": [-0.3768, 3.875, -1.40625],
							"size": [0.75361, 0.1875, 2.8125],
							"pivot": [0, 3.0625, 0],
							"rotation": [0, -30, 0],
							"uv": {
								"north": {"uv": [17, 26], "uv_size": [0.75, 0.25]},
								"south": {"uv": [26, 17], "uv_size": [0.75, 0.25]},
								"down": {"uv": [14, 20.75], "uv_size": [0.75, -2.75]}
							}
						},
						{
							"origin": [-0.3768, 3.875, -1.40625],
							"size": [0.75361, 0.1875, 2.8125],
							"uv": {
								"north": {"uv": [18, 26], "uv_size": [0.75, 0.25]},
								"south": {"uv": [26, 18], "uv_size": [0.75, 0.25]}
							}
						},
						{
							"origin": [-0.27632, 4.0625, -1.03125],
							"size": [0.55265, 0.5625, 2.0625],
							"pivot": [0, 4.0625, 0],
							"rotation": [-180, -30, 180],
							"uv": {
								"north": {"uv": [24, 21], "uv_size": [0.5, 0.5]},
								"east": {"uv": [16, 18], "uv_size": [2, 0.5]},
								"south": {"uv": [22, 24], "uv_size": [0.5, 0.5]},
								"west": {"uv": [18, 18], "uv_size": [2, 0.5]},
								"up": {"uv": [0, 19], "uv_size": [0.5, 2]},
								"down": {"uv": [19, 2], "uv_size": [0.5, -2]}
							}
						},
						{
							"origin": [-0.27632, 4.0625, -1.03125],
							"size": [0.55265, 0.5625, 2.0625],
							"inflate": 0.0005,
							"pivot": [0, 4.0625, 0],
							"rotation": [-180, -60, 180],
							"uv": {
								"north": {"uv": [24, 22], "uv_size": [0.5, 0.5]},
								"east": {"uv": [1, 19], "uv_size": [2, 0.5]},
								"south": {"uv": [23, 24], "uv_size": [0.5, 0.5]},
								"west": {"uv": [19, 2], "uv_size": [2, 0.5]},
								"up": {"uv": [3, 19], "uv_size": [0.5, 2]},
								"down": {"uv": [19, 5], "uv_size": [0.5, -2]}
							}
						},
						{
							"origin": [-0.10445, 4.0625, 0.98437],
							"size": [0.38077, 0.5625, 0.73034],
							"inflate": 0.0005,
							"pivot": [0.27632, 4.625, 1.03125],
							"rotation": [-56.5982, 4.6777, -7.0499],
							"uv": {
								"up": {"uv": [23, 19], "uv_size": [0.5, 0.75]}
							}
						},
						{
							"origin": [-0.27632, 4.0625, 0.98438],
							"size": [0.38077, 0.5625, 0.73034],
							"pivot": [-0.27632, 4.625, 1.03125],
							"rotation": [-56.5982, -4.6777, 7.0499],
							"uv": {
								"up": {"uv": [20, 23], "uv_size": [0.5, 0.75]}
							}
						},
						{
							"origin": [-0.75493, 4.0625, -1.43839],
							"size": [0.38077, 0.5625, 0.73034],
							"inflate": 0.0005,
							"pivot": [-0.75493, 4.625, -0.75493],
							"rotation": [60.8643, 34.4156, 8.5273],
							"uv": {
								"up": {"uv": [23, 20], "uv_size": [0.5, 0.75]}
							}
						},
						{
							"origin": [-0.65709, 4.0625, -1.71472],
							"size": [0.38077, 0.5625, 0.73034],
							"pivot": [-0.27632, 4.625, -1.03125],
							"rotation": [52.7131, 25.0838, -7.7623],
							"uv": {
								"up": {"uv": [21, 23], "uv_size": [0.5, 0.75]}
							}
						},
						{
							"origin": [-1.03125, 4.0625, -0.95979],
							"size": [0.38077, 0.5625, 0.73034],
							"inflate": 0.0005,
							"pivot": [-1.03125, 4.625, -0.27632],
							"rotation": [70.5374, 63.8171, 16.0951],
							"uv": {
								"up": {"uv": [22, 23], "uv_size": [0.5, 0.75]}
							}
						},
						{
							"origin": [-1.1357, 4.0625, -1.43839],
							"size": [0.38077, 0.5625, 0.73034],
							"pivot": [-0.75493, 4.625, -0.75493],
							"rotation": [46.0067, 54.6705, -12.2122],
							"uv": {
								"up": {"uv": [23, 23], "uv_size": [0.5, 0.75]}
							}
						},
						{
							"origin": [-0.65709, 4.0625, 0.98437],
							"size": [0.38077, 0.5625, 0.73034],
							"inflate": 0.0005,
							"pivot": [-0.27632, 4.625, 1.03125],
							"rotation": [-52.7131, -25.0838, -7.7623],
							"uv": {
								"up": {"uv": [0, 24], "uv_size": [0.5, 0.75]}
							}
						},
						{
							"origin": [-0.75493, 4.0625, 0.70805],
							"size": [0.38077, 0.5625, 0.73034],
							"pivot": [-0.75493, 4.625, 0.75493],
							"rotation": [-60.8643, -34.4156, 8.5273],
							"uv": {
								"up": {"uv": [24, 0], "uv_size": [0.5, 0.75]}
							}
						},
						{
							"origin": [-1.1357, 4.0625, 0.70805],
							"size": [0.38077, 0.5625, 0.73034],
							"inflate": 0.0005,
							"pivot": [-0.75493, 4.625, 0.75493],
							"rotation": [-46.0067, -54.6705, -12.2122],
							"uv": {
								"up": {"uv": [1, 24], "uv_size": [0.5, 0.75]}
							}
						},
						{
							"origin": [-1.03125, 4.0625, 0.22945],
							"size": [0.38077, 0.5625, 0.73034],
							"pivot": [-1.03125, 4.625, 0.27632],
							"rotation": [-70.5374, -63.8171, 16.0951],
							"uv": {
								"up": {"uv": [24, 1], "uv_size": [0.5, 0.75]}
							}
						},
						{
							"origin": [-1.41202, 4.0625, -0.95979],
							"size": [0.38077, 0.5625, 0.73034],
							"pivot": [-1.03125, 4.625, -0.27632],
							"rotation": [0, 81.5459, -56.3099],
							"uv": {
								"up": {"uv": [2, 24], "uv_size": [0.5, 0.75]}
							}
						},
						{
							"origin": [-1.03125, 4.0625, -0.40714],
							"size": [0.39062, 0.5625, 0.73034],
							"inflate": 0.0005,
							"pivot": [-1.03125, 4.625, 0.27632],
							"rotation": [180, 81.5459, 123.6901],
							"uv": {
								"up": {"uv": [24, 2], "uv_size": [0.5, 0.75]}
							}
						},
						{
							"origin": [0.37416, 4.0625, 0.70805],
							"size": [0.38077, 0.5625, 0.73034],
							"inflate": 0.0005,
							"pivot": [0.75493, 4.625, 0.75493],
							"rotation": [-60.8643, 34.4156, -8.5273],
							"uv": {
								"up": {"uv": [3, 24], "uv_size": [0.5, 0.75]}
							}
						},
						{
							"origin": [0.27632, 4.0625, 0.98437],
							"size": [0.38077, 0.5625, 0.73034],
							"pivot": [0.27632, 4.625, 1.03125],
							"rotation": [-52.7131, 25.0838, 7.7623],
							"uv": {
								"up": {"uv": [4, 24], "uv_size": [0.5, 0.75]}
							}
						},
						{
							"origin": [0.65048, 4.0625, 0.22945],
							"size": [0.38077, 0.5625, 0.73034],
							"inflate": 0.0005,
							"pivot": [1.03125, 4.625, 0.27632],
							"rotation": [-70.5374, 63.8171, -16.0951],
							"uv": {
								"up": {"uv": [5, 24], "uv_size": [0.5, 0.75]}
							}
						},
						{
							"origin": [0.75493, 4.0625, 0.70805],
							"size": [0.38077, 0.5625, 0.73034],
							"pivot": [0.75493, 4.625, 0.75493],
							"rotation": [-46.0067, 54.6705, 12.2122],
							"uv": {
								"up": {"uv": [24, 5], "uv_size": [0.5, 0.75]}
							}
						},
						{
							"origin": [-0.10445, 4.0625, -1.71472],
							"size": [0.38077, 0.5625, 0.73034],
							"pivot": [0.27632, 4.625, -1.03125],
							"rotation": [56.5982, -4.6777, -7.0499],
							"uv": {
								"up": {"uv": [6, 24], "uv_size": [0.5, 0.75]}
							}
						},
						{
							"origin": [-0.27632, 4.0625, -1.71472],
							"size": [0.38077, 0.5625, 0.73034],
							"inflate": 0.0005,
							"pivot": [-0.27632, 4.625, -1.03125],
							"rotation": [56.5982, 4.6777, 7.0499],
							"uv": {
								"up": {"uv": [7, 24], "uv_size": [0.5, 0.75]}
							}
						},
						{
							"origin": [0.37416, 4.0625, -1.43839],
							"size": [0.38077, 0.5625, 0.73034],
							"pivot": [0.75493, 4.625, -0.75493],
							"rotation": [60.8643, -34.4156, -8.5273],
							"uv": {
								"up": {"uv": [8, 24], "uv_size": [0.5, 0.75]}
							}
						},
						{
							"origin": [0.27632, 4.0625, -1.71472],
							"size": [0.38077, 0.5625, 0.73034],
							"inflate": 0.0005,
							"pivot": [0.27632, 4.625, -1.03125],
							"rotation": [52.7131, -25.0838, 7.7623],
							"uv": {
								"up": {"uv": [24, 8], "uv_size": [0.5, 0.75]}
							}
						},
						{
							"origin": [0.65048, 4.0625, -0.95979],
							"size": [0.38077, 0.5625, 0.73034],
							"pivot": [1.03125, 4.625, -0.27632],
							"rotation": [70.5374, -63.8171, -16.0951],
							"uv": {
								"up": {"uv": [9, 24], "uv_size": [0.5, 0.75]}
							}
						},
						{
							"origin": [0.75493, 4.0625, -1.43839],
							"size": [0.38077, 0.5625, 0.73034],
							"inflate": 0.0005,
							"pivot": [0.75493, 4.625, -0.75493],
							"rotation": [46.0067, -54.6705, 12.2122],
							"uv": {
								"up": {"uv": [10, 24], "uv_size": [0.5, 0.75]}
							}
						},
						{
							"origin": [0.64063, 4.0625, -0.40714],
							"size": [0.39062, 0.5625, 0.73034],
							"pivot": [1.03125, 4.625, 0.27632],
							"rotation": [180, -81.5459, -123.6901],
							"uv": {
								"up": {"uv": [11, 24], "uv_size": [0.5, 0.75]}
							}
						},
						{
							"origin": [1.03125, 4.0625, -0.95979],
							"size": [0.38077, 0.5625, 0.73034],
							"inflate": 0.0005,
							"pivot": [1.03125, 4.625, -0.27632],
							"rotation": [0, -81.5459, 56.3099],
							"uv": {
								"up": {"uv": [24, 12], "uv_size": [0.5, 0.75]}
							}
						},
						{
							"origin": [-0.27632, 4.0625, -1.03125],
							"size": [0.55265, 0.5625, 2.0625],
							"pivot": [0, 4.0625, 0],
							"rotation": [0, -90, 0],
							"uv": {
								"north": {"uv": [24, 23], "uv_size": [0.5, 0.5]},
								"east": {"uv": [4, 19], "uv_size": [2, 0.5]},
								"south": {"uv": [24, 24], "uv_size": [0.5, 0.5]},
								"west": {"uv": [19, 5], "uv_size": [2, 0.5]},
								"up": {"uv": [6, 19], "uv_size": [0.5, 2]},
								"down": {"uv": [19, 8], "uv_size": [0.5, -2]}
							}
						},
						{
							"origin": [-0.27632, 4.0625, -1.03125],
							"size": [0.55265, 0.5625, 2.0625],
							"inflate": 0.0005,
							"pivot": [0, 4.0625, 0],
							"rotation": [0, -60, 0],
							"uv": {
								"north": {"uv": [0, 25], "uv_size": [0.5, 0.5]},
								"east": {"uv": [7, 19], "uv_size": [2, 0.5]},
								"south": {"uv": [25, 0], "uv_size": [0.5, 0.5]},
								"west": {"uv": [19, 8], "uv_size": [2, 0.5]},
								"up": {"uv": [19, 9], "uv_size": [0.5, 2]},
								"down": {"uv": [19, 13], "uv_size": [0.5, -2]}
							}
						},
						{
							"origin": [-0.27632, 4.0625, -1.03125],
							"size": [0.55265, 0.5625, 2.0625],
							"pivot": [0, 4.0625, 0],
							"rotation": [0, -30, 0],
							"uv": {
								"north": {"uv": [1, 25], "uv_size": [0.5, 0.5]},
								"east": {"uv": [19, 13], "uv_size": [2, 0.5]},
								"south": {"uv": [25, 1], "uv_size": [0.5, 0.5]},
								"west": {"uv": [19, 14], "uv_size": [2, 0.5]},
								"up": {"uv": [19, 15], "uv_size": [0.5, 2]},
								"down": {"uv": [16, 21], "uv_size": [0.5, -2]}
							}
						},
						{
							"origin": [-0.27632, 4.0625, -1.03125],
							"size": [0.55265, 0.5625, 2.0625],
							"inflate": 0.0005,
							"uv": {
								"north": {"uv": [2, 25], "uv_size": [0.5, 0.5]},
								"east": {"uv": [17, 19], "uv_size": [2, 0.5]},
								"south": {"uv": [25, 2], "uv_size": [0.5, 0.5]},
								"west": {"uv": [19, 17], "uv_size": [2, 0.5]},
								"up": {"uv": [19, 19], "uv_size": [0.5, 2]},
								"down": {"uv": [20, 2], "uv_size": [0.5, -2]}
							}
						},
						{
							"origin": [-0.25, 5, -0.25],
							"size": [0.5, 0.25, 0.5],
							"pivot": [0, 5.125, 0],
							"rotation": [0, 45, 0],
							"uv": {
								"north": {"uv": [27, 8], "uv_size": [0.5, 0.25]},
								"east": {"uv": [9, 27], "uv_size": [0.5, 0.25]},
								"south": {"uv": [27, 9], "uv_size": [0.5, 0.25]},
								"west": {"uv": [10, 27], "uv_size": [0.5, 0.25]},
								"up": {"uv": [3, 25], "uv_size": [0.5, 0.5]},
								"down": {"uv": [4, 25.5], "uv_size": [0.5, -0.5]}
							}
						},
						{
							"origin": [-0.28125, 5.25, -0.28125],
							"size": [0.5625, 0.5625, 0.5625],
							"pivot": [0, 5.53125, 0],
							"rotation": [0, 45, 0],
							"uv": {
								"north": {"uv": [5, 25], "uv_size": [0.5, 0.5]},
								"east": {"uv": [25, 5], "uv_size": [0.5, 0.5]},
								"south": {"uv": [6, 25], "uv_size": [0.5, 0.5]},
								"west": {"uv": [7, 25], "uv_size": [0.5, 0.5]},
								"up": {"uv": [8, 25], "uv_size": [0.5, 0.5]},
								"down": {"uv": [25, 8.5], "uv_size": [0.5, -0.5]}
							}
						},
						{
							"origin": [-0.20312, 5.8125, -0.20312],
							"size": [0.40625, 0.375, 0.40625],
							"pivot": [0, 6, 0],
							"rotation": [0, 45, 0],
							"uv": {
								"north": {"uv": [9, 25], "uv_size": [0.5, 0.5]},
								"east": {"uv": [10, 25], "uv_size": [0.5, 0.5]},
								"south": {"uv": [11, 25], "uv_size": [0.5, 0.5]},
								"west": {"uv": [12, 25], "uv_size": [0.5, 0.5]},
								"up": {"uv": [25, 12], "uv_size": [0.5, 0.5]},
								"down": {"uv": [13, 25.5], "uv_size": [0.5, -0.5]}
							}
						},
						{
							"origin": [-0.65625, 4.625, -0.27183],
							"size": [1.3125, 0.0625, 0.54366],
							"inflate": 0.0005,
							"uv": {
								"north": {"uv": [24, 13], "uv_size": [1.25, 0.25]},
								"east": {"uv": [27, 10], "uv_size": [0.5, 0.25]},
								"south": {"uv": [24, 14], "uv_size": [1.25, 0.25]},
								"west": {"uv": [11, 27], "uv_size": [0.5, 0.25]},
								"up": {"uv": [1, 20], "uv_size": [1.25, 0.5]},
								"down": {"uv": [4, 20.5], "uv_size": [1.25, -0.5]}
							}
						},
						{
							"origin": [-0.65625, 4.625, -0.27183],
							"size": [1.3125, 0.0625, 0.54366],
							"pivot": [0, 4.65625, 0],
							"rotation": [0, -45, 0],
							"uv": {
								"north": {"uv": [24, 15], "uv_size": [1.25, 0.25]},
								"east": {"uv": [27, 11], "uv_size": [0.5, 0.25]},
								"south": {"uv": [16, 24], "uv_size": [1.25, 0.25]},
								"west": {"uv": [12, 27], "uv_size": [0.5, 0.25]},
								"up": {"uv": [7, 20], "uv_size": [1.25, 0.5]},
								"down": {"uv": [17, 20.5], "uv_size": [1.25, -0.5]}
							}
						},
						{
							"origin": [-0.27183, 4.625, -0.65625],
							"size": [0.54366, 0.0625, 1.3125],
							"inflate": 0.0005,
							"uv": {
								"north": {"uv": [27, 12], "uv_size": [0.5, 0.25]},
								"east": {"uv": [24, 16], "uv_size": [1.25, 0.25]},
								"south": {"uv": [13, 27], "uv_size": [0.5, 0.25]},
								"west": {"uv": [24, 17], "uv_size": [1.25, 0.25]},
								"up": {"uv": [12, 23], "uv_size": [0.5, 1.25]},
								"down": {"uv": [13, 24.25], "uv_size": [0.5, -1.25]}
							}
						},
						{
							"origin": [-0.27183, 4.625, -0.65625],
							"size": [0.54366, 0.0625, 1.3125],
							"pivot": [0, 4.65625, 0],
							"rotation": [0, -45, 0],
							"uv": {
								"north": {"uv": [27, 13], "uv_size": [0.5, 0.25]},
								"east": {"uv": [18, 24], "uv_size": [1.25, 0.25]},
								"south": {"uv": [14, 27], "uv_size": [0.5, 0.25]},
								"west": {"uv": [24, 18], "uv_size": [1.25, 0.25]},
								"up": {"uv": [14, 23], "uv_size": [0.5, 1.25]},
								"down": {"uv": [15, 24.25], "uv_size": [0.5, -1.25]}
							}
						},
						{
							"origin": [-0.46875, 4.6875, -0.19416],
							"size": [0.9375, 0.3125, 0.38833],
							"inflate": 0.0005,
							"uv": {
								"north": {"uv": [14, 25], "uv_size": [1, 0.25]},
								"east": {"uv": [27, 14], "uv_size": [0.5, 0.25]},
								"south": {"uv": [15, 25], "uv_size": [1, 0.25]},
								"west": {"uv": [15, 27], "uv_size": [0.5, 0.25]},
								"up": {"uv": [23, 12], "uv_size": [1, 0.5]},
								"down": {"uv": [23, 15.5], "uv_size": [1, -0.5]}
							}
						},
						{
							"origin": [-0.46875, 4.6875, -0.19416],
							"size": [0.9375, 0.3125, 0.38833],
							"pivot": [0, 4.84375, 0],
							"rotation": [0, -45, 0],
							"uv": {
								"north": {"uv": [16, 25], "uv_size": [1, 0.25]},
								"east": {"uv": [27, 15], "uv_size": [0.5, 0.25]},
								"south": {"uv": [17, 25], "uv_size": [1, 0.25]},
								"west": {"uv": [16, 27], "uv_size": [0.5, 0.25]},
								"up": {"uv": [16, 23], "uv_size": [1, 0.5]},
								"down": {"uv": [23, 16.5], "uv_size": [1, -0.5]}
							}
						},
						{
							"origin": [-0.19416, 4.6875, -0.46875],
							"size": [0.38833, 0.3125, 0.9375],
							"inflate": 0.0005,
							"uv": {
								"north": {"uv": [27, 16], "uv_size": [0.5, 0.25]},
								"east": {"uv": [18, 25], "uv_size": [1, 0.25]},
								"south": {"uv": [17, 27], "uv_size": [0.5, 0.25]},
								"west": {"uv": [19, 25], "uv_size": [1, 0.25]},
								"up": {"uv": [17, 23], "uv_size": [0.5, 1]},
								"down": {"uv": [18, 24], "uv_size": [0.5, -1]}
							}
						},
						{
							"origin": [-0.19416, 4.6875, -0.46875],
							"size": [0.38833, 0.3125, 0.9375],
							"pivot": [0, 4.84375, 0],
							"rotation": [0, -45, 0],
							"uv": {
								"north": {"uv": [27, 17], "uv_size": [0.5, 0.25]},
								"east": {"uv": [25, 19], "uv_size": [1, 0.25]},
								"south": {"uv": [18, 27], "uv_size": [0.5, 0.25]},
								"west": {"uv": [20, 25], "uv_size": [1, 0.25]},
								"up": {"uv": [23, 18], "uv_size": [0.5, 1]},
								"down": {"uv": [19, 24], "uv_size": [0.5, -1]}
							}
						}
					]
				},
				{
					"name": "safety",
					"parent": "r",
					"pivot": [0, 6, -0.0625],
					"cubes": [
						{
							"origin": [-0.0625, 5.4375, -0.4375],
							"size": [0.125, 0.125, 0.875],
							"uv": {
								"north": {"uv": [27, 26], "uv_size": [0.25, 0.25]},
								"east": {"uv": [24, 19], "uv_size": [1, 0.25]},
								"south": {"uv": [27, 27], "uv_size": [0.25, 0.25]},
								"west": {"uv": [20, 24], "uv_size": [1, 0.25]},
								"up": {"uv": [24, 20], "uv_size": [0.25, 1]},
								"down": {"uv": [21, 25], "uv_size": [0.25, -1]}
							}
						},
						{
							"origin": [-0.0625, 5.47411, 0.4375],
							"size": [0.125, 0.21339, 0.21339],
							"inflate": 0.0005,
							"pivot": [0.0625, 5.5625, 0.4375],
							"rotation": [-45, 0, 0],
							"uv": {
								"north": {"uv": [0, 28], "uv_size": [0.25, 0.25]},
								"east": {"uv": [28, 0], "uv_size": [0.25, 0.25]},
								"south": {"uv": [1, 28], "uv_size": [0.25, 0.25]},
								"west": {"uv": [28, 1], "uv_size": [0.25, 0.25]},
								"up": {"uv": [2, 28], "uv_size": [0.25, 0.25]},
								"down": {"uv": [28, 2.25], "uv_size": [0.25, -0.25]}
							}
						},
						{
							"origin": [-0.0625, 5.5, -0.6875],
							"size": [0.125, 0.0625, 0.25],
							"pivot": [0.0625, 5.5, -0.4375],
							"rotation": [-15, 0, 0],
							"uv": {
								"north": {"uv": [3, 28], "uv_size": [0.25, 0.25]},
								"east": {"uv": [28, 3], "uv_size": [0.25, 0.25]},
								"south": {"uv": [4, 28], "uv_size": [0.25, 0.25]},
								"west": {"uv": [28, 4], "uv_size": [0.25, 0.25]},
								"up": {"uv": [5, 28], "uv_size": [0.25, 0.25]},
								"down": {"uv": [28, 5.25], "uv_size": [0.25, -0.25]}
							}
						},
						{
							"origin": [-0.0625, 5.4375, -0.6875],
							"size": [0.125, 0.0625, 0.25],
							"pivot": [0.0625, 5.5, -0.4375],
							"rotation": [15, 0, 0],
							"uv": {
								"north": {"uv": [6, 28], "uv_size": [0.25, 0.25]},
								"east": {"uv": [28, 6], "uv_size": [0.25, 0.25]},
								"south": {"uv": [7, 28], "uv_size": [0.25, 0.25]},
								"west": {"uv": [28, 7], "uv_size": [0.25, 0.25]},
								"up": {"uv": [8, 28], "uv_size": [0.25, 0.25]},
								"down": {"uv": [28, 8.25], "uv_size": [0.25, -0.25]}
							}
						}
					]
				},
				{
					"name": "ring",
					"parent": "safety",
					"pivot": [0, 5.96875, 0.53125],
					"rotation": [35, 0, 0],
					"cubes": [
						{
							"origin": [-0.02105, 4.24164, 0.18196],
							"size": [0.62132, 0.0625, 0.125],
							"pivot": [0, 5.28125, 0.53125],
							"rotation": [0, 0, 45],
							"uv": {
								"north": {"uv": [19, 26], "uv_size": [0.5, 0.25]},
								"east": {"uv": [27, 18], "uv_size": [0.25, 0.25]},
								"south": {"uv": [26, 19], "uv_size": [0.5, 0.25]},
								"west": {"uv": [19, 27], "uv_size": [0.25, 0.25]},
								"up": {"uv": [20, 26], "uv_size": [0.5, 0.25]},
								"down": {"uv": [26, 20.25], "uv_size": [0.5, -0.25]}
							}
						},
						{
							"origin": [-0.31066, 4.12167, 0.18196],
							"size": [0.62132, 0.0625, 0.125],
							"uv": {
								"north": {"uv": [21, 26], "uv_size": [0.5, 0.25]},
								"east": {"uv": [27, 19], "uv_size": [0.25, 0.25]},
								"south": {"uv": [26, 21], "uv_size": [0.5, 0.25]},
								"west": {"uv": [20, 27], "uv_size": [0.25, 0.25]},
								"up": {"uv": [22, 26], "uv_size": [0.5, 0.25]},
								"down": {"uv": [26, 22.25], "uv_size": [0.5, -0.25]}
							}
						},
						{
							"origin": [-0.02105, 5.67914, 0.18196],
							"size": [0.62132, 0.0625, 0.125],
							"pivot": [0, 5.28125, 0.53125],
							"rotation": [0, 0, 45],
							"uv": {
								"north": {"uv": [23, 26], "uv_size": [0.5, 0.25]},
								"east": {"uv": [27, 20], "uv_size": [0.25, 0.25]},
								"south": {"uv": [26, 23], "uv_size": [0.5, 0.25]},
								"west": {"uv": [21, 27], "uv_size": [0.25, 0.25]},
								"up": {"uv": [24, 26], "uv_size": [0.5, 0.25]},
								"down": {"uv": [26, 24.25], "uv_size": [0.5, -0.25]}
							}
						},
						{
							"origin": [-0.31066, 5.55917, 0.18196],
							"size": [0.62132, 0.0625, 0.125],
							"uv": {
								"north": {"uv": [25, 26], "uv_size": [0.5, 0.25]},
								"east": {"uv": [27, 21], "uv_size": [0.25, 0.25]},
								"south": {"uv": [26, 25], "uv_size": [0.5, 0.25]},
								"west": {"uv": [22, 27], "uv_size": [0.25, 0.25]},
								"up": {"uv": [26, 26], "uv_size": [0.5, 0.25]},
								"down": {"uv": [0, 27.25], "uv_size": [0.5, -0.25]}
							}
						},
						{
							"origin": [0.97711, 4.68098, 0.18196],
							"size": [0.0625, 0.62132, 0.125],
							"pivot": [0, 5.28125, 0.53125],
							"rotation": [0, 0, 45],
							"uv": {
								"north": {"uv": [27, 0], "uv_size": [0.25, 0.5]},
								"east": {"uv": [1, 27], "uv_size": [0.25, 0.5]},
								"south": {"uv": [27, 1], "uv_size": [0.25, 0.5]},
								"west": {"uv": [2, 27], "uv_size": [0.25, 0.5]},
								"up": {"uv": [27, 22], "uv_size": [0.25, 0.25]},
								"down": {"uv": [23, 27.25], "uv_size": [0.25, -0.25]}
							}
						},
						{
							"origin": [0.6875, 4.56101, 0.18196],
							"size": [0.0625, 0.62132, 0.125],
							"uv": {
								"north": {"uv": [27, 2], "uv_size": [0.25, 0.5]},
								"east": {"uv": [3, 27], "uv_size": [0.25, 0.5]},
								"south": {"uv": [27, 3], "uv_size": [0.25, 0.5]},
								"west": {"uv": [4, 27], "uv_size": [0.25, 0.5]},
								"up": {"uv": [27, 23], "uv_size": [0.25, 0.25]},
								"down": {"uv": [24, 27.25], "uv_size": [0.25, -0.25]}
							}
						},
						{
							"origin": [-0.46039, 4.68098, 0.18196],
							"size": [0.0625, 0.62132, 0.125],
							"pivot": [0, 5.28125, 0.53125],
							"rotation": [0, 0, 45],
							"uv": {
								"north": {"uv": [27, 4], "uv_size": [0.25, 0.5]},
								"east": {"uv": [5, 27], "uv_size": [0.25, 0.5]},
								"south": {"uv": [27, 5], "uv_size": [0.25, 0.5]},
								"west": {"uv": [6, 27], "uv_size": [0.25, 0.5]},
								"up": {"uv": [27, 24], "uv_size": [0.25, 0.25]},
								"down": {"uv": [25, 27.25], "uv_size": [0.25, -0.25]}
							}
						},
						{
							"origin": [-0.75, 4.56101, 0.18196],
							"size": [0.0625, 0.62132, 0.125],
							"uv": {
								"north": {"uv": [27, 6], "uv_size": [0.25, 0.5]},
								"east": {"uv": [7, 27], "uv_size": [0.25, 0.5]},
								"south": {"uv": [27, 7], "uv_size": [0.25, 0.5]},
								"west": {"uv": [8, 27], "uv_size": [0.25, 0.5]},
								"up": {"uv": [27, 25], "uv_size": [0.25, 0.25]},
								"down": {"uv": [26, 27.25], "uv_size": [0.25, -0.25]}
							}
						}
					]
				},
				{
					"name": "camera",
					"pivot": [5, 7, 12]
				},
				{
					"name": "idle_view",
					"pivot": [5, 7, 12]
				}
			]
		}
	]
}