{
  "materials": [
    {
      "item": {
        "tag": "forge:ingots/iron"
      },
      "count": 16
    },
    {
      "item": {
        "tag": "forge:gems/amethyst"
      },
      "count": 4
    },
    {
      "item": {
        "tag": "forge:dusts/glowstone"
      },
      "count": 16
    },
    {
      "item": {
        "tag": "forge:dusts/redstone"
      },
      "count": 16
    }
  ],
  "result": {
    "type": "attachment",
    "id": "zeta:scope_apw"
  },
  "type": "tacz:gun_smith_table_crafting"
}