{
	"format_version": "1.12.0",
	"minecraft:geometry": [
		{
			"description": {
				"identifier": "geometry.unknown",
				"texture_width": 64,
				"texture_height": 64,
				"visible_bounds_width": 3,
				"visible_bounds_height": 2.5,
				"visible_bounds_offset": [0, 0.75, 0]
			},
			"bones": [
				{
					"name": "bb_main",
					"pivot": [0, 0, 0]
				},
				{
					"name": "root",
					"pivot": [0, 2, 0]
				},
				{
					"name": "r",
					"parent": "root",
					"pivot": [0, 2, 0]
				},
				{
					"name": "club",
					"parent": "r",
					"pivot": [0, 2, 0],
					"cubes": [
						{
							"origin": [-1.21534, 15.25, -1.21534],
							"size": [0.22097, 1.9375, 0.22097],
							"pivot": [0, 16.21875, 0],
							"rotation": [0, -45, 0],
							"uv": {
								"north": {"uv": [26, 18], "uv_size": [0.25, 2]},
								"east": {"uv": [27, 0], "uv_size": [0.25, 2]},
								"up": {"uv": [28, 15], "uv_size": [0.25, 0.25]},
								"down": {"uv": [28, 16.25], "uv_size": [0.25, -0.25]}
							}
						},
						{
							"origin": [-1.21534, 15.25, 0.99437],
							"size": [0.22097, 1.9375, 0.22097],
							"pivot": [0, 16.21875, 0],
							"rotation": [0, 45, 0],
							"uv": {
								"east": {"uv": [27, 6], "uv_size": [0.25, 2]},
								"south": {"uv": [7, 27], "uv_size": [0.25, 2]},
								"up": {"uv": [28, 17], "uv_size": [0.25, 0.25]},
								"down": {"uv": [28, 18.25], "uv_size": [0.25, -0.25]}
							}
						},
						{
							"origin": [-0.15625, 15.25, -1.5625],
							"size": [0.3125, 1.9375, 3.125],
							"inflate": -0.0005,
							"uv": {
								"east": {"uv": [3, 20], "uv_size": [3.25, 2]},
								"west": {"uv": [7, 20], "uv_size": [3.25, 2]},
								"up": {"uv": [26, 6], "uv_size": [0.25, 3.25]},
								"down": {"uv": [26, 13.25], "uv_size": [0.25, -3.25]}
							}
						},
						{
							"origin": [-1.21534, 15.25, 0.99437],
							"size": [0.22097, 1.9375, 0.22097],
							"pivot": [0, 16.21875, 0],
							"rotation": [0, 90, 0],
							"uv": {
								"north": {"uv": [8, 27], "uv_size": [0.25, 2]},
								"east": {"uv": [27, 8], "uv_size": [0.25, 2]},
								"south": {"uv": [9, 27], "uv_size": [0.25, 2]},
								"west": {"uv": [10, 27], "uv_size": [0.25, 2]},
								"up": {"uv": [28, 19], "uv_size": [0.25, 0.25]},
								"down": {"uv": [28, 20.25], "uv_size": [0.25, -0.25]}
							}
						},
						{
							"origin": [-0.15625, 15.25, -1.5625],
							"size": [0.3125, 1.9375, 3.125],
							"inflate": -0.0005,
							"pivot": [0, 16.21875, 0],
							"rotation": [0, 45, 0],
							"uv": {
								"north": {"uv": [27, 10], "uv_size": [0.25, 2]},
								"east": {"uv": [11, 20], "uv_size": [3.25, 2]},
								"south": {"uv": [11, 27], "uv_size": [0.25, 2]},
								"west": {"uv": [15, 20], "uv_size": [3.25, 2]},
								"up": {"uv": [26, 14], "uv_size": [0.25, 3.25]},
								"down": {"uv": [21, 29.25], "uv_size": [0.25, -3.25]}
							}
						},
						{
							"origin": [-1.21534, 15.25, -1.21534],
							"size": [0.22097, 1.9375, 0.22097],
							"pivot": [0, 16.21875, 0],
							"rotation": [0, 0, 0],
							"uv": {
								"north": {"uv": [12, 27], "uv_size": [0.25, 2]},
								"east": {"uv": [27, 12], "uv_size": [0.25, 2]},
								"south": {"uv": [13, 27], "uv_size": [0.25, 2]},
								"west": {"uv": [14, 27], "uv_size": [0.25, 2]},
								"up": {"uv": [28, 21], "uv_size": [0.25, 0.25]},
								"down": {"uv": [28, 22.25], "uv_size": [0.25, -0.25]}
							}
						},
						{
							"origin": [-1.21534, 15.25, 0.99437],
							"size": [0.22097, 1.9375, 0.22097],
							"pivot": [0, 16.21875, 0],
							"rotation": [0, 0, 0],
							"uv": {
								"north": {"uv": [27, 14], "uv_size": [0.25, 2]},
								"east": {"uv": [15, 27], "uv_size": [0.25, 2]},
								"south": {"uv": [16, 27], "uv_size": [0.25, 2]},
								"west": {"uv": [27, 16], "uv_size": [0.25, 2]},
								"up": {"uv": [28, 23], "uv_size": [0.25, 0.25]},
								"down": {"uv": [28, 24.25], "uv_size": [0.25, -0.25]}
							}
						},
						{
							"origin": [-0.15625, 15.25, -1.5625],
							"size": [0.3125, 1.9375, 3.125],
							"inflate": -0.0005,
							"pivot": [0, 16.21875, 0],
							"rotation": [0, -45, 0],
							"uv": {
								"north": {"uv": [17, 27], "uv_size": [0.25, 2]},
								"east": {"uv": [19, 20], "uv_size": [3.25, 2]},
								"south": {"uv": [18, 27], "uv_size": [0.25, 2]},
								"west": {"uv": [21, 0], "uv_size": [3.25, 2]},
								"up": {"uv": [22, 26], "uv_size": [0.25, 3.25]},
								"down": {"uv": [26, 26.25], "uv_size": [0.25, -3.25]}
							}
						},
						{
							"origin": [-1.21534, 15.25, -1.21534],
							"size": [0.22097, 1.9375, 0.22097],
							"pivot": [0, 16.21875, 0],
							"rotation": [0, -90, 0],
							"uv": {
								"north": {"uv": [27, 18], "uv_size": [0.25, 2]},
								"east": {"uv": [19, 27], "uv_size": [0.25, 2]},
								"south": {"uv": [20, 27], "uv_size": [0.25, 2]},
								"west": {"uv": [27, 20], "uv_size": [0.25, 2]},
								"up": {"uv": [28, 25], "uv_size": [0.25, 0.25]},
								"down": {"uv": [28, 26.25], "uv_size": [0.25, -0.25]}
							}
						},
						{
							"origin": [-1.21534, 15.25, 0.99437],
							"size": [0.22097, 1.9375, 0.22097],
							"pivot": [0, 16.21875, 0],
							"rotation": [0, -45, 0],
							"uv": {
								"north": {"uv": [27, 22], "uv_size": [0.25, 2]},
								"east": {"uv": [23, 27], "uv_size": [0.25, 2]},
								"south": {"uv": [24, 27], "uv_size": [0.25, 2]},
								"west": {"uv": [27, 24], "uv_size": [0.25, 2]},
								"up": {"uv": [27, 28], "uv_size": [0.25, 0.25]},
								"down": {"uv": [28, 27.25], "uv_size": [0.25, -0.25]}
							}
						},
						{
							"origin": [-0.15625, 15.25, -1.5625],
							"size": [0.3125, 1.9375, 3.125],
							"inflate": -0.0005,
							"pivot": [0, 16.21875, 0],
							"rotation": [0, -90, 0],
							"uv": {
								"north": {"uv": [25, 27], "uv_size": [0.25, 2]},
								"east": {"uv": [21, 2], "uv_size": [3.25, 2]},
								"south": {"uv": [26, 27], "uv_size": [0.25, 2]},
								"west": {"uv": [21, 4], "uv_size": [3.25, 2]},
								"up": {"uv": [3, 27], "uv_size": [0.25, 3.25]},
								"down": {"uv": [4, 30.25], "uv_size": [0.25, -3.25]}
							}
						},
						{
							"origin": [-1.21534, 15.25, -1.21534],
							"size": [0.22097, 1.9375, 0.22097],
							"pivot": [0, 16.21875, 0],
							"rotation": [-180, -45, 180],
							"uv": {
								"north": {"uv": [27, 26], "uv_size": [0.25, 2]},
								"east": {"uv": [28, 0], "uv_size": [0.25, 2]},
								"south": {"uv": [28, 2], "uv_size": [0.25, 2]},
								"west": {"uv": [28, 4], "uv_size": [0.25, 2]},
								"up": {"uv": [28, 28], "uv_size": [0.25, 0.25]},
								"down": {"uv": [29, 0.25], "uv_size": [0.25, -0.25]}
							}
						},
						{
							"origin": [-0.31819, 15.25, -1.1875],
							"size": [0.63638, 1.9375, 2.375],
							"pivot": [0, 16.1875, 0],
							"rotation": [-180, -60, 180],
							"uv": {
								"north": {"uv": [23, 20], "uv_size": [0.75, 2]},
								"east": {"uv": [21, 6], "uv_size": [2.5, 2]},
								"south": {"uv": [12, 25], "uv_size": [0.75, 2]},
								"west": {"uv": [21, 8], "uv_size": [2.5, 2]},
								"up": {"uv": [24, 9], "uv_size": [0.75, 2.5]},
								"down": {"uv": [10, 26.5], "uv_size": [0.75, -2.5]}
							}
						},
						{
							"origin": [-0.31819, 15.25, -1.1875],
							"size": [0.63638, 1.9375, 2.375],
							"inflate": 0.0005,
							"pivot": [0, 16.1875, 0],
							"rotation": [0, -90, 0],
							"uv": {
								"north": {"uv": [25, 12], "uv_size": [0.75, 2]},
								"east": {"uv": [21, 10], "uv_size": [2.5, 2]},
								"south": {"uv": [13, 25], "uv_size": [0.75, 2]},
								"west": {"uv": [21, 12], "uv_size": [2.5, 2]},
								"up": {"uv": [11, 24], "uv_size": [0.75, 2.5]},
								"down": {"uv": [24, 14.5], "uv_size": [0.75, -2.5]}
							}
						},
						{
							"origin": [-0.31819, 15.25, -1.1875],
							"size": [0.63638, 1.9375, 2.375],
							"pivot": [0, 16.1875, 0],
							"rotation": [0, -60, 0],
							"uv": {
								"north": {"uv": [14, 25], "uv_size": [0.75, 2]},
								"east": {"uv": [21, 14], "uv_size": [2.5, 2]},
								"south": {"uv": [25, 14], "uv_size": [0.75, 2]},
								"west": {"uv": [21, 16], "uv_size": [2.5, 2]},
								"up": {"uv": [24, 15], "uv_size": [0.75, 2.5]},
								"down": {"uv": [24, 20.5], "uv_size": [0.75, -2.5]}
							}
						},
						{
							"origin": [-0.31819, 15.25, -1.1875],
							"size": [0.63638, 1.9375, 2.375],
							"inflate": 0.0005,
							"pivot": [0, 16.1875, 0],
							"rotation": [0, -30, 0],
							"uv": {
								"north": {"uv": [15, 25], "uv_size": [0.75, 2]},
								"east": {"uv": [21, 18], "uv_size": [2.5, 2]},
								"south": {"uv": [16, 25], "uv_size": [0.75, 2]},
								"west": {"uv": [3, 22], "uv_size": [2.5, 2]},
								"up": {"uv": [24, 21], "uv_size": [0.75, 2.5]},
								"down": {"uv": [24, 26.5], "uv_size": [0.75, -2.5]}
							}
						},
						{
							"origin": [-0.31819, 15.25, -1.1875],
							"size": [0.63638, 1.9375, 2.375],
							"uv": {
								"north": {"uv": [25, 16], "uv_size": [0.75, 2]},
								"east": {"uv": [6, 22], "uv_size": [2.5, 2]},
								"south": {"uv": [17, 25], "uv_size": [0.75, 2]},
								"west": {"uv": [9, 22], "uv_size": [2.5, 2]},
								"up": {"uv": [25, 0], "uv_size": [0.75, 2.5]},
								"down": {"uv": [25, 5.5], "uv_size": [0.75, -2.5]}
							}
						},
						{
							"origin": [-0.31819, 15.25, -1.1875],
							"size": [0.63638, 1.9375, 2.375],
							"inflate": 0.0005,
							"pivot": [0, 16.1875, 0],
							"rotation": [-180, -30, 180],
							"uv": {
								"north": {"uv": [18, 25], "uv_size": [0.75, 2]},
								"south": {"uv": [25, 18], "uv_size": [0.75, 2]},
								"up": {"uv": [25, 6], "uv_size": [0.75, 2.5]},
								"down": {"uv": [25, 11.5], "uv_size": [0.75, -2.5]}
							}
						},
						{
							"origin": [-0.36244, 14.8125, -0.875],
							"size": [0.72487, 2.625, 1.75],
							"pivot": [0, 16.125, 0],
							"rotation": [0, -45, 0],
							"uv": {
								"north": {"uv": [3, 24], "uv_size": [0.75, 2.75]},
								"east": {"uv": [12, 22], "uv_size": [1.75, 2.75]},
								"south": {"uv": [4, 24], "uv_size": [0.75, 2.75]},
								"west": {"uv": [14, 22], "uv_size": [1.75, 2.75]},
								"up": {"uv": [19, 25], "uv_size": [0.75, 1.75]},
								"down": {"uv": [20, 26.75], "uv_size": [0.75, -1.75]}
							}
						},
						{
							"origin": [-0.36244, 14.8125, -0.875],
							"size": [0.72487, 2.625, 0.0625],
							"uv": {
								"north": {"uv": [5, 24], "uv_size": [0.75, 2.75]},
								"east": {"uv": [5, 27], "uv_size": [0.25, 2.75]},
								"south": {"uv": [6, 24], "uv_size": [0.75, 2.75]},
								"west": {"uv": [6, 27], "uv_size": [0.25, 2.75]},
								"up": {"uv": [28, 6], "uv_size": [0.75, 0.25]},
								"down": {"uv": [28, 7.25], "uv_size": [0.75, -0.25]}
							}
						},
						{
							"origin": [-0.36244, 17.1875, 0.8125],
							"size": [0.72487, 0.25, 0.0625],
							"uv": {
								"north": {"uv": [28, 8], "uv_size": [0.75, 0.25]},
								"east": {"uv": [29, 3], "uv_size": [0.25, 0.25]},
								"south": {"uv": [28, 9], "uv_size": [0.75, 0.25]},
								"west": {"uv": [29, 4], "uv_size": [0.25, 0.25]},
								"up": {"uv": [28, 10], "uv_size": [0.75, 0.25]},
								"down": {"uv": [28, 11.25], "uv_size": [0.75, -0.25]}
							}
						},
						{
							"origin": [-0.875, 14.8125, -0.36244],
							"size": [1.75, 2.625, 0.72487],
							"pivot": [0, 16.125, 0],
							"rotation": [0, -45, 0],
							"uv": {
								"north": {"uv": [16, 22], "uv_size": [1.75, 2.75]},
								"east": {"uv": [24, 6], "uv_size": [0.75, 2.75]},
								"south": {"uv": [18, 22], "uv_size": [1.75, 2.75]},
								"west": {"uv": [7, 24], "uv_size": [0.75, 2.75]},
								"up": {"uv": [25, 20], "uv_size": [1.75, 0.75]},
								"down": {"uv": [21, 25.75], "uv_size": [1.75, -0.75]}
							}
						},
						{
							"origin": [-0.875, 14.8125, -0.36244],
							"size": [1.75, 2.625, 0.72487],
							"uv": {
								"north": {"uv": [20, 22], "uv_size": [1.75, 2.75]},
								"east": {"uv": [8, 24], "uv_size": [0.75, 2.75]},
								"south": {"uv": [22, 22], "uv_size": [1.75, 2.75]},
								"west": {"uv": [9, 24], "uv_size": [0.75, 2.75]},
								"up": {"uv": [25, 21], "uv_size": [1.75, 0.75]},
								"down": {"uv": [25, 22.75], "uv_size": [1.75, -0.75]}
							}
						},
						{
							"origin": [-0.33655, -1.9375, -0.8125],
							"size": [0.6731, 19.875, 1.625],
							"pivot": [0, 8, 0],
							"rotation": [0, -45, 0],
							"uv": {
								"north": {"uv": [16, 0], "uv_size": [0.75, 20]},
								"east": {"uv": [0, 0], "uv_size": [1.75, 20]},
								"south": {"uv": [17, 0], "uv_size": [0.75, 20]},
								"west": {"uv": [2, 0], "uv_size": [1.75, 20]},
								"up": {"uv": [23, 25], "uv_size": [0.75, 1.75]},
								"down": {"uv": [25, 24.75], "uv_size": [0.75, -1.75]}
							}
						},
						{
							"origin": [-0.33655, -1.9375, -0.8125],
							"size": [0.6731, 19.875, 1.625],
							"inflate": 0.001,
							"uv": {
								"north": {"uv": [18, 0], "uv_size": [0.75, 20]},
								"east": {"uv": [4, 0], "uv_size": [1.75, 20]},
								"south": {"uv": [19, 0], "uv_size": [0.75, 20]},
								"west": {"uv": [6, 0], "uv_size": [1.75, 20]},
								"up": {"uv": [25, 25], "uv_size": [0.75, 1.75]},
								"down": {"uv": [26, 1.75], "uv_size": [0.75, -1.75]}
							}
						},
						{
							"origin": [-0.8125, -1.9375, -0.33655],
							"size": [1.625, 19.875, 0.6731],
							"pivot": [0, 8, 0],
							"rotation": [0, -45, 0],
							"uv": {
								"north": {"uv": [8, 0], "uv_size": [1.75, 20]},
								"east": {"uv": [0, 20], "uv_size": [0.75, 20]},
								"south": {"uv": [10, 0], "uv_size": [1.75, 20]},
								"west": {"uv": [20, 0], "uv_size": [0.75, 20]},
								"up": {"uv": [26, 2], "uv_size": [1.75, 0.75]},
								"down": {"uv": [26, 3.75], "uv_size": [1.75, -0.75]}
							}
						},
						{
							"origin": [-0.8125, -1.9375, -0.33655],
							"size": [1.625, 19.875, 0.6731],
							"inflate": 0.0005,
							"uv": {
								"north": {"uv": [12, 0], "uv_size": [1.75, 20]},
								"east": {"uv": [1, 20], "uv_size": [0.75, 20]},
								"south": {"uv": [14, 0], "uv_size": [1.75, 20]},
								"west": {"uv": [2, 20], "uv_size": [0.75, 20]},
								"up": {"uv": [26, 4], "uv_size": [1.75, 0.75]},
								"down": {"uv": [26, 5.75], "uv_size": [1.75, -0.75]}
							}
						}
					]
				},
				{
					"name": "rightHand",
					"parent": "r",
					"pivot": [6, 18.93684, 8.04313]
				},
				{
					"name": "righthand_pos",
					"parent": "rightHand",
					"pivot": [0, 7.93684, 8.04313],
					"cubes": [
						{
							"origin": [4, 7.93684, 6.04313],
							"size": [3, 12, 4],
							"uv": {
								"north": {"uv": [0, 0], "uv_size": [4, 12]},
								"east": {"uv": [4, 0], "uv_size": [4, 12]},
								"south": {"uv": [8, 0], "uv_size": [4, 12]},
								"west": {"uv": [0, 12], "uv_size": [4, 12]},
								"up": {"uv": [12, 0], "uv_size": [4, 4]},
								"down": {"uv": [4, 16], "uv_size": [4, -4]}
							}
						}
					]
				},
				{
					"name": "leftHand",
					"parent": "root",
					"pivot": [-6, 18.93684, 8.04313]
				},
				{
					"name": "lefthand_pos",
					"parent": "leftHand",
					"pivot": [0, 7.93684, 8.04313],
					"cubes": [
						{
							"origin": [-7, 7.93684, 6.04313],
							"size": [3, 12, 4],
							"uv": {
								"north": {"uv": [0, 0], "uv_size": [4, 12]},
								"east": {"uv": [4, 0], "uv_size": [4, 12]},
								"south": {"uv": [8, 0], "uv_size": [4, 12]},
								"west": {"uv": [0, 12], "uv_size": [4, 12]},
								"up": {"uv": [12, 0], "uv_size": [4, 4]},
								"down": {"uv": [4, 16], "uv_size": [4, -4]}
							}
						}
					]
				},
				{
					"name": "camera",
					"pivot": [8, 11, 12]
				},
				{
					"name": "idle_view",
					"pivot": [8, 11, 12]
				}
			]
		}
	]
}