{
	"format_version": "1.12.0",
	"minecraft:geometry": [
		{
			"description": {
				"identifier": "geometry.unknown",
				"texture_width": 32,
				"texture_height": 32,
				"visible_bounds_width": 4,
				"visible_bounds_height": 2.5,
				"visible_bounds_offset": [0, 0.75, 0]
			},
			"bones": [
				{
					"name": "camera",
					"pivot": [8, 11, 12]
				},
				{
					"name": "idle_view",
					"pivot": [8, 11, 12]
				},
				{
					"name": "root",
					"pivot": [0, 2.5, 0]
				},
				{
					"name": "r",
					"parent": "root",
					"pivot": [0, 2.5, 0]
				},
				{
					"name": "rightHand",
					"parent": "r",
					"pivot": [6, 18.93684, 8.04313]
				},
				{
					"name": "righthand_pos",
					"parent": "rightHand",
					"pivot": [0, 7.93684, 8.04313],
					"cubes": [
						{
							"origin": [4, 7.93684, 6.04313],
							"size": [3, 12, 4],
							"uv": {
								"north": {"uv": [0, 0], "uv_size": [4, 12]},
								"east": {"uv": [4, 0], "uv_size": [4, 12]},
								"south": {"uv": [8, 0], "uv_size": [4, 12]},
								"west": {"uv": [0, 12], "uv_size": [4, 12]},
								"up": {"uv": [12, 0], "uv_size": [4, 4]},
								"down": {"uv": [4, 16], "uv_size": [4, -4]}
							}
						}
					]
				},
				{
					"name": "bayonet",
					"parent": "r",
					"pivot": [0.01636, 2.49012, 0.1248],
					"cubes": [
						{
							"origin": [-0.14239, 5.40625, -0.03125],
							"size": [0.28477, 0.6875, 0.1875],
							"pivot": [0, 5.75, 0.0625],
							"rotation": [-90, 45, 0],
							"uv": {
								"north": {"uv": [19, 5], "uv_size": [0.25, 0.75]},
								"east": {"uv": [6, 19], "uv_size": [0.25, 0.75]},
								"south": {"uv": [19, 6], "uv_size": [0.25, 0.75]},
								"west": {"uv": [7, 19], "uv_size": [0.25, 0.75]},
								"up": {"uv": [23, 24], "uv_size": [0.25, 0.25]},
								"down": {"uv": [24, 23.25], "uv_size": [0.25, -0.25]}
							}
						},
						{
							"origin": [-0.14239, 5.40625, -0.03125],
							"size": [0.28477, 0.6875, 0.1875],
							"inflate": 0.0005,
							"pivot": [0, 5.75, 0.0625],
							"rotation": [-90, 0, 0],
							"uv": {
								"north": {"uv": [19, 7], "uv_size": [0.25, 0.75]},
								"east": {"uv": [8, 19], "uv_size": [0.25, 0.75]},
								"south": {"uv": [19, 8], "uv_size": [0.25, 0.75]},
								"west": {"uv": [9, 19], "uv_size": [0.25, 0.75]},
								"up": {"uv": [24, 24], "uv_size": [0.25, 0.25]},
								"down": {"uv": [0, 25.25], "uv_size": [0.25, -0.25]}
							}
						},
						{
							"origin": [-0.34375, 5.60761, -0.03125],
							"size": [0.6875, 0.28477, 0.1875],
							"pivot": [0, 5.75, 0.0625],
							"rotation": [-90, 45, 0],
							"uv": {
								"north": {"uv": [19, 9], "uv_size": [0.75, 0.25]},
								"east": {"uv": [25, 0], "uv_size": [0.25, 0.25]},
								"south": {"uv": [10, 19], "uv_size": [0.75, 0.25]},
								"west": {"uv": [1, 25], "uv_size": [0.25, 0.25]},
								"up": {"uv": [19, 10], "uv_size": [0.75, 0.25]},
								"down": {"uv": [11, 19.25], "uv_size": [0.75, -0.25]}
							}
						},
						{
							"origin": [-0.34375, 5.60761, -0.03125],
							"size": [0.6875, 0.28477, 0.1875],
							"inflate": 0.001,
							"pivot": [0, 5.75, 0.0625],
							"rotation": [-90, 0, 0],
							"uv": {
								"north": {"uv": [19, 11], "uv_size": [0.75, 0.25]},
								"east": {"uv": [25, 1], "uv_size": [0.25, 0.25]},
								"south": {"uv": [12, 19], "uv_size": [0.75, 0.25]},
								"west": {"uv": [2, 25], "uv_size": [0.25, 0.25]},
								"up": {"uv": [19, 12], "uv_size": [0.75, 0.25]},
								"down": {"uv": [13, 19.25], "uv_size": [0.75, -0.25]}
							}
						},
						{
							"origin": [-0.19416, 4.75, 0.625],
							"size": [0.38833, 0.125, 0.875],
							"pivot": [0, 5.21875, 1.0625],
							"rotation": [-90, 45, 0],
							"uv": {
								"north": {"uv": [3, 20], "uv_size": [0.5, 0.25]},
								"east": {"uv": [16, 5], "uv_size": [1, 0.25]},
								"south": {"uv": [20, 3], "uv_size": [0.5, 0.25]},
								"west": {"uv": [16, 6], "uv_size": [1, 0.25]},
								"up": {"uv": [12, 7], "uv_size": [0.5, 1]},
								"down": {"uv": [13, 8], "uv_size": [0.5, -1]}
							}
						},
						{
							"origin": [-0.19416, 5.5625, 0.625],
							"size": [0.38833, 0.125, 0.875],
							"pivot": [0, 5.21875, 1.0625],
							"rotation": [-90, 45, 0],
							"uv": {
								"north": {"uv": [4, 20], "uv_size": [0.5, 0.25]},
								"east": {"uv": [7, 16], "uv_size": [1, 0.25]},
								"south": {"uv": [20, 4], "uv_size": [0.5, 0.25]},
								"west": {"uv": [16, 7], "uv_size": [1, 0.25]},
								"up": {"uv": [13, 11], "uv_size": [0.5, 1]},
								"down": {"uv": [12, 14], "uv_size": [0.5, -1]}
							}
						},
						{
							"origin": [-0.19416, 5.5625, 0.625],
							"size": [0.38833, 0.125, 0.5],
							"inflate": 0.0005,
							"pivot": [0, 5.21875, 1.0625],
							"rotation": [-90, 0, 0],
							"uv": {
								"north": {"uv": [5, 20], "uv_size": [0.5, 0.25]},
								"east": {"uv": [20, 5], "uv_size": [0.5, 0.25]},
								"south": {"uv": [6, 20], "uv_size": [0.5, 0.25]},
								"west": {"uv": [20, 6], "uv_size": [0.5, 0.25]},
								"up": {"uv": [8, 16], "uv_size": [0.5, 0.5]},
								"down": {"uv": [16, 8.5], "uv_size": [0.5, -0.5]}
							}
						},
						{
							"origin": [-0.46875, 5.21322, 0.86834],
							"size": [0.13282, 0.44303, 0.625],
							"inflate": 0.0005,
							"pivot": [-0.46875, 5.65625, 0.86834],
							"rotation": [-90, -25, 0],
							"uv": {
								"north": {"uv": [15, 20], "uv_size": [0.25, 0.5]},
								"east": {"uv": [15, 4], "uv_size": [0.75, 0.5]},
								"south": {"uv": [20, 15], "uv_size": [0.25, 0.5]},
								"west": {"uv": [5, 15], "uv_size": [0.75, 0.5]},
								"up": {"uv": [6, 18], "uv_size": [0.25, 0.75]},
								"down": {"uv": [18, 6.75], "uv_size": [0.25, -0.75]}
							}
						},
						{
							"origin": [0.33593, 5.21322, 0.86834],
							"size": [0.13282, 0.44303, 0.625],
							"inflate": 0.0005,
							"pivot": [0.46875, 5.65625, 0.86834],
							"rotation": [-90, 25, 0],
							"uv": {
								"north": {"uv": [14, 20], "uv_size": [0.25, 0.5]},
								"east": {"uv": [15, 3], "uv_size": [0.75, 0.5]},
								"south": {"uv": [20, 14], "uv_size": [0.25, 0.5]},
								"west": {"uv": [4, 15], "uv_size": [0.75, 0.5]},
								"up": {"uv": [3, 18], "uv_size": [0.25, 0.75]},
								"down": {"uv": [18, 3.75], "uv_size": [0.25, -0.75]}
							}
						},
						{
							"origin": [0.34375, 5.02459, 0.625],
							"size": [0.125, 0.38833, 0.875],
							"pivot": [0, 5.21875, 1.0625],
							"rotation": [-90, 45, 0],
							"uv": {
								"north": {"uv": [7, 20], "uv_size": [0.25, 0.5]},
								"east": {"uv": [13, 12], "uv_size": [1, 0.5]},
								"south": {"uv": [20, 7], "uv_size": [0.25, 0.5]},
								"west": {"uv": [13, 13], "uv_size": [1, 0.5]},
								"up": {"uv": [9, 16], "uv_size": [0.25, 1]},
								"down": {"uv": [16, 10], "uv_size": [0.25, -1]}
							}
						},
						{
							"origin": [0.34375, 5.02459, 0.625],
							"size": [0.125, 0.38833, 0.875],
							"inflate": 0.0005,
							"pivot": [0, 5.21875, 1.0625],
							"rotation": [-90, 0, 0],
							"uv": {
								"north": {"uv": [8, 20], "uv_size": [0.25, 0.5]},
								"east": {"uv": [14, 0], "uv_size": [1, 0.5]},
								"south": {"uv": [20, 8], "uv_size": [0.25, 0.5]},
								"west": {"uv": [1, 14], "uv_size": [1, 0.5]},
								"up": {"uv": [10, 16], "uv_size": [0.25, 1]},
								"down": {"uv": [16, 11], "uv_size": [0.25, -1]}
							}
						},
						{
							"origin": [-0.46875, 5.02459, 0.625],
							"size": [0.125, 0.38833, 0.875],
							"pivot": [0, 5.21875, 1.0625],
							"rotation": [-90, 45, 0],
							"uv": {
								"north": {"uv": [9, 20], "uv_size": [0.25, 0.5]},
								"east": {"uv": [14, 1], "uv_size": [1, 0.5]},
								"south": {"uv": [20, 9], "uv_size": [0.25, 0.5]},
								"west": {"uv": [2, 14], "uv_size": [1, 0.5]},
								"up": {"uv": [11, 16], "uv_size": [0.25, 1]},
								"down": {"uv": [16, 12], "uv_size": [0.25, -1]}
							}
						},
						{
							"origin": [-0.46875, 5.02459, 0.625],
							"size": [0.125, 0.38833, 0.875],
							"inflate": 0.0005,
							"pivot": [0, 5.21875, 1.0625],
							"rotation": [-90, 0, 0],
							"uv": {
								"north": {"uv": [10, 20], "uv_size": [0.25, 0.5]},
								"east": {"uv": [14, 2], "uv_size": [1, 0.5]},
								"south": {"uv": [20, 10], "uv_size": [0.25, 0.5]},
								"west": {"uv": [14, 3], "uv_size": [1, 0.5]},
								"up": {"uv": [12, 16], "uv_size": [0.25, 1]},
								"down": {"uv": [16, 13], "uv_size": [0.25, -1]}
							}
						},
						{
							"origin": [-0.4375, 1.96875, -0.28125],
							"size": [0.875, 0.25, 0.625],
							"pivot": [0.1875, 1.96875, -0.28125],
							"rotation": [-80, 0, 0],
							"uv": {
								"north": {"uv": [17, 1], "uv_size": [1, 0.25]},
								"east": {"uv": [19, 1], "uv_size": [0.75, 0.25]},
								"south": {"uv": [2, 17], "uv_size": [1, 0.25]},
								"west": {"uv": [2, 19], "uv_size": [0.75, 0.25]},
								"up": {"uv": [10, 6], "uv_size": [1, 0.75]},
								"down": {"uv": [10, 7.75], "uv_size": [1, -0.75]}
							}
						},
						{
							"origin": [-0.4375, 2.96875, -1.40625],
							"size": [0.875, 0.1875, 1.125],
							"pivot": [0.1875, 2.96875, -0.28125],
							"rotation": [-100, 0, 0],
							"uv": {
								"north": {"uv": [17, 2], "uv_size": [1, 0.25]},
								"east": {"uv": [16, 4], "uv_size": [1.25, 0.25]},
								"south": {"uv": [3, 17], "uv_size": [1, 0.25]},
								"west": {"uv": [5, 16], "uv_size": [1.25, 0.25]},
								"up": {"uv": [6, 0], "uv_size": [1, 1.25]},
								"down": {"uv": [6, 3.25], "uv_size": [1, -1.25]}
							}
						},
						{
							"origin": [-0.58769, 0.09438, -1.15625],
							"size": [0.40019, 0.31187, 0.3125],
							"pivot": [-0.1875, 0.09375, -0.84375],
							"rotation": [-90, 51.25, 0],
							"uv": {
								"north": {"uv": [3, 22], "uv_size": [0.5, 0.25]},
								"east": {"uv": [22, 23], "uv_size": [0.25, 0.25]},
								"south": {"uv": [22, 3], "uv_size": [0.5, 0.25]},
								"west": {"uv": [23, 22], "uv_size": [0.25, 0.25]},
								"up": {"uv": [4, 22], "uv_size": [0.5, 0.25]},
								"down": {"uv": [22, 4.25], "uv_size": [0.5, -0.25]}
							}
						},
						{
							"origin": [-0.56078, 0.40594, -1.73805],
							"size": [0.37328, 0.30522, 0.8943],
							"pivot": [-0.1875, 0.40625, -0.84375],
							"rotation": [-127.882, 41.2372, -27.1498],
							"uv": {
								"north": {"uv": [23, 23], "uv_size": [0.25, 0.25]},
								"down": {"uv": [11, 18], "uv_size": [0.25, -1]}
							}
						},
						{
							"origin": [-0.5897, 1.46923, -0.5],
							"size": [0.4022, 0.24952, 0.39724],
							"pivot": [-0.1875, 1.46875, -0.5],
							"rotation": [-90, 51.5, 0],
							"uv": {
								"up": {"uv": [17, 11], "uv_size": [0.5, 0.5]},
								"down": {"uv": [12, 17.5], "uv_size": [0.5, -0.5]}
							}
						},
						{
							"origin": [-0.584, 1.35214, -1.11034],
							"size": [0.39648, 0.18861, 0.62512],
							"pivot": [-0.1875, 1.35325, -0.48522],
							"rotation": [-74.3479, 49.9372, 12.1031],
							"uv": {
								"up": {"uv": [2, 16], "uv_size": [0.5, 0.75]},
								"down": {"uv": [16, 2.75], "uv_size": [0.5, -0.75]}
							}
						},
						{
							"origin": [-0.58769, 1.96763, -1.59375],
							"size": [0.40019, 0.25112, 1],
							"pivot": [-0.1875, 1.96875, -0.59375],
							"rotation": [-90, 51.5, 0],
							"uv": {
								"north": {"uv": [5, 22], "uv_size": [0.5, 0.25]},
								"east": {"uv": [17, 12], "uv_size": [1, 0.25]},
								"south": {"uv": [22, 5], "uv_size": [0.5, 0.25]},
								"west": {"uv": [13, 17], "uv_size": [1, 0.25]},
								"up": {"uv": [15, 0], "uv_size": [0.5, 1]},
								"down": {"uv": [1, 16], "uv_size": [0.5, -1]}
							}
						},
						{
							"origin": [-0.58411, 2.9665, -1.72693],
							"size": [0.39661, 0.18975, 1.1333],
							"pivot": [-0.1875, 2.96875, -0.59375],
							"rotation": [-105.7329, 50.1779, -12.2084],
							"uv": {
								"up": {"uv": [12, 11], "uv_size": [0.5, 1.25]},
								"down": {"uv": [13, 10.25], "uv_size": [0.5, -1.25]}
							}
						},
						{
							"origin": [0.1875, 2.9665, -1.72693],
							"size": [0.39661, 0.18975, 1.1333],
							"pivot": [0.1875, 2.96875, -0.59375],
							"rotation": [-105.7329, -50.1779, 12.2084],
							"uv": {
								"north": {"uv": [21, 20], "uv_size": [0.5, 0.25]},
								"up": {"uv": [10, 12], "uv_size": [0.5, 1.25]},
								"down": {"uv": [11, 13.25], "uv_size": [0.5, -1.25]}
							}
						},
						{
							"origin": [0.18752, 1.35214, -1.11034],
							"size": [0.39648, 0.18861, 0.62512],
							"pivot": [0.1875, 1.35325, -0.48522],
							"rotation": [-74.3479, -49.9372, -12.1031],
							"uv": {
								"south": {"uv": [21, 21], "uv_size": [0.5, 0.25]},
								"up": {"uv": [1, 16], "uv_size": [0.5, 0.75]},
								"down": {"uv": [16, 1.75], "uv_size": [0.5, -0.75]}
							}
						},
						{
							"origin": [0.1875, 1.96763, -1.59375],
							"size": [0.40019, 0.25112, 1],
							"pivot": [0.1875, 1.96875, -0.59375],
							"rotation": [-90, -51.5, 0],
							"uv": {
								"north": {"uv": [0, 22], "uv_size": [0.5, 0.25]},
								"east": {"uv": [17, 8], "uv_size": [1, 0.25]},
								"south": {"uv": [22, 0], "uv_size": [0.5, 0.25]},
								"west": {"uv": [9, 17], "uv_size": [1, 0.25]},
								"up": {"uv": [14, 14], "uv_size": [0.5, 1]},
								"down": {"uv": [0, 16], "uv_size": [0.5, -1]}
							}
						},
						{
							"origin": [-0.1875, 1.96875, -0.59375],
							"size": [0.375, 0.1875, 0.625],
							"pivot": [0.1875, 1.96875, -0.59375],
							"rotation": [-80, 0, 0],
							"uv": {
								"north": {"uv": [21, 14], "uv_size": [0.5, 0.25]},
								"east": {"uv": [18, 18], "uv_size": [0.75, 0.25]},
								"south": {"uv": [15, 21], "uv_size": [0.5, 0.25]},
								"west": {"uv": [0, 19], "uv_size": [0.75, 0.25]},
								"up": {"uv": [15, 14], "uv_size": [0.5, 0.75]},
								"down": {"uv": [15, 15.75], "uv_size": [0.5, -0.75]}
							}
						},
						{
							"origin": [-0.1875, 2.96875, -1.71875],
							"size": [0.375, 0.1875, 1.125],
							"pivot": [0.1875, 2.96875, -0.59375],
							"rotation": [-100, 0, 0],
							"uv": {
								"north": {"uv": [21, 13], "uv_size": [0.5, 0.25]},
								"east": {"uv": [3, 16], "uv_size": [1.25, 0.25]},
								"south": {"uv": [14, 21], "uv_size": [0.5, 0.25]},
								"west": {"uv": [16, 3], "uv_size": [1.25, 0.25]},
								"up": {"uv": [8, 12], "uv_size": [0.5, 1.25]},
								"down": {"uv": [9, 13.25], "uv_size": [0.5, -1.25]}
							}
						},
						{
							"origin": [-0.4375, 1.84375, 1.375],
							"size": [0.875, 0.25, 1.0625],
							"inflate": 0.0005,
							"pivot": [0, 2.4375, 0.40625],
							"rotation": [-90, 0, 0],
							"uv": {
								"north": {"uv": [4, 17], "uv_size": [1, 0.25]},
								"east": {"uv": [5, 17], "uv_size": [1, 0.25]},
								"south": {"uv": [17, 5], "uv_size": [1, 0.25]},
								"west": {"uv": [6, 17], "uv_size": [1, 0.25]},
								"up": {"uv": [9, 5], "uv_size": [1, 1]},
								"down": {"uv": [9, 7], "uv_size": [1, -1]}
							}
						},
						{
							"origin": [0.1875, 0.09438, -1.15625],
							"size": [0.40019, 0.31187, 0.3125],
							"pivot": [0.1875, 0.09375, -0.84375],
							"rotation": [-90, -51.25, 0],
							"uv": {
								"north": {"uv": [1, 22], "uv_size": [0.5, 0.25]},
								"east": {"uv": [23, 20], "uv_size": [0.25, 0.25]},
								"south": {"uv": [22, 1], "uv_size": [0.5, 0.25]},
								"west": {"uv": [21, 23], "uv_size": [0.25, 0.25]},
								"up": {"uv": [2, 22], "uv_size": [0.5, 0.25]},
								"down": {"uv": [22, 2.25], "uv_size": [0.5, -0.25]}
							}
						},
						{
							"origin": [0.1875, 0.40594, -1.73805],
							"size": [0.37328, 0.30522, 0.8943],
							"pivot": [0.1875, 0.40625, -0.84375],
							"rotation": [-127.882, -41.2372, 27.1498],
							"uv": {
								"north": {"uv": [23, 21], "uv_size": [0.25, 0.25]},
								"down": {"uv": [17, 10], "uv_size": [0.25, -1]}
							}
						},
						{
							"origin": [0.1875, 1.46923, -0.5],
							"size": [0.4022, 0.24952, 0.39724],
							"pivot": [0.1875, 1.46875, -0.5],
							"rotation": [-90, -51.5, 0],
							"uv": {
								"up": {"uv": [10, 17], "uv_size": [0.5, 0.5]},
								"down": {"uv": [17, 10.5], "uv_size": [0.5, -0.5]}
							}
						},
						{
							"origin": [-0.1875, 1.84375, 1.0625],
							"size": [0.375, 0.25, 0.5625],
							"pivot": [0, 2.4375, 0.09375],
							"rotation": [-90, 0, 0],
							"uv": {
								"north": {"uv": [21, 17], "uv_size": [0.5, 0.25]},
								"south": {"uv": [18, 21], "uv_size": [0.5, 0.25]},
								"up": {"uv": [16, 16], "uv_size": [0.5, 0.5]},
								"down": {"uv": [0, 17.5], "uv_size": [0.5, -0.5]}
							}
						},
						{
							"origin": [-0.4375, 3.3125, 1.4375],
							"size": [0.875, 0.1875, 1],
							"inflate": 0.0005,
							"pivot": [0, 4, 0.40625],
							"rotation": [-90, 0, 0],
							"uv": {
								"east": {"uv": [17, 0], "uv_size": [1, 0.25]},
								"west": {"uv": [1, 17], "uv_size": [1, 0.25]},
								"up": {"uv": [1, 9], "uv_size": [1, 1]},
								"down": {"uv": [9, 5], "uv_size": [1, -1]}
							}
						},
						{
							"origin": [-0.1875, 3.3125, 1.125],
							"size": [0.375, 0.25, 1],
							"pivot": [0, 4, 0.09375],
							"rotation": [-90, 0, 0],
							"uv": {
								"north": {"uv": [21, 12], "uv_size": [0.5, 0.25]},
								"east": {"uv": [15, 16], "uv_size": [1, 0.25]},
								"south": {"uv": [13, 21], "uv_size": [0.5, 0.25]},
								"west": {"uv": [16, 15], "uv_size": [1, 0.25]},
								"up": {"uv": [12, 14], "uv_size": [0.5, 1]},
								"down": {"uv": [14, 13], "uv_size": [0.5, -1]}
							}
						},
						{
							"origin": [-0.1875, 3.5, -0.25],
							"size": [0.375, 1, 4.25],
							"inflate": 0.001,
							"pivot": [0, 4, 0.09375],
							"rotation": [-90, 0, 0],
							"uv": {
								"north": {"uv": [11, 14], "uv_size": [0.5, 1]},
								"south": {"uv": [14, 11], "uv_size": [0.5, 1]},
								"up": {"uv": [2, 6], "uv_size": [0.5, 4.25]},
								"down": {"uv": [3, 10.25], "uv_size": [0.5, -4.25]}
							}
						},
						{
							"origin": [-0.4375, 0.40625, -1.28125],
							"size": [0.875, 0.30491, 0.75],
							"pivot": [0.1875, 0.40625, -0.53125],
							"rotation": [-117.5, 0, 0],
							"uv": {
								"north": {"uv": [17, 7], "uv_size": [1, 0.25]},
								"east": {"uv": [19, 2], "uv_size": [0.75, 0.25]},
								"south": {"uv": [8, 17], "uv_size": [1, 0.25]},
								"west": {"uv": [3, 19], "uv_size": [0.75, 0.25]},
								"up": {"uv": [10, 8], "uv_size": [1, 0.75]},
								"down": {"uv": [9, 10.75], "uv_size": [1, -0.75]}
							}
						},
						{
							"origin": [-0.1875, 0.40625, -1.59375],
							"size": [0.375, 0.30491, 0.75],
							"pivot": [0.1875, 0.40625, -0.84375],
							"rotation": [-117.5, 0, 0],
							"uv": {
								"north": {"uv": [21, 18], "uv_size": [0.5, 0.25]},
								"east": {"uv": [19, 0], "uv_size": [0.75, 0.25]},
								"south": {"uv": [19, 21], "uv_size": [0.5, 0.25]},
								"west": {"uv": [1, 19], "uv_size": [0.75, 0.25]},
								"up": {"uv": [0, 16], "uv_size": [0.5, 0.75]},
								"down": {"uv": [16, 0.75], "uv_size": [0.5, -0.75]}
							}
						},
						{
							"origin": [-0.4375, 3.0625, 4],
							"size": [0.875, 0.4375, 0.3125],
							"inflate": 0.0005,
							"pivot": [0, 4, 0.40625],
							"rotation": [-90, 0, 0],
							"uv": {
								"north": {"uv": [13, 14], "uv_size": [1, 0.5]},
								"east": {"uv": [21, 19], "uv_size": [0.25, 0.5]},
								"south": {"uv": [14, 13], "uv_size": [1, 0.5]},
								"west": {"uv": [20, 21], "uv_size": [0.25, 0.5]},
								"up": {"uv": [17, 6], "uv_size": [1, 0.25]},
								"down": {"uv": [7, 17.25], "uv_size": [1, -0.25]}
							}
						},
						{
							"origin": [-0.1875, 3.0625, 3.6875],
							"size": [0.375, 0.3125, 0.3125],
							"inflate": 0.0005,
							"pivot": [0, 4, 0.09375],
							"rotation": [-90, 0, 0],
							"uv": {
								"north": {"uv": [21, 15], "uv_size": [0.5, 0.25]},
								"east": {"uv": [23, 19], "uv_size": [0.25, 0.25]},
								"south": {"uv": [16, 21], "uv_size": [0.5, 0.25]},
								"west": {"uv": [20, 23], "uv_size": [0.25, 0.25]},
								"up": {"uv": [21, 16], "uv_size": [0.5, 0.25]},
								"down": {"uv": [17, 21.25], "uv_size": [0.5, -0.25]}
							}
						},
						{
							"origin": [-0.10355, -0.4473, 0.09375],
							"size": [0.35355, 0.35355, 0.25],
							"pivot": [0.25, -0.09375, 0.28125],
							"rotation": [-90, 45, 0],
							"uv": {
								"north": {"uv": [3, 24], "uv_size": [0.25, 0.25]},
								"east": {"uv": [24, 3], "uv_size": [0.25, 0.25]},
								"south": {"uv": [4, 24], "uv_size": [0.25, 0.25]},
								"west": {"uv": [24, 4], "uv_size": [0.25, 0.25]},
								"up": {"uv": [5, 24], "uv_size": [0.25, 0.25]},
								"down": {"uv": [24, 5.25], "uv_size": [0.25, -0.25]}
							}
						},
						{
							"origin": [-0.10355, -0.4473, -0.40625],
							"size": [0.35355, 0.35355, 0.25],
							"pivot": [0.25, -0.09375, -0.21875],
							"rotation": [-90, 45, 0],
							"uv": {
								"north": {"uv": [0, 24], "uv_size": [0.25, 0.25]},
								"east": {"uv": [24, 0], "uv_size": [0.25, 0.25]},
								"south": {"uv": [1, 24], "uv_size": [0.25, 0.25]},
								"west": {"uv": [24, 1], "uv_size": [0.25, 0.25]},
								"up": {"uv": [2, 24], "uv_size": [0.25, 0.25]},
								"down": {"uv": [24, 2.25], "uv_size": [0.25, -0.25]}
							}
						},
						{
							"origin": [-0.25, 3.4375, 3.75],
							"size": [0.5, 0.5, 0.25],
							"inflate": 0.0005,
							"pivot": [0, 3.75, 0.09375],
							"rotation": [-90, 0, 0],
							"uv": {
								"north": {"uv": [17, 13], "uv_size": [0.5, 0.5]},
								"east": {"uv": [6, 22], "uv_size": [0.25, 0.5]},
								"south": {"uv": [14, 17], "uv_size": [0.5, 0.5]},
								"west": {"uv": [22, 6], "uv_size": [0.25, 0.5]},
								"up": {"uv": [7, 22], "uv_size": [0.5, 0.25]},
								"down": {"uv": [22, 7.25], "uv_size": [0.5, -0.25]}
							}
						},
						{
							"origin": [-0.4375, 3.8125, -0.25],
							"size": [0.875, 0.4375, 4.25],
							"inflate": 0.001,
							"pivot": [0, 4, 0.09375],
							"rotation": [-90, 0, 0],
							"uv": {
								"north": {"uv": [10, 14], "uv_size": [1, 0.5]},
								"east": {"uv": [2, 4], "uv_size": [4.25, 0.5]},
								"south": {"uv": [14, 10], "uv_size": [1, 0.5]},
								"west": {"uv": [2, 5], "uv_size": [4.25, 0.5]},
								"up": {"uv": [0, 4], "uv_size": [1, 4.25]},
								"down": {"uv": [1, 8.25], "uv_size": [1, -4.25]}
							}
						},
						{
							"origin": [-0.4375, 4.5, -0.25],
							"size": [0.875, 0.375, 0.6875],
							"pivot": [0, 4.6875, 0.09375],
							"rotation": [-90, 0, 0],
							"uv": {
								"north": {"uv": [9, 14], "uv_size": [1, 0.5]},
								"east": {"uv": [15, 8], "uv_size": [0.75, 0.5]},
								"south": {"uv": [14, 9], "uv_size": [1, 0.5]},
								"west": {"uv": [9, 15], "uv_size": [0.75, 0.5]},
								"up": {"uv": [10, 4], "uv_size": [1, 0.75]},
								"down": {"uv": [10, 5.75], "uv_size": [1, -0.75]}
							}
						},
						{
							"origin": [-0.46875, 5.15625, -0.03125],
							"size": [0.9375, 0.25, 0.25],
							"pivot": [-0.03125, 5.28125, 0.09375],
							"rotation": [-45, 0, 0],
							"uv": {
								"north": {"uv": [17, 16], "uv_size": [1, 0.25]},
								"east": {"uv": [17, 24], "uv_size": [0.25, 0.25]},
								"south": {"uv": [17, 17], "uv_size": [1, 0.25]},
								"west": {"uv": [24, 17], "uv_size": [0.25, 0.25]},
								"up": {"uv": [0, 18], "uv_size": [1, 0.25]},
								"down": {"uv": [18, 0.25], "uv_size": [1, -0.25]}
							}
						},
						{
							"origin": [-0.34319, 5.625, -6.09431],
							"size": [0.125, 0.6875, 6],
							"pivot": [0.00056, 5.96875, -0.21931],
							"rotation": [0, 90, 90],
							"uv": {
								"north": {"uv": [19, 4], "uv_size": [0.25, 0.75]},
								"east": {"uv": [0, 2], "uv_size": [6, 0.75]},
								"south": {"uv": [5, 19], "uv_size": [0.25, 0.75]},
								"west": {"uv": [0, 3], "uv_size": [6, 0.75]},
								"up": {"uv": [8, 6], "uv_size": [0.25, 6]},
								"down": {"uv": [0, 15], "uv_size": [0.25, -6]}
							}
						},
						{
							"origin": [-0.44407, 14.60088, -0.62556],
							"size": [0.125, 0.24827, 0.75],
							"inflate": 0.001,
							"pivot": [-0.31857, 14.84966, 0.12494],
							"rotation": [0, -90, -75],
							"uv": {
								"north": {"uv": [25, 11], "uv_size": [0.25, 0.25]},
								"east": {"uv": [0, 20], "uv_size": [0.75, 0.25]},
								"south": {"uv": [12, 25], "uv_size": [0.25, 0.25]},
								"west": {"uv": [20, 0], "uv_size": [0.75, 0.25]},
								"up": {"uv": [1, 20], "uv_size": [0.25, 0.75]},
								"down": {"uv": [20, 1.75], "uv_size": [0.25, -0.75]}
							}
						},
						{
							"origin": [0.31907, 14.60088, -0.62556],
							"size": [0.125, 0.24827, 0.75],
							"inflate": 0.001,
							"pivot": [0.31857, 14.84966, 0.12494],
							"rotation": [0, 90, 75],
							"uv": {
								"north": {"uv": [25, 10], "uv_size": [0.25, 0.25]},
								"east": {"uv": [19, 17], "uv_size": [0.75, 0.25]},
								"south": {"uv": [11, 25], "uv_size": [0.25, 0.25]},
								"west": {"uv": [18, 19], "uv_size": [0.75, 0.25]},
								"up": {"uv": [19, 18], "uv_size": [0.25, 0.75]},
								"down": {"uv": [19, 19.75], "uv_size": [0.25, -0.75]}
							}
						},
						{
							"origin": [-0.34319, 11.47048, -3.56957],
							"size": [0.125, 0.37327, 3.00652],
							"inflate": 0.0005,
							"pivot": [0.34431, 11.84375, -0.56306],
							"rotation": [0, 90, 89.5],
							"uv": {
								"north": {"uv": [25, 6], "uv_size": [0.25, 0.25]},
								"east": {"uv": [11, 8], "uv_size": [3, 0.25]},
								"south": {"uv": [7, 25], "uv_size": [0.25, 0.25]},
								"west": {"uv": [9, 11], "uv_size": [3, 0.25]},
								"up": {"uv": [7, 11], "uv_size": [0.25, 3]},
								"down": {"uv": [3, 15], "uv_size": [0.25, -3]}
							}
						},
						{
							"origin": [-1.03069, 11.84375, -3.56631],
							"size": [0.125, 0.37333, 3.00326],
							"pivot": [-0.34319, 11.84375, -0.56306],
							"rotation": [0, 90, 90.5],
							"uv": {
								"north": {"uv": [25, 7], "uv_size": [0.25, 0.25]},
								"east": {"uv": [12, 5], "uv_size": [3, 0.25]},
								"south": {"uv": [8, 25], "uv_size": [0.25, 0.25]},
								"west": {"uv": [12, 6], "uv_size": [3, 0.25]},
								"up": {"uv": [4, 12], "uv_size": [0.25, 3]},
								"down": {"uv": [5, 15], "uv_size": [0.25, -3]}
							}
						},
						{
							"origin": [-0.0625, 5.625, -5.8125],
							"size": [0.125, 0.6875, 6],
							"pivot": [0.28125, 5.96875, 0.0625],
							"rotation": [-90, 0, 0],
							"uv": {
								"north": {"uv": [19, 3], "uv_size": [0.25, 0.75]},
								"east": {"uv": [0, 0], "uv_size": [6, 0.75]},
								"south": {"uv": [4, 19], "uv_size": [0.25, 0.75]},
								"west": {"uv": [0, 1], "uv_size": [6, 0.75]},
								"up": {"uv": [7, 5], "uv_size": [0.25, 6]},
								"down": {"uv": [8, 6], "uv_size": [0.25, -6]}
							}
						},
						{
							"origin": [-0.0625, 15.39776, 0.01397],
							"size": [0.1245, 0.17584, 0.17194],
							"inflate": 0.0005,
							"pivot": [0.063, 15.5741, 0.1864],
							"rotation": [-45, 0, 0],
							"uv": {
								"north": {"uv": [25, 12], "uv_size": [0.25, 0.25]},
								"east": {"uv": [13, 25], "uv_size": [0.25, 0.25]},
								"south": {"uv": [25, 13], "uv_size": [0.25, 0.25]},
								"west": {"uv": [14, 25], "uv_size": [0.25, 0.25]},
								"up": {"uv": [25, 14], "uv_size": [0.25, 0.25]},
								"down": {"uv": [15, 25.25], "uv_size": [0.25, -0.25]}
							}
						},
						{
							"origin": [-0.0625, 14.60088, -0.36998],
							"size": [0.125, 0.24827, 0.75],
							"inflate": 0.001,
							"pivot": [0.063, 14.84966, 0.38052],
							"rotation": [-75, 0, 0],
							"uv": {
								"north": {"uv": [25, 8], "uv_size": [0.25, 0.25]},
								"east": {"uv": [19, 13], "uv_size": [0.75, 0.25]},
								"south": {"uv": [9, 25], "uv_size": [0.25, 0.25]},
								"west": {"uv": [14, 19], "uv_size": [0.75, 0.25]},
								"up": {"uv": [19, 14], "uv_size": [0.25, 0.75]},
								"down": {"uv": [15, 19.75], "uv_size": [0.25, -0.75]}
							}
						},
						{
							"origin": [-0.0625, 11.47048, -2.60027],
							"size": [0.125, 0.37327, 3.00652],
							"inflate": 0.0005,
							"pivot": [0.625, 11.84375, 0.40625],
							"rotation": [-89.5, 0, 0],
							"uv": {
								"north": {"uv": [25, 4], "uv_size": [0.25, 0.25]},
								"east": {"uv": [10, 9], "uv_size": [3, 0.25]},
								"south": {"uv": [5, 25], "uv_size": [0.25, 0.25]},
								"west": {"uv": [10, 10], "uv_size": [3, 0.25]},
								"up": {"uv": [1, 11], "uv_size": [0.25, 3]},
								"down": {"uv": [2, 14], "uv_size": [0.25, -3]}
							}
						},
						{
							"origin": [-0.0625, 14.84689, -1.00504],
							"size": [0.125, 0.24833, 0.75],
							"inflate": 0.001,
							"pivot": [0.0625, 14.84689, -0.25504],
							"rotation": [-105, 0, 0],
							"uv": {
								"north": {"uv": [25, 9], "uv_size": [0.25, 0.25]},
								"east": {"uv": [19, 15], "uv_size": [0.75, 0.25]},
								"south": {"uv": [10, 25], "uv_size": [0.25, 0.25]},
								"west": {"uv": [16, 19], "uv_size": [0.75, 0.25]},
								"up": {"uv": [19, 16], "uv_size": [0.25, 0.75]},
								"down": {"uv": [17, 19.75], "uv_size": [0.25, -0.75]}
							}
						},
						{
							"origin": [-0.0625, 11.84375, -3.28451],
							"size": [0.125, 0.37333, 3.00326],
							"pivot": [0.625, 11.84375, -0.28125],
							"rotation": [-90.5, 0, 0],
							"uv": {
								"north": {"uv": [25, 5], "uv_size": [0.25, 0.25]},
								"east": {"uv": [3, 11], "uv_size": [3, 0.25]},
								"south": {"uv": [6, 25], "uv_size": [0.25, 0.25]},
								"west": {"uv": [11, 4], "uv_size": [3, 0.25]},
								"up": {"uv": [11, 5], "uv_size": [0.25, 3]},
								"down": {"uv": [6, 14], "uv_size": [0.25, -3]}
							}
						},
						{
							"origin": [-0.4375, 5.1875, -0.1875],
							"size": [0.875, 0.375, 0.625],
							"inflate": 0.0012,
							"pivot": [0, 5.375, 0.09375],
							"rotation": [-90, 0, 0],
							"uv": {
								"north": {"uv": [7, 14], "uv_size": [1, 0.5]},
								"east": {"uv": [15, 2], "uv_size": [0.75, 0.5]},
								"south": {"uv": [14, 7], "uv_size": [1, 0.5]},
								"west": {"uv": [3, 15], "uv_size": [0.75, 0.5]},
								"up": {"uv": [9, 7], "uv_size": [1, 0.75]},
								"down": {"uv": [9, 8.75], "uv_size": [1, -0.75]}
							}
						},
						{
							"origin": [-0.4375, 5.65625, 0.28125],
							"size": [0.24394, 0.3125, 0.625],
							"inflate": 0.0007,
							"pivot": [-0.4375, 5.65625, 0.28125],
							"rotation": [-90, 20, 0],
							"uv": {
								"north": {"uv": [23, 12], "uv_size": [0.25, 0.25]},
								"east": {"uv": [7, 18], "uv_size": [0.75, 0.25]},
								"south": {"uv": [13, 23], "uv_size": [0.25, 0.25]},
								"west": {"uv": [18, 7], "uv_size": [0.75, 0.25]},
								"up": {"uv": [8, 18], "uv_size": [0.25, 0.75]},
								"down": {"uv": [18, 8.75], "uv_size": [0.25, -0.75]}
							}
						},
						{
							"origin": [0.19356, 5.65625, 0.28125],
							"size": [0.24394, 0.3125, 0.625],
							"inflate": 0.0007,
							"pivot": [0.4375, 5.65625, 0.28125],
							"rotation": [-90, -20, 0],
							"uv": {
								"north": {"uv": [23, 10], "uv_size": [0.25, 0.25]},
								"east": {"uv": [4, 18], "uv_size": [0.75, 0.25]},
								"south": {"uv": [11, 23], "uv_size": [0.25, 0.25]},
								"west": {"uv": [18, 4], "uv_size": [0.75, 0.25]},
								"up": {"uv": [5, 18], "uv_size": [0.25, 0.75]},
								"down": {"uv": [18, 5.75], "uv_size": [0.25, -0.75]}
							}
						},
						{
							"origin": [0.03719, 4.64878, 0.37874],
							"size": [0.32207, 0.13247, 0.4375],
							"pivot": [0.35926, 4.78125, 0.37874],
							"rotation": [-90, 61.25, 0],
							"uv": {
								"north": {"uv": [18, 24], "uv_size": [0.25, 0.25]},
								"east": {"uv": [22, 22], "uv_size": [0.5, 0.25]},
								"south": {"uv": [24, 18], "uv_size": [0.25, 0.25]},
								"west": {"uv": [0, 23], "uv_size": [0.5, 0.25]},
								"up": {"uv": [23, 0], "uv_size": [0.25, 0.5]},
								"down": {"uv": [1, 23.5], "uv_size": [0.25, -0.5]}
							}
						},
						{
							"origin": [0.1875, 4.77315, 0.53125],
							"size": [0.40019, 0.19497, 0.6875],
							"pivot": [0.1875, 4.96875, 0.59375],
							"rotation": [-90, 51.25, 0],
							"uv": {
								"north": {"uv": [20, 20], "uv_size": [0.5, 0.25]},
								"east": {"uv": [11, 18], "uv_size": [0.75, 0.25]},
								"south": {"uv": [0, 21], "uv_size": [0.5, 0.25]},
								"west": {"uv": [18, 11], "uv_size": [0.75, 0.25]},
								"up": {"uv": [15, 9], "uv_size": [0.5, 0.75]},
								"down": {"uv": [10, 15.75], "uv_size": [0.5, -0.75]}
							}
						},
						{
							"origin": [-0.58769, 4.77315, 0.53125],
							"size": [0.40019, 0.19497, 0.6875],
							"pivot": [-0.1875, 4.96875, 0.59375],
							"rotation": [-90, -51.25, 0],
							"uv": {
								"north": {"uv": [21, 0], "uv_size": [0.5, 0.25]},
								"east": {"uv": [12, 18], "uv_size": [0.75, 0.25]},
								"south": {"uv": [1, 21], "uv_size": [0.5, 0.25]},
								"west": {"uv": [18, 12], "uv_size": [0.75, 0.25]},
								"up": {"uv": [15, 10], "uv_size": [0.5, 0.75]},
								"down": {"uv": [11, 15.75], "uv_size": [0.5, -0.75]}
							}
						},
						{
							"origin": [-0.58769, 4.96938, -0.46875],
							"size": [0.40019, 0.19497, 0.6875],
							"pivot": [-0.1875, 4.96875, -0.40625],
							"rotation": [-90, 51.25, 0],
							"uv": {
								"north": {"uv": [18, 20], "uv_size": [0.5, 0.25]},
								"east": {"uv": [9, 18], "uv_size": [0.75, 0.25]},
								"south": {"uv": [20, 18], "uv_size": [0.5, 0.25]},
								"west": {"uv": [18, 9], "uv_size": [0.75, 0.25]},
								"up": {"uv": [15, 5], "uv_size": [0.5, 0.75]},
								"down": {"uv": [6, 15.75], "uv_size": [0.5, -0.75]}
							}
						},
						{
							"origin": [-0.1875, 4.1875, -0.25],
							"size": [0.375, 1, 0.6875],
							"pivot": [0, 4.6875, 0.09375],
							"rotation": [-90, 0, 0],
							"uv": {
								"north": {"uv": [8, 14], "uv_size": [0.5, 1]},
								"east": {"uv": [9, 9], "uv_size": [0.75, 1]},
								"south": {"uv": [14, 8], "uv_size": [0.5, 1]},
								"west": {"uv": [1, 10], "uv_size": [0.75, 1]},
								"up": {"uv": [15, 6], "uv_size": [0.5, 0.75]},
								"down": {"uv": [7, 15.75], "uv_size": [0.5, -0.75]}
							}
						},
						{
							"origin": [-0.38198, 5.65625, -0.23332],
							"size": [0.22534, 0.38217, 0.12622],
							"pivot": [-0.38198, 5.65625, -0.2321],
							"rotation": [-35.5062, 50.3555, 61.2168],
							"uv": {
								"north": {"uv": [21, 8], "uv_size": [0.25, 0.5]},
								"east": {"uv": [9, 21], "uv_size": [0.25, 0.5]},
								"south": {"uv": [21, 9], "uv_size": [0.25, 0.5]},
								"west": {"uv": [10, 21], "uv_size": [0.25, 0.5]},
								"up": {"uv": [23, 16], "uv_size": [0.25, 0.25]},
								"down": {"uv": [17, 23.25], "uv_size": [0.25, -0.25]}
							}
						},
						{
							"origin": [0.15664, 5.65625, -0.23332],
							"size": [0.22534, 0.38217, 0.12622],
							"pivot": [0.38198, 5.65625, -0.2321],
							"rotation": [-35.5062, -50.3555, -61.2168],
							"uv": {
								"north": {"uv": [21, 6], "uv_size": [0.25, 0.5]},
								"east": {"uv": [7, 21], "uv_size": [0.25, 0.5]},
								"south": {"uv": [21, 7], "uv_size": [0.25, 0.5]},
								"west": {"uv": [8, 21], "uv_size": [0.25, 0.5]},
								"up": {"uv": [23, 15], "uv_size": [0.25, 0.25]},
								"down": {"uv": [16, 23.25], "uv_size": [0.25, -0.25]}
							}
						},
						{
							"origin": [-0.38198, 5.65625, -0.2321],
							"size": [0.42188, 0.28842, 0.125],
							"pivot": [-0.38198, 5.65625, -0.2321],
							"rotation": [-90, 25, 0],
							"uv": {
								"north": {"uv": [20, 22], "uv_size": [0.5, 0.25]},
								"east": {"uv": [16, 24], "uv_size": [0.25, 0.25]},
								"south": {"uv": [22, 20], "uv_size": [0.5, 0.25]},
								"west": {"uv": [24, 16], "uv_size": [0.25, 0.25]},
								"up": {"uv": [21, 22], "uv_size": [0.5, 0.25]},
								"down": {"uv": [22, 21.25], "uv_size": [0.5, -0.25]}
							}
						},
						{
							"origin": [-0.0399, 5.65625, -0.2321],
							"size": [0.42188, 0.28842, 0.125],
							"inflate": 0.0005,
							"pivot": [0.38198, 5.65625, -0.2321],
							"rotation": [-90, -25, 0],
							"uv": {
								"north": {"uv": [18, 22], "uv_size": [0.5, 0.25]},
								"east": {"uv": [15, 24], "uv_size": [0.25, 0.25]},
								"south": {"uv": [22, 18], "uv_size": [0.5, 0.25]},
								"west": {"uv": [24, 15], "uv_size": [0.25, 0.25]},
								"up": {"uv": [19, 22], "uv_size": [0.5, 0.25]},
								"down": {"uv": [22, 19.25], "uv_size": [0.5, -0.25]}
							}
						},
						{
							"origin": [-0.4375, 5.65655, 0.03125],
							"size": [0.33657, 0.19467, 0.5],
							"inflate": 0.001,
							"pivot": [-0.4375, 5.65625, -0.09375],
							"rotation": [-90, 68.25, 0],
							"uv": {
								"north": {"uv": [25, 2], "uv_size": [0.25, 0.25]},
								"east": {"uv": [23, 5], "uv_size": [0.5, 0.25]},
								"south": {"uv": [3, 25], "uv_size": [0.25, 0.25]},
								"west": {"uv": [6, 23], "uv_size": [0.5, 0.25]},
								"up": {"uv": [23, 6], "uv_size": [0.25, 0.5]},
								"down": {"uv": [7, 23.5], "uv_size": [0.25, -0.5]}
							}
						},
						{
							"origin": [-0.4375, 5.65655, -0.09375],
							"size": [0.14907, 0.38217, 0.125],
							"inflate": 0.001,
							"pivot": [-0.4375, 5.65625, -0.09375],
							"rotation": [-90, 68.25, 0],
							"uv": {
								"north": {"uv": [23, 7], "uv_size": [0.25, 0.5]},
								"east": {"uv": [8, 23], "uv_size": [0.25, 0.5]},
								"south": {"uv": [23, 8], "uv_size": [0.25, 0.5]},
								"west": {"uv": [9, 23], "uv_size": [0.25, 0.5]},
								"up": {"uv": [25, 3], "uv_size": [0.25, 0.25]},
								"down": {"uv": [4, 25.25], "uv_size": [0.25, -0.25]}
							}
						},
						{
							"origin": [0.28843, 5.65655, -0.09375],
							"size": [0.14907, 0.38217, 0.125],
							"inflate": 0.001,
							"pivot": [0.4375, 5.65625, -0.09375],
							"rotation": [-90, -68.25, 0],
							"uv": {
								"north": {"uv": [21, 3], "uv_size": [0.25, 0.5]},
								"east": {"uv": [4, 21], "uv_size": [0.25, 0.5]},
								"south": {"uv": [21, 4], "uv_size": [0.25, 0.5]},
								"west": {"uv": [5, 21], "uv_size": [0.25, 0.5]},
								"up": {"uv": [23, 14], "uv_size": [0.25, 0.25]},
								"down": {"uv": [15, 23.25], "uv_size": [0.25, -0.25]}
							}
						},
						{
							"origin": [0.10093, 5.65655, 0.03125],
							"size": [0.33657, 0.19467, 0.5],
							"inflate": 0.001,
							"pivot": [0.4375, 5.65625, -0.09375],
							"rotation": [-90, -68.25, 0],
							"uv": {
								"north": {"uv": [23, 13], "uv_size": [0.25, 0.25]},
								"east": {"uv": [21, 1], "uv_size": [0.5, 0.25]},
								"south": {"uv": [14, 23], "uv_size": [0.25, 0.25]},
								"west": {"uv": [2, 21], "uv_size": [0.5, 0.25]},
								"up": {"uv": [21, 2], "uv_size": [0.25, 0.5]},
								"down": {"uv": [3, 21.5], "uv_size": [0.25, -0.5]}
							}
						},
						{
							"origin": [0.39091, 5.03125, -0.60437],
							"size": [0.25, 0.35355, 0.35355],
							"pivot": [0.57841, 5.03125, -0.60437],
							"rotation": [-135, -25, 0],
							"uv": {
								"north": {"uv": [20, 24], "uv_size": [0.25, 0.25]},
								"east": {"uv": [24, 20], "uv_size": [0.25, 0.25]},
								"south": {"uv": [21, 24], "uv_size": [0.25, 0.25]},
								"west": {"uv": [24, 21], "uv_size": [0.25, 0.25]},
								"up": {"uv": [22, 24], "uv_size": [0.25, 0.25]},
								"down": {"uv": [24, 22.25], "uv_size": [0.25, -0.25]}
							}
						},
						{
							"origin": [0.25, 4.15625, -0.84375],
							"size": [0.1875, 0.375, 0.5],
							"pivot": [0.25, 4.53125, -0.34375],
							"rotation": [-90, -25, 0],
							"uv": {
								"north": {"uv": [23, 3], "uv_size": [0.25, 0.5]},
								"east": {"uv": [1, 18], "uv_size": [0.5, 0.5]},
								"south": {"uv": [4, 23], "uv_size": [0.25, 0.5]},
								"west": {"uv": [18, 1], "uv_size": [0.5, 0.5]},
								"up": {"uv": [23, 4], "uv_size": [0.25, 0.5]},
								"down": {"uv": [5, 23.5], "uv_size": [0.25, -0.5]}
							}
						},
						{
							"origin": [0.25, 4.77378, -0.08628],
							"size": [0.1875, 0.25747, 0.5],
							"inflate": 0.0005,
							"pivot": [0.4375, 5.03125, -0.08628],
							"rotation": [-90, 0, 0],
							"uv": {
								"north": {"uv": [19, 24], "uv_size": [0.25, 0.25]},
								"east": {"uv": [23, 1], "uv_size": [0.5, 0.25]},
								"south": {"uv": [24, 19], "uv_size": [0.25, 0.25]},
								"west": {"uv": [2, 23], "uv_size": [0.5, 0.25]},
								"up": {"uv": [23, 2], "uv_size": [0.25, 0.5]},
								"down": {"uv": [3, 23.5], "uv_size": [0.25, -0.5]}
							}
						},
						{
							"origin": [0.1875, 4.96938, -0.46875],
							"size": [0.40019, 0.19497, 0.6875],
							"pivot": [0.1875, 4.96875, -0.40625],
							"rotation": [-90, -51.25, 0],
							"uv": {
								"north": {"uv": [19, 20], "uv_size": [0.5, 0.25]},
								"east": {"uv": [10, 18], "uv_size": [0.75, 0.25]},
								"south": {"uv": [20, 19], "uv_size": [0.5, 0.25]},
								"west": {"uv": [18, 10], "uv_size": [0.75, 0.25]},
								"up": {"uv": [15, 7], "uv_size": [0.5, 0.75]},
								"down": {"uv": [8, 15.75], "uv_size": [0.5, -0.75]}
							}
						},
						{
							"origin": [-0.58769, 4.14815, 0.65625],
							"size": [0.40019, 0.19497, 4.25],
							"pivot": [-0.1875, 4.34375, 0.65625],
							"rotation": [-90, -51.25, 0],
							"uv": {
								"north": {"uv": [21, 10], "uv_size": [0.5, 0.25]},
								"east": {"uv": [9, 0], "uv_size": [4.25, 0.25]},
								"south": {"uv": [11, 21], "uv_size": [0.5, 0.25]},
								"west": {"uv": [9, 1], "uv_size": [4.25, 0.25]},
								"up": {"uv": [4, 6], "uv_size": [0.5, 4.25]},
								"down": {"uv": [5, 10.25], "uv_size": [0.5, -4.25]}
							}
						},
						{
							"origin": [0.1875, 4.14815, 0.65625],
							"size": [0.40019, 0.19497, 4.25],
							"pivot": [0.1875, 4.34375, 0.65625],
							"rotation": [-90, 51.25, 0],
							"uv": {
								"north": {"uv": [21, 11], "uv_size": [0.5, 0.25]},
								"east": {"uv": [9, 2], "uv_size": [4.25, 0.25]},
								"south": {"uv": [12, 21], "uv_size": [0.5, 0.25]},
								"west": {"uv": [9, 3], "uv_size": [4.25, 0.25]},
								"up": {"uv": [6, 6], "uv_size": [0.5, 4.25]},
								"down": {"uv": [7, 4.25], "uv_size": [0.5, -4.25]}
							}
						},
						{
							"origin": [-0.58769, 4.34438, -0.40625],
							"size": [0.40019, 0.19497, 0.3125],
							"pivot": [-0.1875, 4.34375, -0.40625],
							"rotation": [-90, 51.25, 0],
							"uv": {
								"north": {"uv": [16, 20], "uv_size": [0.5, 0.25]},
								"east": {"uv": [23, 11], "uv_size": [0.25, 0.25]},
								"south": {"uv": [20, 16], "uv_size": [0.5, 0.25]},
								"west": {"uv": [12, 23], "uv_size": [0.25, 0.25]},
								"up": {"uv": [17, 20], "uv_size": [0.5, 0.25]},
								"down": {"uv": [20, 17.25], "uv_size": [0.5, -0.25]}
							}
						},
						{
							"origin": [0.1875, 4.34438, -0.40625],
							"size": [0.40019, 0.19497, 0.3125],
							"pivot": [0.1875, 4.34375, -0.40625],
							"rotation": [-90, -51.25, 0],
							"uv": {
								"north": {"uv": [12, 20], "uv_size": [0.5, 0.25]},
								"east": {"uv": [23, 9], "uv_size": [0.25, 0.25]},
								"south": {"uv": [20, 12], "uv_size": [0.5, 0.25]},
								"west": {"uv": [10, 23], "uv_size": [0.25, 0.25]},
								"up": {"uv": [13, 20], "uv_size": [0.5, 0.25]},
								"down": {"uv": [20, 13.25], "uv_size": [0.5, -0.25]}
							}
						},
						{
							"origin": [-0.19416, 5.5625, -0.0625],
							"size": [0.38833, 0.3125, 0.875],
							"inflate": 0.001,
							"pivot": [0.00666, 5.375, 0.21875],
							"rotation": [-90, 0, 0],
							"uv": {
								"north": {"uv": [11, 20], "uv_size": [0.5, 0.25]},
								"east": {"uv": [13, 16], "uv_size": [1, 0.25]},
								"south": {"uv": [20, 11], "uv_size": [0.5, 0.25]},
								"west": {"uv": [16, 13], "uv_size": [1, 0.25]},
								"up": {"uv": [14, 4], "uv_size": [0.5, 1]},
								"down": {"uv": [6, 15], "uv_size": [0.5, -1]}
							}
						},
						{
							"origin": [-0.3125, 5.28125, -0.71875],
							"size": [0.625, 0.40019, 0.19454],
							"pivot": [0.3125, 5.28125, -0.71875],
							"rotation": [-51.5, 0, 0],
							"uv": {
								"north": {"uv": [15, 13], "uv_size": [0.75, 0.5]},
								"east": {"uv": [21, 5], "uv_size": [0.25, 0.5]},
								"south": {"uv": [14, 15], "uv_size": [0.75, 0.5]},
								"west": {"uv": [6, 21], "uv_size": [0.25, 0.5]},
								"up": {"uv": [13, 18], "uv_size": [0.75, 0.25]},
								"down": {"uv": [18, 13.25], "uv_size": [0.75, -0.25]}
							}
						},
						{
							"origin": [-0.3125, 4.1152, -0.83303],
							"size": [0.625, 0.35355, 0.17678],
							"pivot": [0.3125, 4.46875, -0.65625],
							"rotation": [-135, 0, 0],
							"uv": {
								"north": {"uv": [16, 18], "uv_size": [0.75, 0.25]},
								"east": {"uv": [23, 18], "uv_size": [0.25, 0.25]},
								"south": {"uv": [18, 16], "uv_size": [0.75, 0.25]},
								"west": {"uv": [19, 23], "uv_size": [0.25, 0.25]},
								"up": {"uv": [17, 18], "uv_size": [0.75, 0.25]},
								"down": {"uv": [18, 17.25], "uv_size": [0.75, -0.25]}
							}
						},
						{
							"origin": [-0.3125, 5.625, -0.25],
							"size": [0.625, 0.25, 0.25],
							"inflate": 0.001,
							"pivot": [0, 5.375, -0.90625],
							"rotation": [-90, 0, 0],
							"uv": {
								"north": {"uv": [14, 18], "uv_size": [0.75, 0.25]},
								"east": {"uv": [23, 17], "uv_size": [0.25, 0.25]},
								"south": {"uv": [18, 14], "uv_size": [0.75, 0.25]},
								"west": {"uv": [18, 23], "uv_size": [0.25, 0.25]},
								"up": {"uv": [15, 18], "uv_size": [0.75, 0.25]},
								"down": {"uv": [18, 15.25], "uv_size": [0.75, -0.25]}
							}
						},
						{
							"origin": [-0.15625, 4.84375, -1.09375],
							"size": [0.3125, 0.9375, 0.3125],
							"inflate": 0.001,
							"pivot": [0, 5.3125, -0.9375],
							"rotation": [-90, 0, 0],
							"uv": {
								"north": {"uv": [17, 14], "uv_size": [0.25, 1]},
								"east": {"uv": [15, 17], "uv_size": [0.25, 1]},
								"south": {"uv": [17, 15], "uv_size": [0.25, 1]},
								"west": {"uv": [16, 17], "uv_size": [0.25, 1]},
								"up": {"uv": [7, 24], "uv_size": [0.25, 0.25]},
								"down": {"uv": [24, 7.25], "uv_size": [0.25, -0.25]}
							}
						},
						{
							"origin": [-0.15625, 7.09599, -1.82827],
							"size": [0.3125, 0.3125, 0.3125],
							"inflate": 0.001,
							"pivot": [0.28125, 7.09599, -1.51577],
							"rotation": [-180, 0, 0],
							"uv": {
								"north": {"uv": [12, 24], "uv_size": [0.25, 0.25]},
								"east": {"uv": [24, 12], "uv_size": [0.25, 0.25]},
								"south": {"uv": [13, 24], "uv_size": [0.25, 0.25]},
								"west": {"uv": [24, 13], "uv_size": [0.25, 0.25]},
								"up": {"uv": [14, 24], "uv_size": [0.25, 0.25]},
								"down": {"uv": [24, 14.25], "uv_size": [0.25, -0.25]}
							}
						},
						{
							"origin": [-0.15625, 6.71597, -2.49298],
							"size": [0.3125, 0.23097, 0.5625],
							"pivot": [0.28125, 6.71597, -1.93048],
							"rotation": [-137.5, 0, 0],
							"uv": {
								"north": {"uv": [11, 24], "uv_size": [0.25, 0.25]},
								"east": {"uv": [16, 22], "uv_size": [0.5, 0.25]},
								"south": {"uv": [24, 11], "uv_size": [0.25, 0.25]},
								"west": {"uv": [22, 16], "uv_size": [0.5, 0.25]},
								"up": {"uv": [17, 22], "uv_size": [0.25, 0.5]},
								"down": {"uv": [22, 17.5], "uv_size": [0.25, -0.5]}
							}
						},
						{
							"origin": [-0.15625, 6.33577, -2.52727],
							"size": [0.3125, 0.25, 0.4195],
							"inflate": 0.001,
							"pivot": [0.28125, 6.33577, -2.10777],
							"rotation": [-115, 0, 0],
							"uv": {
								"north": {"uv": [10, 24], "uv_size": [0.25, 0.25]},
								"east": {"uv": [14, 22], "uv_size": [0.5, 0.25]},
								"south": {"uv": [24, 10], "uv_size": [0.25, 0.25]},
								"west": {"uv": [22, 14], "uv_size": [0.5, 0.25]},
								"up": {"uv": [15, 22], "uv_size": [0.25, 0.5]},
								"down": {"uv": [22, 15.5], "uv_size": [0.25, -0.5]}
							}
						},
						{
							"origin": [-0.15625, 5.33577, -2.33977],
							"size": [0.3125, 0.5, 0.232],
							"pivot": [0.28125, 5.83577, -2.10777],
							"rotation": [-180, 0, 0],
							"uv": {
								"north": {"uv": [12, 22], "uv_size": [0.25, 0.5]},
								"east": {"uv": [22, 12], "uv_size": [0.25, 0.5]},
								"south": {"uv": [13, 22], "uv_size": [0.25, 0.5]},
								"west": {"uv": [22, 13], "uv_size": [0.25, 0.5]},
								"up": {"uv": [9, 24], "uv_size": [0.25, 0.25]},
								"down": {"uv": [24, 9.25], "uv_size": [0.25, -0.25]}
							}
						},
						{
							"origin": [-0.15625, 4.8125, -2.06836],
							"size": [0.3125, 0.5625, 0.28322],
							"inflate": 0.001,
							"pivot": [0.28125, 5.375, -1.78514],
							"rotation": [-145, 0, 0],
							"uv": {
								"north": {"uv": [10, 22], "uv_size": [0.25, 0.5]},
								"east": {"uv": [22, 10], "uv_size": [0.25, 0.5]},
								"south": {"uv": [11, 22], "uv_size": [0.25, 0.5]},
								"west": {"uv": [22, 11], "uv_size": [0.25, 0.5]},
								"up": {"uv": [8, 24], "uv_size": [0.25, 0.25]},
								"down": {"uv": [24, 8.25], "uv_size": [0.25, -0.25]}
							}
						},
						{
							"origin": [-0.15625, 4.71875, -1.71875],
							"size": [0.3125, 0.4375, 0.3125],
							"pivot": [0.28125, 5.15625, -1.40625],
							"rotation": [-120, 0, 0],
							"uv": {
								"north": {"uv": [8, 22], "uv_size": [0.25, 0.5]},
								"east": {"uv": [22, 8], "uv_size": [0.25, 0.5]},
								"south": {"uv": [9, 22], "uv_size": [0.25, 0.5]},
								"west": {"uv": [22, 9], "uv_size": [0.25, 0.5]},
								"up": {"uv": [6, 24], "uv_size": [0.25, 0.25]},
								"down": {"uv": [24, 6.25], "uv_size": [0.25, -0.25]}
							}
						},
						{
							"origin": [-0.3125, 5.375, -0.8125],
							"size": [0.625, 0.5, 0.5625],
							"inflate": 0.001,
							"pivot": [0, 5.375, -0.90625],
							"rotation": [-90, 0, 0],
							"uv": {
								"north": {"uv": [15, 11], "uv_size": [0.75, 0.5]},
								"east": {"uv": [14, 16], "uv_size": [0.5, 0.5]},
								"south": {"uv": [12, 15], "uv_size": [0.75, 0.5]},
								"west": {"uv": [16, 14], "uv_size": [0.5, 0.5]},
								"up": {"uv": [15, 12], "uv_size": [0.75, 0.5]},
								"down": {"uv": [13, 15.5], "uv_size": [0.75, -0.5]}
							}
						},
						{
							"origin": [-0.3125, 5.5625, -0.75],
							"size": [0.625, 0.15625, 0.5],
							"pivot": [0, 5.375, -0.59375],
							"rotation": [-90, 0, 0],
							"uv": {
								"north": {"uv": [2, 18], "uv_size": [0.75, 0.25]},
								"east": {"uv": [2, 20], "uv_size": [0.5, 0.25]},
								"south": {"uv": [18, 2], "uv_size": [0.75, 0.25]},
								"west": {"uv": [20, 2], "uv_size": [0.5, 0.25]},
								"up": {"uv": [15, 1], "uv_size": [0.75, 0.5]},
								"down": {"uv": [2, 15.5], "uv_size": [0.75, -0.5]}
							}
						}
					]
				},
				{
					"name": "leftHand",
					"parent": "root",
					"pivot": [-6, 18.93684, 8.04313]
				},
				{
					"name": "lefthand_pos",
					"parent": "leftHand",
					"pivot": [0, 7.93684, 8.04313],
					"cubes": [
						{
							"origin": [-7, 7.93684, 6.04313],
							"size": [3, 12, 4],
							"uv": {
								"north": {"uv": [0, 0], "uv_size": [4, 12]},
								"east": {"uv": [4, 0], "uv_size": [4, 12]},
								"south": {"uv": [8, 0], "uv_size": [4, 12]},
								"west": {"uv": [0, 12], "uv_size": [4, 12]},
								"up": {"uv": [12, 0], "uv_size": [4, 4]},
								"down": {"uv": [4, 16], "uv_size": [4, -4]}
							}
						}
					]
				}
			]
		}
	]
}