{
	"format_version": "1.12.0",
	"minecraft:geometry": [
		{
			"description": {
				"identifier": "geometry.unknown",
				"texture_width": 32,
				"texture_height": 32,
				"visible_bounds_width": 3,
				"visible_bounds_height": 2.5,
				"visible_bounds_offset": [0, 0.75, 0]
			},
			"bones": [
				{
					"name": "bb_main",
					"pivot": [0, 0, 0]
				},
				{
					"name": "camera",
					"pivot": [8, 11, 12]
				},
				{
					"name": "idle_view",
					"pivot": [8, 11, 12]
				},
				{
					"name": "root",
					"pivot": [0, 0, 0]
				},
				{
					"name": "r",
					"parent": "root",
					"pivot": [0, 0, 0]
				},
				{
					"name": "knife",
					"parent": "r",
					"pivot": [0, 0.13245, 0.00771],
					"cubes": [
						{
							"origin": [-0.21875, -0.4375, 0.0625],
							"size": [0.4375, 1.125, 0.9375],
							"uv": {
								"north": {"uv": [9, 2], "uv_size": [0.5, 1.25]},
								"east": {"uv": [6, 1], "uv_size": [1, 1.25]},
								"south": {"uv": [9, 4], "uv_size": [0.5, 1.25]},
								"west": {"uv": [2, 6], "uv_size": [1, 1.25]},
								"up": {"uv": [10, 2], "uv_size": [0.75, 1]},
								"down": {"uv": [3, 11], "uv_size": [0.75, -1]}
							}
						},
						{
							"origin": [0.21875, 0.625, 0.0625],
							"size": [0.13975, 0.0625, 0.9375],
							"pivot": [0.21875, 0.6875, 1],
							"rotation": [0, 0, 26.56504],
							"uv": {
								"north": {"uv": [2, 19], "uv_size": [0.25, 0.25]},
								"east": {"uv": [9, 14], "uv_size": [1, 0.25]},
								"south": {"uv": [19, 2], "uv_size": [0.25, 0.25]},
								"west": {"uv": [10, 14], "uv_size": [1, 0.25]},
								"up": {"uv": [14, 10], "uv_size": [0.25, 1]},
								"down": {"uv": [11, 15], "uv_size": [0.25, -1]}
							}
						},
						{
							"origin": [0.21875, 0.625, -1.96875],
							"size": [0.13975, 0.0625, 2.03125],
							"pivot": [0.21875, 0.6875, 0.0625],
							"rotation": [0.89445, -0.44719, 26.56155],
							"uv": {
								"north": {"uv": [3, 19], "uv_size": [0.25, 0.25]},
								"east": {"uv": [10, 3], "uv_size": [2, 0.25]},
								"south": {"uv": [19, 3], "uv_size": [0.25, 0.25]},
								"west": {"uv": [10, 4], "uv_size": [2, 0.25]},
								"up": {"uv": [4, 10], "uv_size": [0.25, 2]},
								"down": {"uv": [8, 12], "uv_size": [0.25, -2]}
							}
						},
						{
							"origin": [-0.21875, 0.0779, -2.05155],
							"size": [0.4375, 0.625, 2.125],
							"inflate": 0.0005,
							"pivot": [0, 0.06806, 0.95029],
							"rotation": [1, 0, 0],
							"uv": {
								"north": {"uv": [6, 12], "uv_size": [0.5, 0.75]},
								"east": {"uv": [0, 2], "uv_size": [2.25, 0.75]},
								"south": {"uv": [10, 12], "uv_size": [0.5, 0.75]},
								"west": {"uv": [0, 3], "uv_size": [2.25, 0.75]},
								"up": {"uv": [6, 6], "uv_size": [0.75, 2.25]},
								"down": {"uv": [0, 9.25], "uv_size": [0.5, -2.25]}
							}
						},
						{
							"origin": [-0.09375, 0.61488, -2.00123],
							"size": [0.1875, 0.125, 0.25],
							"pivot": [0.09375, 0.73988, -2.00123],
							"rotation": [-20, 0, 0],
							"uv": {
								"north": {"uv": [4, 19], "uv_size": [0.25, 0.25]},
								"east": {"uv": [19, 4], "uv_size": [0.25, 0.25]},
								"south": {"uv": [5, 19], "uv_size": [0.25, 0.25]},
								"west": {"uv": [19, 5], "uv_size": [0.25, 0.25]},
								"up": {"uv": [6, 19], "uv_size": [0.25, 0.25]},
								"down": {"uv": [19, 6.25], "uv_size": [0.25, -0.25]}
							}
						},
						{
							"origin": [-0.09375, -0.32492, -2.03631],
							"size": [0.1875, 0.1875, 0.125],
							"pivot": [0.09375, -0.13742, -1.91131],
							"rotation": [-40, 0, 0],
							"uv": {
								"north": {"uv": [7, 19], "uv_size": [0.25, 0.25]},
								"east": {"uv": [19, 7], "uv_size": [0.25, 0.25]},
								"south": {"uv": [8, 19], "uv_size": [0.25, 0.25]},
								"west": {"uv": [19, 8], "uv_size": [0.25, 0.25]},
								"up": {"uv": [9, 19], "uv_size": [0.25, 0.25]},
								"down": {"uv": [19, 9.25], "uv_size": [0.25, -0.25]}
							}
						},
						{
							"origin": [-0.21875, -0.56317, -2.00927],
							"size": [0.4375, 0.625, 2.15625],
							"pivot": [0, 0.06806, 0.95029],
							"rotation": [-8.5, 0, 0],
							"uv": {
								"north": {"uv": [12, 12], "uv_size": [0.5, 0.75]},
								"east": {"uv": [3, 2], "uv_size": [2.25, 0.75]},
								"south": {"uv": [0, 13], "uv_size": [0.5, 0.75]},
								"west": {"uv": [3, 3], "uv_size": [2.25, 0.75]},
								"up": {"uv": [1, 7], "uv_size": [0.5, 2.25]},
								"down": {"uv": [3, 9.25], "uv_size": [0.75, -2.25]}
							}
						},
						{
							"origin": [-0.21875, -0.43845, 0.91146],
							"size": [0.4375, 0.125, 0.75],
							"pivot": [0, 0.06806, 0.95029],
							"rotation": [10, 0, 0],
							"uv": {
								"north": {"uv": [17, 10], "uv_size": [0.5, 0.25]},
								"east": {"uv": [16, 1], "uv_size": [0.75, 0.25]},
								"south": {"uv": [11, 17], "uv_size": [0.5, 0.25]},
								"west": {"uv": [2, 16], "uv_size": [0.75, 0.25]},
								"up": {"uv": [13, 0], "uv_size": [0.5, 0.75]},
								"down": {"uv": [1, 13.75], "uv_size": [0.75, -0.75]}
							}
						},
						{
							"origin": [0.21875, -0.30726, 0.98861],
							"size": [0.13933, 0.0625, 0.75],
							"pivot": [0.21875, -0.30726, 1.73861],
							"rotation": [8.98909, 4.39947, -25.86981],
							"uv": {
								"north": {"uv": [10, 19], "uv_size": [0.25, 0.25]},
								"east": {"uv": [16, 2], "uv_size": [0.75, 0.25]},
								"south": {"uv": [19, 10], "uv_size": [0.25, 0.25]},
								"west": {"uv": [3, 16], "uv_size": [0.75, 0.25]},
								"up": {"uv": [16, 3], "uv_size": [0.25, 0.75]},
								"down": {"uv": [4, 16.75], "uv_size": [0.25, -0.75]}
							}
						},
						{
							"origin": [0.21875, -0.4375, 0.0625],
							"size": [0.13975, 0.0625, 0.9375],
							"pivot": [0.21875, -0.4375, 1],
							"rotation": [0, 0, -26.56505],
							"uv": {
								"north": {"uv": [11, 19], "uv_size": [0.25, 0.25]},
								"east": {"uv": [14, 11], "uv_size": [1, 0.25]},
								"south": {"uv": [19, 11], "uv_size": [0.25, 0.25]},
								"west": {"uv": [12, 14], "uv_size": [1, 0.25]},
								"up": {"uv": [14, 12], "uv_size": [0.25, 1]},
								"down": {"uv": [13, 15], "uv_size": [0.25, -1]}
							}
						},
						{
							"origin": [0.21875, -0.4375, -2],
							"size": [0.13975, 0.0625, 2.0625],
							"pivot": [0.21875, -0.4375, 0.0625],
							"rotation": [-7.61377, -3.79014, -26.31277],
							"uv": {
								"north": {"uv": [12, 19], "uv_size": [0.25, 0.25]},
								"east": {"uv": [10, 5], "uv_size": [2, 0.25]},
								"south": {"uv": [19, 12], "uv_size": [0.25, 0.25]},
								"west": {"uv": [9, 10], "uv_size": [2, 0.25]},
								"up": {"uv": [0, 11], "uv_size": [0.25, 2]},
								"down": {"uv": [1, 13], "uv_size": [0.25, -2]}
							}
						},
						{
							"origin": [-0.34375, -0.37148, 0.92278],
							"size": [0.6875, 0.12595, 0.73915],
							"pivot": [0, 0.06806, 0.98154],
							"rotation": [10, 0, 0],
							"uv": {
								"north": {"uv": [16, 4], "uv_size": [0.75, 0.25]},
								"east": {"uv": [5, 16], "uv_size": [0.75, 0.25]},
								"south": {"uv": [16, 5], "uv_size": [0.75, 0.25]},
								"west": {"uv": [6, 16], "uv_size": [0.75, 0.25]},
								"up": {"uv": [8, 9], "uv_size": [0.75, 0.75]},
								"down": {"uv": [9, 9.75], "uv_size": [0.75, -0.75]}
							}
						},
						{
							"origin": [-0.21875, -0.3125, 1],
							"size": [0.4375, 1, 1.375],
							"uv": {
								"north": {"uv": [10, 9], "uv_size": [0.5, 1]},
								"east": {"uv": [0, 4], "uv_size": [1.5, 1]},
								"south": {"uv": [11, 1], "uv_size": [0.5, 1]},
								"west": {"uv": [4, 0], "uv_size": [1.5, 1]},
								"up": {"uv": [2, 8], "uv_size": [0.75, 1.5]},
								"down": {"uv": [4, 9.5], "uv_size": [0.75, -1.5]}
							}
						},
						{
							"origin": [0.21875, -0.3125, 1.6875],
							"size": [0.13975, 0.0625, 0.70313],
							"pivot": [0.21875, -0.3125, 2.375],
							"rotation": [0, 0.00001, -26.56505],
							"uv": {
								"north": {"uv": [13, 19], "uv_size": [0.25, 0.25]},
								"east": {"uv": [16, 6], "uv_size": [0.75, 0.25]},
								"south": {"uv": [19, 13], "uv_size": [0.25, 0.25]},
								"west": {"uv": [7, 16], "uv_size": [0.75, 0.25]},
								"up": {"uv": [16, 7], "uv_size": [0.25, 0.75]},
								"down": {"uv": [8, 16.75], "uv_size": [0.25, -0.75]}
							}
						},
						{
							"origin": [0.21875, 0.625, 1],
							"size": [0.13975, 0.0625, 1.375],
							"pivot": [0.21875, 0.6875, 2.375],
							"rotation": [0, 0.00001, 26.56504],
							"uv": {
								"north": {"uv": [14, 19], "uv_size": [0.25, 0.25]},
								"east": {"uv": [14, 3], "uv_size": [1.25, 0.25]},
								"south": {"uv": [19, 14], "uv_size": [0.25, 0.25]},
								"west": {"uv": [14, 4], "uv_size": [1.25, 0.25]},
								"up": {"uv": [5, 14], "uv_size": [0.25, 1.25]},
								"down": {"uv": [14, 6.25], "uv_size": [0.25, -1.25]}
							}
						},
						{
							"origin": [-0.21875, 0.45084, 2.24941],
							"size": [0.4375, 0.375, 0.5],
							"pivot": [0, 0.06806, 0.95029],
							"rotation": [-30, 0, 0],
							"uv": {
								"north": {"uv": [14, 13], "uv_size": [0.5, 0.5]},
								"east": {"uv": [14, 14], "uv_size": [0.5, 0.5]},
								"south": {"uv": [0, 15], "uv_size": [0.5, 0.5]},
								"west": {"uv": [15, 0], "uv_size": [0.5, 0.5]},
								"up": {"uv": [1, 15], "uv_size": [0.5, 0.5]},
								"down": {"uv": [2, 15.5], "uv_size": [0.75, -0.5]}
							}
						},
						{
							"origin": [0.21875, -0.5, 2.19976],
							"size": [0.13759, 0.0625, 0.49612],
							"pivot": [0.21875, -0.5, 2.69976],
							"rotation": [-27.67872, -12.0587, -21.71647],
							"uv": {
								"down": {"uv": [17, 11.5], "uv_size": [0.25, -0.5]}
							}
						},
						{
							"origin": [-0.21875, -0.0625, 2.375],
							"size": [0.4375, 0.375, 0.78125],
							"uv": {
								"north": {"uv": [3, 15], "uv_size": [0.5, 0.5]},
								"east": {"uv": [13, 1], "uv_size": [0.75, 0.5]},
								"south": {"uv": [4, 15], "uv_size": [0.75, 0.5]},
								"west": {"uv": [13, 2], "uv_size": [0.75, 0.5]},
								"up": {"uv": [4, 13], "uv_size": [0.5, 0.75]},
								"down": {"uv": [5, 13.75], "uv_size": [0.5, -0.75]}
							}
						},
						{
							"origin": [0.21875, -0.07812, 3.09375],
							"size": [0.13888, 0.36617, 0.0625],
							"pivot": [0.21875, 0.3125, 3.15625],
							"rotation": [0, 25.83205, 0],
							"uv": {
								"south": {"uv": [15, 19], "uv_size": [0.25, 0.25]}
							}
						},
						{
							"origin": [-0.21875, 0.74547, 2.39474],
							"size": [0.4375, 0.3125, 0.53125],
							"pivot": [0, 0.06806, 0.95029],
							"rotation": [-30, 0, 0],
							"uv": {
								"north": {"uv": [12, 17], "uv_size": [0.5, 0.25]},
								"east": {"uv": [17, 12], "uv_size": [0.5, 0.25]},
								"south": {"uv": [13, 17], "uv_size": [0.75, 0.25]},
								"west": {"uv": [17, 13], "uv_size": [0.5, 0.25]},
								"up": {"uv": [15, 5], "uv_size": [0.5, 0.5]},
								"down": {"uv": [6, 15.5], "uv_size": [0.5, -0.5]}
							}
						},
						{
							"origin": [0.21875, -0.39063, 3.09375],
							"size": [0.13875, 0.3114, 0.0625],
							"pivot": [0.21875, -0.0625, 3.15625],
							"rotation": [-32.65396, 22.07783, -13.54314],
							"uv": {
								"south": {"uv": [19, 15], "uv_size": [0.25, 0.25]}
							}
						},
						{
							"origin": [-0.21875, 1.32127, 1.76544],
							"size": [0.4375, 0.3435, 0.53125],
							"pivot": [0, 0.06806, 0.95029],
							"rotation": [-60.93566, 0, 0],
							"uv": {
								"north": {"uv": [14, 17], "uv_size": [0.5, 0.25]},
								"east": {"uv": [17, 14], "uv_size": [0.5, 0.25]},
								"south": {"uv": [15, 17], "uv_size": [0.75, 0.25]},
								"west": {"uv": [17, 15], "uv_size": [0.5, 0.25]},
								"up": {"uv": [15, 6], "uv_size": [0.5, 0.5]},
								"down": {"uv": [7, 15.5], "uv_size": [0.5, -0.5]}
							}
						},
						{
							"origin": [0.21875, -0.67663, 2.9375],
							"size": [0.13852, 0.32594, 0.0625],
							"pivot": [0.21875, -0.33313, 3],
							"rotation": [-63.36445, 12.0824, -22.6533],
							"uv": {
								"south": {"uv": [16, 19], "uv_size": [0.25, 0.25]}
							}
						},
						{
							"origin": [-0.21875, 0.60618, 2.20716],
							"size": [0.4375, 0.375, 0.53125],
							"pivot": [0, 0.06806, 0.95029],
							"rotation": [-12.5, 0, 0],
							"uv": {
								"north": {"uv": [15, 8], "uv_size": [0.5, 0.5]},
								"east": {"uv": [9, 15], "uv_size": [0.5, 0.5]},
								"south": {"uv": [15, 9], "uv_size": [0.5, 0.5]},
								"west": {"uv": [10, 15], "uv_size": [0.5, 0.5]},
								"up": {"uv": [15, 10], "uv_size": [0.75, 0.5]},
								"down": {"uv": [11, 15.5], "uv_size": [0.5, -0.5]}
							}
						},
						{
							"origin": [0.21875, 0.51002, 2.36241],
							"size": [0.1391, 0.0625, 0.54688],
							"pivot": [0.21875, 0.57252, 2.89366],
							"rotation": [-11.26724, 5.44822, 25.48138],
							"uv": {
								"north": {"uv": [19, 16], "uv_size": [0.25, 0.25]},
								"east": {"uv": [16, 17], "uv_size": [0.5, 0.25]},
								"up": {"uv": [17, 16], "uv_size": [0.25, 0.5]}
							}
						},
						{
							"origin": [-0.21875, 1.4189, 1.97627],
							"size": [0.4375, 0.375, 0.39063],
							"pivot": [0, 0.06806, 0.95029],
							"rotation": [-44.71755, 0, 0],
							"uv": {
								"up": {"uv": [15, 11], "uv_size": [0.75, 0.5]}
							}
						},
						{
							"origin": [0.21875, 0.24616, 2.78881],
							"size": [0.13863, 0.0625, 0.38694],
							"pivot": [0.21875, 0.30866, 3.16013],
							"rotation": [-41.75871, 17.71507, 18.81997],
							"uv": {
								"up": {"uv": [17, 17], "uv_size": [0.25, 0.5]}
							}
						},
						{
							"origin": [-0.35785, 0.51002, 2.36241],
							"size": [0.1391, 0.0625, 0.54688],
							"pivot": [-0.21875, 0.57252, 2.89366],
							"rotation": [-11.26724, -5.44822, -25.48138],
							"uv": {
								"north": {"uv": [17, 19], "uv_size": [0.25, 0.25]},
								"west": {"uv": [0, 18], "uv_size": [0.5, 0.25]},
								"up": {"uv": [18, 0], "uv_size": [0.25, 0.5]}
							}
						},
						{
							"origin": [-0.35738, 0.24616, 2.78881],
							"size": [0.13863, 0.0625, 0.38694],
							"pivot": [-0.21875, 0.30866, 3.16013],
							"rotation": [-41.75871, -17.71507, -18.81997],
							"uv": {
								"up": {"uv": [1, 18], "uv_size": [0.25, 0.5]}
							}
						},
						{
							"origin": [-0.3585, 0.625, 1],
							"size": [0.13975, 0.0625, 1.375],
							"pivot": [-0.21875, 0.6875, 2.375],
							"rotation": [0, -0.00001, -26.56504],
							"uv": {
								"north": {"uv": [19, 17], "uv_size": [0.25, 0.25]},
								"east": {"uv": [6, 14], "uv_size": [1.25, 0.25]},
								"south": {"uv": [18, 19], "uv_size": [0.25, 0.25]},
								"west": {"uv": [14, 7], "uv_size": [1.25, 0.25]},
								"up": {"uv": [8, 14], "uv_size": [0.25, 1.25]},
								"down": {"uv": [14, 9.25], "uv_size": [0.25, -1.25]}
							}
						},
						{
							"origin": [-0.3585, 0.625, 0.0625],
							"size": [0.13975, 0.0625, 0.9375],
							"pivot": [-0.21875, 0.6875, 1],
							"rotation": [0, 0, -26.56504],
							"uv": {
								"north": {"uv": [19, 18], "uv_size": [0.25, 0.25]},
								"east": {"uv": [12, 15], "uv_size": [1, 0.25]},
								"south": {"uv": [19, 19], "uv_size": [0.25, 0.25]},
								"west": {"uv": [15, 12], "uv_size": [1, 0.25]},
								"up": {"uv": [13, 15], "uv_size": [0.25, 1]},
								"down": {"uv": [15, 14], "uv_size": [0.25, -1]}
							}
						},
						{
							"origin": [-0.3585, 0.625, -1.96875],
							"size": [0.13975, 0.0625, 2.03125],
							"pivot": [-0.21875, 0.6875, 0.0625],
							"rotation": [0.89445, 0.44719, -26.56155],
							"uv": {
								"north": {"uv": [0, 20], "uv_size": [0.25, 0.25]},
								"east": {"uv": [2, 11], "uv_size": [2, 0.25]},
								"south": {"uv": [20, 0], "uv_size": [0.25, 0.25]},
								"west": {"uv": [11, 2], "uv_size": [2, 0.25]},
								"up": {"uv": [11, 6], "uv_size": [0.25, 2]},
								"down": {"uv": [7, 13], "uv_size": [0.25, -2]}
							}
						},
						{
							"origin": [-0.35763, -0.07812, 3.09375],
							"size": [0.13888, 0.36617, 0.0625],
							"pivot": [-0.21875, 0.3125, 3.15625],
							"rotation": [0, -25.83205, 0],
							"uv": {
								"south": {"uv": [1, 20], "uv_size": [0.25, 0.25]}
							}
						},
						{
							"origin": [-0.3575, -0.39063, 3.09375],
							"size": [0.13875, 0.3114, 0.0625],
							"pivot": [-0.21875, -0.0625, 3.15625],
							"rotation": [-32.65396, -22.07783, 13.54314],
							"uv": {
								"south": {"uv": [20, 1], "uv_size": [0.25, 0.25]}
							}
						},
						{
							"origin": [-0.35727, -0.67663, 2.9375],
							"size": [0.13852, 0.32594, 0.0625],
							"pivot": [-0.21875, -0.33313, 3],
							"rotation": [-63.36445, -12.0824, 22.6533],
							"uv": {
								"south": {"uv": [2, 20], "uv_size": [0.25, 0.25]}
							}
						},
						{
							"origin": [-0.35634, -0.5, 2.19976],
							"size": [0.13759, 0.0625, 0.49612],
							"pivot": [-0.21875, -0.5, 2.69976],
							"rotation": [-27.67872, 12.0587, 21.71647],
							"uv": {
								"down": {"uv": [18, 1.5], "uv_size": [0.25, -0.5]}
							}
						},
						{
							"origin": [-0.3585, -0.3125, 1.6875],
							"size": [0.13975, 0.0625, 0.70313],
							"pivot": [-0.21875, -0.3125, 2.375],
							"rotation": [0, -0.00001, 26.56505],
							"uv": {
								"north": {"uv": [20, 2], "uv_size": [0.25, 0.25]},
								"east": {"uv": [16, 8], "uv_size": [0.75, 0.25]},
								"south": {"uv": [3, 20], "uv_size": [0.25, 0.25]},
								"west": {"uv": [9, 16], "uv_size": [0.75, 0.25]},
								"up": {"uv": [16, 9], "uv_size": [0.25, 0.75]},
								"down": {"uv": [10, 16.75], "uv_size": [0.25, -0.75]}
							}
						},
						{
							"origin": [-0.35808, -0.30726, 0.98861],
							"size": [0.13933, 0.0625, 0.75],
							"pivot": [-0.21875, -0.30726, 1.73861],
							"rotation": [8.98909, -4.39947, 25.86981],
							"uv": {
								"north": {"uv": [20, 3], "uv_size": [0.25, 0.25]},
								"east": {"uv": [16, 10], "uv_size": [0.75, 0.25]},
								"south": {"uv": [4, 20], "uv_size": [0.25, 0.25]},
								"west": {"uv": [11, 16], "uv_size": [0.75, 0.25]},
								"up": {"uv": [16, 11], "uv_size": [0.25, 0.75]},
								"down": {"uv": [12, 16.75], "uv_size": [0.25, -0.75]}
							}
						},
						{
							"origin": [-0.3585, -0.4375, 0.0625],
							"size": [0.13975, 0.0625, 0.9375],
							"pivot": [-0.21875, -0.4375, 1],
							"rotation": [0, 0, 26.56505],
							"uv": {
								"north": {"uv": [20, 4], "uv_size": [0.25, 0.25]},
								"east": {"uv": [14, 15], "uv_size": [1, 0.25]},
								"south": {"uv": [5, 20], "uv_size": [0.25, 0.25]},
								"west": {"uv": [15, 14], "uv_size": [1, 0.25]},
								"up": {"uv": [15, 15], "uv_size": [0.25, 1]},
								"down": {"uv": [0, 17], "uv_size": [0.25, -1]}
							}
						},
						{
							"origin": [-0.3585, -0.4375, -2],
							"size": [0.13975, 0.0625, 2.0625],
							"pivot": [-0.21875, -0.4375, 0.0625],
							"rotation": [-7.61377, 3.79014, 26.31277],
							"uv": {
								"north": {"uv": [20, 5], "uv_size": [0.25, 0.25]},
								"east": {"uv": [11, 8], "uv_size": [2, 0.25]},
								"south": {"uv": [6, 20], "uv_size": [0.25, 0.25]},
								"west": {"uv": [9, 11], "uv_size": [2, 0.25]},
								"up": {"uv": [11, 9], "uv_size": [0.25, 2]},
								"down": {"uv": [11, 13], "uv_size": [0.25, -2]}
							}
						},
						{
							"origin": [-0.34375, 0.07791, -1.95866],
							"size": [0.6875, 0.5625, 2.03125],
							"inflate": 0.001,
							"pivot": [0, 0.11717, 0.95029],
							"rotation": [1, 0, 0],
							"uv": {
								"north": {"uv": [6, 13], "uv_size": [0.75, 0.5]},
								"east": {"uv": [6, 4], "uv_size": [2, 0.5]},
								"south": {"uv": [7, 13], "uv_size": [0.75, 0.5]},
								"west": {"uv": [4, 7], "uv_size": [2, 0.5]},
								"up": {"uv": [2, 4], "uv_size": [0.75, 2]},
								"down": {"uv": [3, 6], "uv_size": [0.75, -2]}
							}
						},
						{
							"origin": [-0.34375, -0.375, 0.0625],
							"size": [0.6875, 1, 0.9375],
							"inflate": 0.001,
							"uv": {
								"north": {"uv": [8, 2], "uv_size": [0.75, 1]},
								"east": {"uv": [7, 5], "uv_size": [1, 1]},
								"south": {"uv": [8, 4], "uv_size": [0.75, 1]},
								"west": {"uv": [7, 6], "uv_size": [1, 1]},
								"up": {"uv": [5, 8], "uv_size": [0.75, 1]},
								"down": {"uv": [8, 6], "uv_size": [0.75, -1]}
							}
						},
						{
							"origin": [-0.34375, -0.25, 1],
							"size": [0.6875, 0.875, 1.375],
							"inflate": 0.001,
							"uv": {
								"north": {"uv": [8, 6], "uv_size": [0.75, 1]},
								"east": {"uv": [4, 1], "uv_size": [1.5, 1]},
								"west": {"uv": [4, 4], "uv_size": [1.5, 1]},
								"up": {"uv": [7, 1], "uv_size": [0.75, 1.5]}
							}
						},
						{
							"origin": [-0.34375, 0.59172, 2.23131],
							"size": [0.6875, 0.32961, 0.5021],
							"inflate": 0.0005,
							"pivot": [0, 0.11717, 0.95029],
							"rotation": [-12.5, 0, 0],
							"uv": {
								"north": {"uv": [16, 12], "uv_size": [0.75, 0.25]},
								"east": {"uv": [2, 18], "uv_size": [0.5, 0.25]},
								"south": {"uv": [13, 16], "uv_size": [0.75, 0.25]},
								"west": {"uv": [18, 2], "uv_size": [0.5, 0.25]},
								"up": {"uv": [8, 13], "uv_size": [0.75, 0.5]},
								"down": {"uv": [13, 8.5], "uv_size": [0.75, -0.5]}
							}
						},
						{
							"origin": [-0.34375, 1.43311, 2.03014],
							"size": [0.6875, 0.31505, 0.32444],
							"pivot": [0, 0.11717, 0.95029],
							"rotation": [-44.71755, 0, 0],
							"uv": {
								"north": {"uv": [16, 13], "uv_size": [0.75, 0.25]},
								"east": {"uv": [20, 6], "uv_size": [0.25, 0.25]},
								"south": {"uv": [14, 16], "uv_size": [0.75, 0.25]},
								"west": {"uv": [7, 20], "uv_size": [0.25, 0.25]},
								"up": {"uv": [16, 14], "uv_size": [0.75, 0.25]},
								"down": {"uv": [15, 16.25], "uv_size": [0.75, -0.25]}
							}
						},
						{
							"origin": [-0.34375, -0.04687, 2.375],
							"size": [0.6875, 0.33492, 0.72074],
							"inflate": 0.001,
							"uv": {
								"north": {"uv": [16, 15], "uv_size": [0.75, 0.25]},
								"east": {"uv": [16, 16], "uv_size": [0.75, 0.25]},
								"south": {"uv": [0, 17], "uv_size": [0.75, 0.25]},
								"west": {"uv": [17, 0], "uv_size": [0.75, 0.25]}
							}
						},
						{
							"origin": [-0.34375, 1.37777, 1.80837],
							"size": [0.6875, 0.29469, 0.47157],
							"inflate": 0.0005,
							"pivot": [0, 0.11717, 0.95029],
							"rotation": [-60.93566, 0, 0],
							"uv": {
								"north": {"uv": [1, 17], "uv_size": [0.75, 0.25]},
								"east": {"uv": [3, 18], "uv_size": [0.5, 0.25]},
								"south": {"uv": [17, 1], "uv_size": [0.75, 0.25]},
								"west": {"uv": [18, 3], "uv_size": [0.5, 0.25]},
								"up": {"uv": [9, 13], "uv_size": [0.75, 0.5]},
								"down": {"uv": [10, 13.5], "uv_size": [0.75, -0.5]}
							}
						},
						{
							"origin": [-0.34375, 0.76768, 2.41929],
							"size": [0.6875, 0.28015, 0.47103],
							"pivot": [0, 0.11717, 0.95029],
							"rotation": [-30, 0, 0],
							"uv": {
								"north": {"uv": [2, 17], "uv_size": [0.75, 0.25]},
								"east": {"uv": [4, 18], "uv_size": [0.5, 0.25]},
								"south": {"uv": [17, 2], "uv_size": [0.75, 0.25]},
								"west": {"uv": [18, 4], "uv_size": [0.5, 0.25]},
								"up": {"uv": [11, 13], "uv_size": [0.75, 0.5]},
								"down": {"uv": [12, 13.5], "uv_size": [0.75, -0.5]}
							}
						},
						{
							"origin": [-0.34375, 0.51491, 2.25833],
							"size": [0.6875, 0.31751, 0.4805],
							"pivot": [0, 0.11717, 0.95029],
							"rotation": [-30, 0, 0],
							"uv": {
								"north": {"uv": [3, 17], "uv_size": [0.75, 0.25]},
								"east": {"uv": [5, 18], "uv_size": [0.5, 0.25]},
								"south": {"uv": [17, 3], "uv_size": [0.75, 0.25]},
								"west": {"uv": [18, 5], "uv_size": [0.5, 0.25]},
								"up": {"uv": [13, 12], "uv_size": [0.75, 0.5]},
								"down": {"uv": [13, 13.5], "uv_size": [0.75, -0.5]}
							}
						},
						{
							"origin": [-0.34375, -0.50013, -1.90826],
							"size": [0.6875, 0.5625, 2.0625],
							"inflate": 0.0005,
							"pivot": [0, 0.11717, 0.95029],
							"rotation": [-8.5, 0, 0],
							"uv": {
								"north": {"uv": [0, 14], "uv_size": [0.75, 0.5]},
								"east": {"uv": [7, 7], "uv_size": [2, 0.5]},
								"south": {"uv": [14, 0], "uv_size": [0.75, 0.5]},
								"west": {"uv": [8, 1], "uv_size": [2, 0.5]},
								"up": {"uv": [0, 5], "uv_size": [0.75, 2]},
								"down": {"uv": [1, 7], "uv_size": [0.75, -2]}
							}
						},
						{
							"origin": [-0.3125, 0.1875, -2.125],
							"size": [0.625, 0.625, 0.14063],
							"inflate": 0.0005,
							"uv": {
								"north": {"uv": [0, 10], "uv_size": [0.75, 0.75]},
								"east": {"uv": [4, 17], "uv_size": [0.25, 0.75]},
								"south": {"uv": [1, 10], "uv_size": [0.75, 0.75]},
								"west": {"uv": [17, 4], "uv_size": [0.25, 0.75]}
							}
						},
						{
							"origin": [-0.3125, 0.74219, -2.10616],
							"size": [0.625, 0.07031, 0.12178],
							"pivot": [0.3125, 0.8125, -1.98437],
							"rotation": [-30, 0, 0],
							"uv": {
								"north": {"uv": [5, 17], "uv_size": [0.75, 0.25]},
								"east": {"uv": [20, 7], "uv_size": [0.25, 0.25]},
								"south": {"uv": [17, 5], "uv_size": [0.75, 0.25]},
								"west": {"uv": [8, 20], "uv_size": [0.25, 0.25]},
								"up": {"uv": [6, 17], "uv_size": [0.75, 0.25]},
								"down": {"uv": [17, 6.25], "uv_size": [0.75, -0.25]}
							}
						},
						{
							"origin": [-0.125, 0.90625, -2.125],
							"size": [0.25, 0.09375, 0.14063],
							"pivot": [0.3125, 0.8125, -1.98437],
							"rotation": [20, 0, 0],
							"uv": {
								"north": {"uv": [20, 8], "uv_size": [0.25, 0.25]},
								"east": {"uv": [9, 20], "uv_size": [0.25, 0.25]},
								"south": {"uv": [20, 9], "uv_size": [0.25, 0.25]},
								"west": {"uv": [10, 20], "uv_size": [0.25, 0.25]},
								"up": {"uv": [20, 10], "uv_size": [0.25, 0.25]},
								"down": {"uv": [11, 20.25], "uv_size": [0.25, -0.25]}
							}
						},
						{
							"origin": [-0.21875, 0.8125, -2.125],
							"size": [0.4375, 0.09375, 0.14063],
							"pivot": [0.3125, 0.8125, -1.98437],
							"rotation": [20, 0, 0],
							"uv": {
								"north": {"uv": [6, 18], "uv_size": [0.5, 0.25]},
								"east": {"uv": [20, 11], "uv_size": [0.25, 0.25]},
								"south": {"uv": [18, 6], "uv_size": [0.5, 0.25]},
								"west": {"uv": [12, 20], "uv_size": [0.25, 0.25]},
								"up": {"uv": [7, 18], "uv_size": [0.5, 0.25]},
								"down": {"uv": [18, 7.25], "uv_size": [0.5, -0.25]}
							}
						},
						{
							"origin": [0.05871, 0.72353, -2.18913],
							"size": [0.06629, 0.26517, 0.14063],
							"inflate": 0.0005,
							"pivot": [0.125, 0.98869, -2.0485],
							"rotation": [14.43276, 13.99545, -43.21918],
							"uv": {
								"north": {"uv": [20, 12], "uv_size": [0.25, 0.25]},
								"south": {"uv": [13, 20], "uv_size": [0.25, 0.25]},
								"west": {"uv": [20, 13], "uv_size": [0.25, 0.25]},
								"up": {"uv": [14, 20], "uv_size": [0.25, 0.25]}
							}
						},
						{
							"origin": [-0.125, 0.72353, -2.18913],
							"size": [0.06629, 0.26517, 0.14063],
							"inflate": 0.0005,
							"pivot": [-0.125, 0.98869, -2.0485],
							"rotation": [14.43276, -13.99545, 43.21918],
							"uv": {
								"north": {"uv": [20, 14], "uv_size": [0.25, 0.25]},
								"east": {"uv": [15, 20], "uv_size": [0.25, 0.25]},
								"south": {"uv": [20, 15], "uv_size": [0.25, 0.25]},
								"up": {"uv": [16, 20], "uv_size": [0.25, 0.25]}
							}
						},
						{
							"origin": [-0.125, 0.98869, -2.18913],
							"size": [0.25, 0.1875, 0.14063],
							"pivot": [0.3125, 0.98869, -2.0485],
							"rotation": [55, 0, 0],
							"uv": {
								"north": {"uv": [20, 16], "uv_size": [0.25, 0.25]},
								"east": {"uv": [17, 20], "uv_size": [0.25, 0.25]},
								"south": {"uv": [20, 17], "uv_size": [0.25, 0.25]},
								"west": {"uv": [18, 20], "uv_size": [0.25, 0.25]},
								"up": {"uv": [20, 18], "uv_size": [0.25, 0.25]},
								"down": {"uv": [19, 20.25], "uv_size": [0.25, -0.25]}
							}
						},
						{
							"origin": [-0.125, 1.01558, -2.31729],
							"size": [0.25, 0.08066, 0.11519],
							"inflate": -0.0005,
							"pivot": [0.3125, 1.09624, -2.20209],
							"rotation": [20, 0, 0],
							"uv": {
								"north": {"uv": [20, 19], "uv_size": [0.25, 0.25]},
								"east": {"uv": [20, 20], "uv_size": [0.25, 0.25]},
								"south": {"uv": [0, 21], "uv_size": [0.25, 0.25]},
								"west": {"uv": [21, 0], "uv_size": [0.25, 0.25]},
								"up": {"uv": [1, 21], "uv_size": [0.25, 0.25]},
								"down": {"uv": [21, 1.25], "uv_size": [0.25, -0.25]}
							}
						},
						{
							"origin": [-0.3125, -0.4375, -2.125],
							"size": [0.625, 0.625, 0.14063],
							"pivot": [1.625, 0.1875, -1.98437],
							"rotation": [-5, 0, 0],
							"uv": {
								"north": {"uv": [10, 1], "uv_size": [0.75, 0.75]},
								"east": {"uv": [7, 17], "uv_size": [0.25, 0.75]},
								"south": {"uv": [2, 10], "uv_size": [0.75, 0.75]},
								"west": {"uv": [17, 7], "uv_size": [0.25, 0.75]},
								"up": {"uv": [8, 17], "uv_size": [0.75, 0.25]}
							}
						},
						{
							"origin": [0.19198, -0.67587, -2.17894],
							"size": [0.12052, 0.25301, 0.14063],
							"inflate": -0.0005,
							"pivot": [0.3125, -0.42287, -2.17894],
							"rotation": [-3.21873, 3.82821, 49.8924],
							"uv": {
								"north": {"uv": [2, 21], "uv_size": [0.25, 0.25]},
								"east": {"uv": [21, 2], "uv_size": [0.25, 0.25]},
								"south": {"uv": [3, 21], "uv_size": [0.25, 0.25]},
								"west": {"uv": [21, 3], "uv_size": [0.25, 0.25]},
								"up": {"uv": [4, 21], "uv_size": [0.25, 0.25]},
								"down": {"uv": [21, 4.25], "uv_size": [0.25, -0.25]}
							}
						},
						{
							"origin": [-0.3125, -0.67587, -2.17894],
							"size": [0.12052, 0.25301, 0.14063],
							"inflate": -0.0005,
							"pivot": [-0.3125, -0.42287, -2.17894],
							"rotation": [-3.21873, -3.82821, -49.8924],
							"uv": {
								"north": {"uv": [5, 21], "uv_size": [0.25, 0.25]},
								"east": {"uv": [21, 5], "uv_size": [0.25, 0.25]},
								"south": {"uv": [6, 21], "uv_size": [0.25, 0.25]},
								"west": {"uv": [21, 6], "uv_size": [0.25, 0.25]},
								"up": {"uv": [7, 21], "uv_size": [0.25, 0.25]},
								"down": {"uv": [21, 7.25], "uv_size": [0.25, -0.25]}
							}
						},
						{
							"origin": [-0.125, -0.78125, -2.125],
							"size": [0.25, 0.34375, 0.14063],
							"pivot": [1.875, 0.1875, -1.98437],
							"rotation": [-5, 0, 0],
							"uv": {
								"north": {"uv": [8, 21], "uv_size": [0.25, 0.25]},
								"east": {"uv": [21, 8], "uv_size": [0.25, 0.25]},
								"south": {"uv": [9, 21], "uv_size": [0.25, 0.25]},
								"west": {"uv": [21, 9], "uv_size": [0.25, 0.25]},
								"up": {"uv": [10, 21], "uv_size": [0.25, 0.25]},
								"down": {"uv": [21, 10.25], "uv_size": [0.25, -0.25]}
							}
						},
						{
							"origin": [-0.1875, -1.41793, -2.14907],
							"size": [0.375, 0.25, 0.25],
							"pivot": [1.875, -1.16793, -2.14907],
							"rotation": [22.5, 0, 0],
							"uv": {
								"north": {"uv": [8, 18], "uv_size": [0.5, 0.25]},
								"east": {"uv": [11, 21], "uv_size": [0.25, 0.25]},
								"south": {"uv": [18, 8], "uv_size": [0.5, 0.25]},
								"west": {"uv": [21, 11], "uv_size": [0.25, 0.25]},
								"up": {"uv": [9, 18], "uv_size": [0.5, 0.25]},
								"down": {"uv": [18, 9.25], "uv_size": [0.5, -0.25]}
							}
						},
						{
							"origin": [-0.1875, -1.48001, -1.9992],
							"size": [0.375, 0.17678, 0.17678],
							"inflate": -0.0005,
							"pivot": [0.1875, -1.30323, -1.82243],
							"rotation": [-22.5, 0, 0],
							"uv": {
								"north": {"uv": [10, 18], "uv_size": [0.5, 0.25]},
								"east": {"uv": [12, 21], "uv_size": [0.25, 0.25]},
								"south": {"uv": [18, 10], "uv_size": [0.5, 0.25]},
								"west": {"uv": [21, 12], "uv_size": [0.25, 0.25]},
								"up": {"uv": [11, 18], "uv_size": [0.5, 0.25]},
								"down": {"uv": [18, 11.25], "uv_size": [0.5, -0.25]}
							}
						},
						{
							"origin": [0, -1.19996, -2.02824],
							"size": [0.1875, 0.46953, 0.12917],
							"inflate": -0.0005,
							"pivot": [0.1875, -1.16793, -2.14907],
							"rotation": [22.28168, 3.20959, -7.78063],
							"uv": {
								"north": {"uv": [12, 18], "uv_size": [0.25, 0.5]},
								"east": {"uv": [18, 12], "uv_size": [0.25, 0.5]},
								"south": {"uv": [13, 18], "uv_size": [0.25, 0.5]},
								"west": {"uv": [18, 13], "uv_size": [0.25, 0.5]},
								"up": {"uv": [13, 21], "uv_size": [0.25, 0.25]},
								"down": {"uv": [21, 13.25], "uv_size": [0.25, -0.25]}
							}
						},
						{
							"origin": [0, -1.16793, -2.14907],
							"size": [0.1875, 0.4375, 0.125],
							"pivot": [0.1875, -1.16793, -2.14907],
							"rotation": [7.43592, 3.20959, -7.78063],
							"uv": {
								"north": {"uv": [14, 18], "uv_size": [0.25, 0.5]},
								"east": {"uv": [18, 14], "uv_size": [0.25, 0.5]},
								"west": {"uv": [15, 18], "uv_size": [0.25, 0.5]},
								"up": {"uv": [14, 21], "uv_size": [0.25, 0.25]},
								"down": {"uv": [21, 14.25], "uv_size": [0.25, -0.25]}
							}
						},
						{
							"origin": [-0.1875, -1.19996, -2.02824],
							"size": [0.1875, 0.46953, 0.12917],
							"pivot": [-0.1875, -1.16793, -2.14907],
							"rotation": [22.28168, -3.20959, 7.78063],
							"uv": {
								"north": {"uv": [18, 15], "uv_size": [0.25, 0.5]},
								"east": {"uv": [16, 18], "uv_size": [0.25, 0.5]},
								"south": {"uv": [18, 16], "uv_size": [0.25, 0.5]},
								"up": {"uv": [15, 21], "uv_size": [0.25, 0.25]},
								"down": {"uv": [21, 15.25], "uv_size": [0.25, -0.25]}
							}
						},
						{
							"origin": [-0.1875, -1.16793, -2.14907],
							"size": [0.1875, 0.4375, 0.125],
							"inflate": -0.0005,
							"pivot": [-0.1875, -1.16793, -2.14907],
							"rotation": [7.43592, -3.20959, 7.78063],
							"uv": {
								"north": {"uv": [17, 18], "uv_size": [0.25, 0.5]},
								"east": {"uv": [18, 17], "uv_size": [0.25, 0.5]},
								"south": {"uv": [18, 18], "uv_size": [0.25, 0.5]},
								"west": {"uv": [0, 19], "uv_size": [0.25, 0.5]},
								"up": {"uv": [16, 21], "uv_size": [0.25, 0.25]},
								"down": {"uv": [21, 16.25], "uv_size": [0.25, -0.25]}
							}
						},
						{
							"origin": [-0.09375, 0.1875, -4.6875],
							"size": [0.1875, 0.5, 2.5625],
							"uv": {
								"north": {"uv": [19, 0], "uv_size": [0.25, 0.5]},
								"east": {"uv": [3, 6], "uv_size": [2.5, 0.5]},
								"south": {"uv": [1, 19], "uv_size": [0.25, 0.5]},
								"west": {"uv": [6, 3], "uv_size": [2.5, 0.5]},
								"up": {"uv": [5, 9], "uv_size": [0.25, 2.5]},
								"down": {"uv": [6, 11.5], "uv_size": [0.25, -2.5]}
							}
						},
						{
							"origin": [0.07813, -0.25, -6],
							"size": [0.01563, 0.4375, 3.875],
							"pivot": [0.09375, 0.1875, -2.125],
							"rotation": [0, 0, 12.09476],
							"uv": {
								"west": {"uv": [0, 0], "uv_size": [4, 0.5]}
							}
						},
						{
							"origin": [0.07813, -0.25107, -7.28188],
							"size": [0.01563, 0.4375, 1.3124],
							"pivot": [0.09375, 0.18643, -5.96948],
							"rotation": [-3.91149, 0.83747, 12.06616],
							"uv": {
								"west": {"uv": [9, 6], "uv_size": [1.25, 0.5]}
							}
						},
						{
							"origin": [-0.01354, -0.14876, -8.92707],
							"size": [0.01562, 0.0625, 1.61854],
							"pivot": [0.00208, -0.14876, -7.30853],
							"rotation": [-8.19698, 1.82024, 11.99893],
							"uv": {
								"west": {"uv": [1, 14], "uv_size": [1.5, 0.25]}
							}
						},
						{
							"origin": [0.05543, -0.1439, -8.66156],
							"size": [0.01563, 0.3125, 1.39979],
							"pivot": [0.07105, 0.1686, -7.26177],
							"rotation": [2.30302, 1.82024, 11.99893],
							"uv": {
								"west": {"uv": [3.75, 25.25], "uv_size": [3.25, 1.5]}
							}
						},
						{
							"origin": [-0.09375, -0.25107, -7.28188],
							"size": [0.01563, 0.4375, 1.3124],
							"pivot": [-0.09375, 0.18643, -5.96948],
							"rotation": [-3.91149, -0.83747, -12.06616],
							"uv": {
								"east": {"uv": [9, 7], "uv_size": [1.25, 0.5]}
							}
						},
						{
							"origin": [-0.09375, -0.25, -6],
							"size": [0.01563, 0.4375, 3.875],
							"pivot": [-0.09375, 0.1875, -2.125],
							"rotation": [0, 0, -12.09476],
							"uv": {
								"east": {"uv": [0, 1], "uv_size": [4, 0.5]}
							}
						},
						{
							"origin": [-0.07105, -0.1439, -8.66156],
							"size": [0.01563, 0.3125, 1.39979],
							"pivot": [-0.07105, 0.1686, -7.26177],
							"rotation": [2.30302, -1.82024, -11.99893],
							"uv": {
								"east": {"uv": [7.75, 25.25], "uv_size": [3.25, 1.5]}
							}
						},
						{
							"origin": [-0.00208, -0.14876, -8.92707],
							"size": [0.01563, 0.0625, 1.61854],
							"pivot": [-0.00208, -0.14876, -7.30853],
							"rotation": [-8.19698, -1.82024, -11.99893],
							"uv": {
								"east": {"uv": [3, 14], "uv_size": [1.5, 0.25]}
							}
						},
						{
							"origin": [-0.03125, 0.67188, -6.6875],
							"size": [0.0625, 0.01563, 2],
							"pivot": [0.09375, 0.6875, -4.6875],
							"rotation": [4.75, 0, 0],
							"uv": {
								"up": {"uv": [12, 0], "uv_size": [0.25, 2]}
							}
						},
						{
							"origin": [0.03125, 0.67188, -6.6875],
							"size": [0.0625, 0.01563, 2],
							"pivot": [0.09375, 0.6875, -4.6875],
							"rotation": [4.75231, 1.78376, 0.14827],
							"uv": {
								"up": {"uv": [2, 12], "uv_size": [0.25, 2]}
							}
						},
						{
							"origin": [-0.09375, 0.67188, -6.6875],
							"size": [0.0625, 0.01563, 2],
							"pivot": [-0.09375, 0.6875, -4.6875],
							"rotation": [4.75231, -1.78376, -0.14827],
							"uv": {
								"up": {"uv": [3, 12], "uv_size": [0.25, 2]}
							}
						},
						{
							"origin": [-0.09375, 0.14515, -7.29765],
							"size": [0.1875, 0.375, 2.65597],
							"pivot": [0, 0.29972, -5.77533],
							"rotation": [8.61638, 0, 0],
							"uv": {
								"east": {"uv": [12.5, 22.25], "uv_size": [2.25, 0.75]},
								"south": {"uv": [19, 1], "uv_size": [0.25, 0.5]},
								"west": {"uv": [10.25, 22.25], "uv_size": [2.25, 0.75]},
								"up": {"uv": [7, 8], "uv_size": [0.25, 2.75]}
							}
						},
						{
							"origin": [0.07813, 0.38786, -7.32089],
							"size": [0.01563, 0.22372, 0.65597],
							"pivot": [0.09375, 0.38786, -6.66493],
							"rotation": [7.83366, 3.59954, -24.52861],
							"uv": {
								"west": {"uv": [17, 8], "uv_size": [0.75, 0.25]}
							}
						},
						{
							"origin": [0.07812, 0.4397, -6.68995],
							"size": [0.01563, 0.17047, 2.02502],
							"inflate": 0.0005,
							"pivot": [0.09375, 0.38786, -6.66493],
							"rotation": [1.41123, 3.59954, -24.52861],
							"uv": {
								"west": {"uv": [0, 22.25], "uv_size": [2.25, 0.75]}
							}
						},
						{
							"origin": [0.07813, 0.38786, -6.68055],
							"size": [0.01563, 0.0625, 2.01563],
							"inflate": 0.001,
							"pivot": [0.09375, 0.38786, -6.66493],
							"rotation": [6.01976, 3.59954, -24.52861],
							"uv": {
								"west": {"uv": [4, 12], "uv_size": [2, 0.25]}
							}
						},
						{
							"origin": [-0.09375, 0.4397, -6.68995],
							"size": [0.01563, 0.17047, 2.02502],
							"inflate": 0.0005,
							"pivot": [-0.09375, 0.38786, -6.66493],
							"rotation": [1.41123, -3.59954, 24.52861],
							"uv": {
								"east": {"uv": [2.25, 22.25], "uv_size": [2.25, 0.75]}
							}
						},
						{
							"origin": [-0.09375, 0.38786, -6.68055],
							"size": [0.01563, 0.0625, 2.01563],
							"inflate": 0.001,
							"pivot": [-0.09375, 0.38786, -6.66493],
							"rotation": [6.01976, -3.59954, 24.52861],
							"uv": {
								"east": {"uv": [12, 5], "uv_size": [2, 0.25]}
							}
						},
						{
							"origin": [-0.09375, 0.38786, -7.32089],
							"size": [0.01563, 0.22372, 0.65597],
							"pivot": [-0.09375, 0.38786, -6.66493],
							"rotation": [7.83366, -3.59954, 24.52861],
							"uv": {
								"east": {"uv": [9, 17], "uv_size": [0.75, 0.25]}
							}
						},
						{
							"origin": [-0.09375, 0.17801, -7.31352],
							"size": [0.1875, 0.125, 2.625],
							"inflate": 0.0005,
							"pivot": [0, 0.29972, -5.77533],
							"rotation": [0.5, 0, 0],
							"uv": {
								"east": {"uv": [8, 8], "uv_size": [2.75, 0.25]},
								"south": {"uv": [17, 21], "uv_size": [0.25, 0.25]},
								"west": {"uv": [9, 0], "uv_size": [2.75, 0.25]}
							}
						},
						{
							"origin": [0.07813, 0.16498, -8.98071],
							"size": [0.01563, 0.0622, 1.67187],
							"pivot": [0.09375, 0.28959, -7.31349],
							"rotation": [2.36614, 3.19958, 0.25208],
							"uv": {
								"west": {"uv": [12, 6], "uv_size": [1.75, 0.25]}
							}
						},
						{
							"origin": [0.07812, 0.22739, -8.98537],
							"size": [0.01563, 0.0622, 1.67187],
							"pivot": [0.09375, 0.28959, -7.31349],
							"rotation": [4.50704, 3.19958, 0.25208],
							"uv": {
								"west": {"uv": [12, 7], "uv_size": [1.75, 0.25]}
							}
						},
						{
							"origin": [0.07813, 0.28959, -8.98537],
							"size": [0.01563, 0.06862, 1.67143],
							"pivot": [0.09375, 0.28959, -7.31349],
							"rotation": [4.01648, 4.78477, -24.36255],
							"uv": {
								"west": {"uv": [15.5, 26.5], "uv_size": [2, 0.5]}
							}
						},
						{
							"origin": [-0.01563, 0.30584, -9.01125],
							"size": [0.01562, 0.18656, 1.68162],
							"pivot": [0, 0.49334, -7.32963],
							"rotation": [10.41712, 4.78477, -24.36255],
							"uv": {
								"west": {"uv": [15.75, 22.25], "uv_size": [2, 1.75]}
							}
						},
						{
							"origin": [0, 0.30584, -9.01125],
							"size": [0.01562, 0.18656, 1.68162],
							"pivot": [0, 0.49334, -7.32963],
							"rotation": [10.41712, -4.78477, 24.36255],
							"uv": {
								"east": {"uv": [17.75, 22.25], "uv_size": [-2, 1.75]}
							}
						},
						{
							"origin": [-0.09375, 0.28959, -8.98537],
							"size": [0.01563, 0.06862, 1.67143],
							"pivot": [-0.09375, 0.28959, -7.31349],
							"rotation": [4.01648, -4.78477, 24.36255],
							"uv": {
								"east": {"uv": [17.5, 26.5], "uv_size": [-2, 0.5]}
							}
						},
						{
							"origin": [-0.09375, 0.22739, -8.98537],
							"size": [0.01563, 0.0622, 1.67187],
							"pivot": [-0.09375, 0.28959, -7.31349],
							"rotation": [4.50704, -3.19958, -0.25208],
							"uv": {
								"east": {"uv": [12, 10], "uv_size": [1.75, 0.25]}
							}
						},
						{
							"origin": [-0.375, 0.125, -1.3125],
							"size": [0.75, 0.1875, 0.1875],
							"pivot": [0, 0.21875, -1.21875],
							"rotation": [-45, 0, 0],
							"uv": {
								"north": {"uv": [21.75, 0.5], "uv_size": [0.75, 0.1875]},
								"east": {"uv": [21.75, 0], "uv_size": [0.1875, 0.1875]},
								"south": {"uv": [21.75, 0], "uv_size": [0.75, 0.1875]},
								"west": {"uv": [21.75, 0], "uv_size": [0.1875, 0.1875]},
								"up": {"uv": [22.5, 0.4375], "uv_size": [-0.75, -0.1875]},
								"down": {"uv": [22.5, 0.1875], "uv_size": [-0.75, -0.1875]}
							}
						},
						{
							"origin": [-0.375, 0.0625, 2.5625],
							"size": [0.75, 0.1875, 0.1875],
							"pivot": [0, 0.15625, 2.65625],
							"rotation": [-45, 0, 0],
							"uv": {
								"north": {"uv": [21.75, 0.5], "uv_size": [0.75, 0.1875]},
								"east": {"uv": [21.75, 0], "uv_size": [0.1875, 0.1875]},
								"south": {"uv": [21.75, 0], "uv_size": [0.75, 0.1875]},
								"west": {"uv": [21.75, 0], "uv_size": [0.1875, 0.1875]},
								"up": {"uv": [22.5, 0.4375], "uv_size": [-0.75, -0.1875]},
								"down": {"uv": [22.5, 0.1875], "uv_size": [-0.75, -0.1875]}
							}
						},
						{
							"origin": [-0.09375, 0.16498, -8.98071],
							"size": [0.01563, 0.0622, 1.67187],
							"pivot": [-0.09375, 0.28959, -7.31349],
							"rotation": [2.36614, -3.19958, -0.25208],
							"uv": {
								"east": {"uv": [12, 11], "uv_size": [1.75, 0.25]}
							}
						}
					]
				},
				{
					"name": "rightHand",
					"parent": "r",
					"pivot": [6, 18.93684, 8.04313]
				},
				{
					"name": "righthand_pos",
					"parent": "rightHand",
					"pivot": [0, 7.93684, 8.04313],
					"cubes": [
						{
							"origin": [4, 7.93684, 6.04313],
							"size": [3, 12, 4],
							"uv": {
								"north": {"uv": [0, 0], "uv_size": [4, 12]},
								"east": {"uv": [4, 0], "uv_size": [4, 12]},
								"south": {"uv": [8, 0], "uv_size": [4, 12]},
								"west": {"uv": [0, 12], "uv_size": [4, 12]},
								"up": {"uv": [12, 0], "uv_size": [4, 4]},
								"down": {"uv": [4, 16], "uv_size": [4, -4]}
							}
						}
					]
				},
				{
					"name": "leftHand",
					"parent": "root",
					"pivot": [-6, 18.93684, 8.04313]
				},
				{
					"name": "lefthand_pos",
					"parent": "leftHand",
					"pivot": [0, 7.93684, 8.04313],
					"cubes": [
						{
							"origin": [-7, 7.93684, 6.04313],
							"size": [3, 12, 4],
							"uv": {
								"north": {"uv": [0, 0], "uv_size": [4, 12]},
								"east": {"uv": [4, 0], "uv_size": [4, 12]},
								"south": {"uv": [8, 0], "uv_size": [4, 12]},
								"west": {"uv": [0, 12], "uv_size": [4, 12]},
								"up": {"uv": [12, 0], "uv_size": [4, 4]},
								"down": {"uv": [4, 16], "uv_size": [4, -4]}
							}
						}
					]
				}
			]
		}
	]
}