{
	"format_version": "1.12.0",
	"minecraft:geometry": [
		{
			"description": {
				"identifier": "geometry.unknown",
				"texture_width": 64,
				"texture_height": 64,
				"visible_bounds_width": 3,
				"visible_bounds_height": 2.5,
				"visible_bounds_offset": [0, 0.75, 0]
			},
			"bones": [
				{
					"name": "bb_main",
					"pivot": [0, 0, 0]
				},
				{
					"name": "camera",
					"pivot": [8, 11, 12]
				},
				{
					"name": "idle_view",
					"pivot": [8, 11, 12]
				},
				{
					"name": "root",
					"pivot": [0, 2, 0]
				},
				{
					"name": "r",
					"parent": "root",
					"pivot": [0, 2, 0]
				},
				{
					"name": "rightHand",
					"parent": "r",
					"pivot": [6, 18.93684, 8.04313]
				},
				{
					"name": "righthand_pos",
					"parent": "rightHand",
					"pivot": [0, 7.93684, 8.04313],
					"cubes": [
						{
							"origin": [4, 7.93684, 6.04313],
							"size": [3, 12, 4],
							"uv": {
								"north": {"uv": [0, 0], "uv_size": [4, 12]},
								"east": {"uv": [4, 0], "uv_size": [4, 12]},
								"south": {"uv": [8, 0], "uv_size": [4, 12]},
								"west": {"uv": [0, 12], "uv_size": [4, 12]},
								"up": {"uv": [12, 0], "uv_size": [4, 4]},
								"down": {"uv": [4, 16], "uv_size": [4, -4]}
							}
						}
					]
				},
				{
					"name": "shovel",
					"parent": "r",
					"pivot": [0, 3, 0],
					"cubes": [
						{
							"origin": [-0.4375, -3.8125, -0.4375],
							"size": [0.875, 0.625, 0.875],
							"uv": {
								"down": {"uv": [17, 11], "uv_size": [1, -1]}
							}
						},
						{
							"origin": [-0.36244, -1.5, -0.875],
							"size": [0.72487, 4.5, 1.75],
							"pivot": [0, 0.75, 0],
							"rotation": [0, -45, 0],
							"uv": {
								"north": {"uv": [13, 0], "uv_size": [0.75, 4.5]},
								"east": {"uv": [6, 0], "uv_size": [1.75, 4.5]},
								"south": {"uv": [0, 14], "uv_size": [0.75, 4.5]},
								"west": {"uv": [6, 5], "uv_size": [1.75, 4.5]},
								"up": {"uv": [20, 0], "uv_size": [0.75, 1.75]},
								"down": {"uv": [20, 3.75], "uv_size": [0.75, -1.75]}
							}
						},
						{
							"origin": [-0.36244, -1.5, -0.875],
							"size": [0.72487, 4.5, 1.75],
							"uv": {
								"north": {"uv": [14, 0], "uv_size": [0.75, 4.5]},
								"east": {"uv": [8, 0], "uv_size": [1.75, 4.5]},
								"south": {"uv": [1, 14], "uv_size": [0.75, 4.5]},
								"west": {"uv": [8, 5], "uv_size": [1.75, 4.5]},
								"up": {"uv": [20, 4], "uv_size": [0.75, 1.75]},
								"down": {"uv": [20, 7.75], "uv_size": [0.75, -1.75]}
							}
						},
						{
							"origin": [-0.875, -1.5, -0.36244],
							"size": [1.75, 4.5, 0.72487],
							"pivot": [0, 0.75, 0],
							"rotation": [0, -45, 0],
							"uv": {
								"north": {"uv": [0, 9], "uv_size": [1.75, 4.5]},
								"east": {"uv": [2, 14], "uv_size": [0.75, 4.5]},
								"south": {"uv": [2, 9], "uv_size": [1.75, 4.5]},
								"west": {"uv": [3, 14], "uv_size": [0.75, 4.5]},
								"up": {"uv": [4, 9], "uv_size": [1.75, 0.75]},
								"down": {"uv": [20, 8.75], "uv_size": [1.75, -0.75]}
							}
						},
						{
							"origin": [-0.875, -1.5, -0.36244],
							"size": [1.75, 4.5, 0.72487],
							"uv": {
								"east": {"uv": [4, 14], "uv_size": [0.75, 4.5]},
								"west": {"uv": [5, 14], "uv_size": [0.75, 4.5]},
								"up": {"uv": [20, 9], "uv_size": [1.75, 0.75]},
								"down": {"uv": [20, 10.75], "uv_size": [1.75, -0.75]}
							}
						},
						{
							"origin": [-0.4401, -3.1875, -1.0625],
							"size": [0.8802, 0.75, 2.125],
							"pivot": [0, -2.8125, 0],
							"rotation": [0, -45, 0],
							"uv": {
								"north": {"uv": [23, 16], "uv_size": [1, 0.75]},
								"south": {"uv": [23, 17], "uv_size": [1, 0.75]},
								"up": {"uv": [13, 5], "uv_size": [1, 2.25]},
								"down": {"uv": [16, 7.25], "uv_size": [1, -2.25]}
							}
						},
						{
							"origin": [-0.4401, -3.1875, -1.0625],
							"size": [0.8802, 0.75, 2.125],
							"uv": {
								"north": {"uv": [23, 18], "uv_size": [1, 0.75]},
								"south": {"uv": [19, 23], "uv_size": [1, 0.75]},
								"up": {"uv": [16, 8], "uv_size": [1, 2.25]},
								"down": {"uv": [10, 18.25], "uv_size": [1, -2.25]}
							}
						},
						{
							"origin": [-1.0625, -3.1875, -0.4401],
							"size": [2.125, 0.75, 0.8802],
							"pivot": [0, -2.8125, 0],
							"rotation": [0, -45, 0],
							"uv": {
								"east": {"uv": [23, 19], "uv_size": [1, 0.75]},
								"west": {"uv": [20, 23], "uv_size": [1, 0.75]},
								"up": {"uv": [11, 16], "uv_size": [2.25, 1]},
								"down": {"uv": [16, 12], "uv_size": [2.25, -1]}
							}
						},
						{
							"origin": [-1.0625, -3.1875, -0.4401],
							"size": [2.125, 0.75, 0.8802],
							"uv": {
								"east": {"uv": [23, 20], "uv_size": [1, 0.75]},
								"west": {"uv": [21, 23], "uv_size": [1, 0.75]},
								"up": {"uv": [16, 12], "uv_size": [2.25, 1]},
								"down": {"uv": [16, 14], "uv_size": [2.25, -1]}
							}
						},
						{
							"origin": [-0.36244, -2.45922, 0.375],
							"size": [0.41237, 1.02172, 0.5],
							"inflate": 0.0005,
							"pivot": [-0.36244, -1.5, 0.875],
							"rotation": [11.2738, -0.9098, 4.5544],
							"uv": {
								"east": {"uv": [24, 19], "uv_size": [0.5, 1]},
								"south": {"uv": [24, 20], "uv_size": [0.5, 1]}
							}
						},
						{
							"origin": [-0.13756, -2.45922, 0.46263],
							"size": [0.5, 1.02172, 0.41237],
							"inflate": 0.0005,
							"pivot": [0.36244, -1.5, 0.875],
							"rotation": [15.74, -43.8979, -15.7932],
							"uv": {
								"west": {"uv": [25, 3], "uv_size": [0.5, 1]}
							}
						},
						{
							"origin": [0.375, -2.45922, -0.36244],
							"size": [0.5, 1.02172, 0.47487],
							"pivot": [0.875, -1.5, -0.36244],
							"rotation": [-4.6442, 0, -11.3099],
							"uv": {
								"east": {"uv": [0, 26], "uv_size": [0.5, 1]},
								"west": {"uv": [26, 0], "uv_size": [0.5, 1]}
							}
						},
						{
							"origin": [0.375, -2.45922, -0.04994],
							"size": [0.5, 1.02172, 0.41237],
							"inflate": 0.0005,
							"pivot": [0.875, -1.5, 0.36244],
							"rotation": [4.6442, 0, -11.3099],
							"uv": {
								"east": {"uv": [26, 1], "uv_size": [0.5, 1]},
								"west": {"uv": [26, 2], "uv_size": [0.5, 1]}
							}
						},
						{
							"origin": [0.375, -2.45922, 0.36244],
							"size": [0.5, 1.02172, 0.47487],
							"pivot": [0.875, -1.5, 0.36244],
							"rotation": [6.4516, -43.8979, -15.7932],
							"uv": {
								"east": {"uv": [26, 3], "uv_size": [0.5, 1]},
								"west": {"uv": [26, 4], "uv_size": [0.5, 1]}
							}
						},
						{
							"origin": [-0.11244, -2.45922, 0.375],
							"size": [0.47487, 1.02172, 0.5],
							"pivot": [0.36244, -1.5, 0.875],
							"rotation": [11.2738, 0.9098, -4.5544],
							"uv": {
								"south": {"uv": [26, 5], "uv_size": [0.5, 1]},
								"west": {"uv": [26, 6], "uv_size": [0.5, 1]}
							}
						},
						{
							"origin": [-0.11244, -2.45922, -0.875],
							"size": [0.47487, 1.02172, 0.5],
							"inflate": 0.0005,
							"pivot": [0.36244, -1.5, -0.875],
							"rotation": [-11.2738, -0.9098, -4.5544],
							"uv": {
								"north": {"uv": [26, 7], "uv_size": [0.5, 1]},
								"west": {"uv": [26, 8], "uv_size": [0.5, 1]}
							}
						},
						{
							"origin": [-0.36244, -2.45922, -0.875],
							"size": [0.41237, 1.02172, 0.5],
							"pivot": [-0.36244, -1.5, -0.875],
							"rotation": [-11.2738, 0.9098, 4.5544],
							"uv": {
								"north": {"uv": [26, 9], "uv_size": [0.5, 1]},
								"east": {"uv": [26, 10], "uv_size": [0.5, 1]}
							}
						},
						{
							"origin": [-0.13756, -2.45922, -0.875],
							"size": [0.5, 1.02172, 0.41237],
							"pivot": [0.36244, -1.5, -0.875],
							"rotation": [-15.74, 43.8979, -15.7932],
							"uv": {
								"west": {"uv": [26, 11], "uv_size": [0.5, 1]}
							}
						},
						{
							"origin": [0.375, -2.45922, -0.83731],
							"size": [0.5, 1.02172, 0.47487],
							"inflate": 0.0005,
							"pivot": [0.875, -1.5, -0.36244],
							"rotation": [-6.4516, 43.8979, -15.7932],
							"uv": {
								"east": {"uv": [26, 12], "uv_size": [0.5, 1]},
								"west": {"uv": [26, 13], "uv_size": [0.5, 1]}
							}
						},
						{
							"origin": [-0.36244, -2.45922, -0.875],
							"size": [0.5, 1.02172, 0.41237],
							"inflate": 0.0005,
							"pivot": [-0.36244, -1.5, -0.875],
							"rotation": [-15.74, -43.8979, 15.7932],
							"uv": {
								"east": {"uv": [26, 14], "uv_size": [0.5, 1]}
							}
						},
						{
							"origin": [-0.875, -2.45922, -0.83731],
							"size": [0.5, 1.02172, 0.47487],
							"pivot": [-0.875, -1.5, -0.36244],
							"rotation": [-6.4516, -43.8979, 15.7932],
							"uv": {
								"east": {"uv": [26, 15], "uv_size": [0.5, 1]},
								"west": {"uv": [16, 26], "uv_size": [0.5, 1]}
							}
						},
						{
							"origin": [-0.875, -2.45922, -0.04994],
							"size": [0.5, 1.02172, 0.41237],
							"pivot": [-0.875, -1.5, 0.36244],
							"rotation": [4.6442, 0, 11.3099],
							"uv": {
								"east": {"uv": [26, 16], "uv_size": [0.5, 1]},
								"west": {"uv": [17, 26], "uv_size": [0.5, 1]}
							}
						},
						{
							"origin": [-0.875, -2.45922, -0.36244],
							"size": [0.5, 1.02172, 0.47487],
							"inflate": 0.0005,
							"pivot": [-0.875, -1.5, -0.36244],
							"rotation": [-4.6442, 0, 11.3099],
							"uv": {
								"east": {"uv": [26, 17], "uv_size": [0.5, 1]},
								"west": {"uv": [18, 26], "uv_size": [0.5, 1]}
							}
						},
						{
							"origin": [-0.875, -2.45922, 0.36244],
							"size": [0.5, 1.02172, 0.47487],
							"inflate": 0.0005,
							"pivot": [-0.875, -1.5, 0.36244],
							"rotation": [6.4516, 43.8979, 15.7932],
							"uv": {
								"east": {"uv": [26, 18], "uv_size": [0.5, 1]},
								"west": {"uv": [26, 19], "uv_size": [0.5, 1]},
								"up": {"uv": [29, 10], "uv_size": [0.5, 0.5]}
							}
						},
						{
							"origin": [-0.36244, -2.45922, 0.46263],
							"size": [0.5, 1.02172, 0.41237],
							"pivot": [-0.36244, -1.5, 0.875],
							"rotation": [15.74, 43.8979, 15.7932],
							"uv": {
								"east": {"uv": [26, 20], "uv_size": [0.5, 1]},
								"up": {"uv": [11, 29], "uv_size": [0.5, 0.5]}
							}
						},
						{
							"origin": [-0.4401, -4.07138, 0.62056],
							"size": [0.8776, 0.88388, 0.44194],
							"pivot": [0.4401, -3.1875, 1.0625],
							"rotation": [-45, 0, 0],
							"uv": {
								"north": {"uv": [7, 22], "uv_size": [1, 1]},
								"east": {"uv": [26, 21], "uv_size": [0.5, 1]},
								"south": {"uv": [8, 22], "uv_size": [1, 1]},
								"west": {"uv": [22, 26], "uv_size": [0.5, 1]},
								"down": {"uv": [26, 22.5], "uv_size": [1, -0.5]}
							}
						},
						{
							"origin": [-0.4401, -4.07138, -1.0625],
							"size": [0.8776, 0.88388, 0.44194],
							"pivot": [0.4401, -3.1875, -1.0625],
							"rotation": [45, 0, 0],
							"uv": {
								"north": {"uv": [22, 8], "uv_size": [1, 1]},
								"east": {"uv": [26, 23], "uv_size": [0.5, 1]},
								"south": {"uv": [9, 22], "uv_size": [1, 1]},
								"west": {"uv": [26, 24], "uv_size": [0.5, 1]},
								"down": {"uv": [26, 25.5], "uv_size": [1, -0.5]}
							}
						},
						{
							"origin": [0.62056, -4.07138, -0.4401],
							"size": [0.44194, 0.88388, 0.8776],
							"pivot": [1.0625, -3.1875, 0.4401],
							"rotation": [0, 0, 45],
							"uv": {
								"north": {"uv": [26, 26], "uv_size": [0.5, 1]},
								"east": {"uv": [22, 9], "uv_size": [1, 1]},
								"south": {"uv": [0, 27], "uv_size": [0.5, 1]},
								"west": {"uv": [22, 10], "uv_size": [1, 1]},
								"down": {"uv": [27, 1], "uv_size": [0.5, -1]}
							}
						},
						{
							"origin": [-1.0625, -4.07138, -0.4401],
							"size": [0.44194, 0.88388, 0.8776],
							"pivot": [-1.0625, -3.1875, 0.4401],
							"rotation": [0, 0, -45],
							"uv": {
								"north": {"uv": [27, 1], "uv_size": [0.5, 1]},
								"east": {"uv": [11, 22], "uv_size": [1, 1]},
								"south": {"uv": [27, 2], "uv_size": [0.5, 1]},
								"west": {"uv": [12, 22], "uv_size": [1, 1]},
								"down": {"uv": [27, 4], "uv_size": [0.5, -1]}
							}
						},
						{
							"origin": [0.1901, -3.39062, 0.1823],
							"size": [0.25, 0.20313, 0.8802],
							"inflate": 0.001,
							"pivot": [0.4401, -3.1875, 1.0625],
							"rotation": [-30.0687, -35.2082, 45.119],
							"uv": {
								"west": {"uv": [29, 11], "uv_size": [1, 0.25]}
							}
						},
						{
							"origin": [0.72934, -4.06798, 0.35695],
							"size": [0.25, 0.71486, 0.32195],
							"inflate": 0.0005,
							"pivot": [0.97934, -3.35312, 0.35695],
							"rotation": [7.9264, -35.2082, 45.119],
							"uv": {
								"west": {"uv": [30, 16], "uv_size": [0.25, 0.75]}
							}
						},
						{
							"origin": [0.08928, -3.65086, 0.69804],
							"size": [0.25, 0.44923, 0.40999],
							"pivot": [0.33928, -3.65086, 0.69804],
							"rotation": [32.8865, -35.2082, 45.119],
							"uv": {
								"west": {"uv": [12, 29], "uv_size": [0.5, 0.5]}
							}
						},
						{
							"origin": [-0.97934, -4.06798, 0.35695],
							"size": [0.25, 0.71486, 0.32195],
							"inflate": 0.0005,
							"pivot": [-0.97934, -3.35312, 0.35695],
							"rotation": [7.9264, 35.2082, -45.119],
							"uv": {
								"east": {"uv": [17, 30], "uv_size": [0.25, 0.75]}
							}
						},
						{
							"origin": [-0.4401, -3.39062, 0.1823],
							"size": [0.25, 0.20313, 0.8802],
							"inflate": 0.001,
							"pivot": [-0.4401, -3.1875, 1.0625],
							"rotation": [-30.0687, 35.2082, -45.119],
							"uv": {
								"east": {"uv": [29, 12], "uv_size": [1, 0.25]}
							}
						},
						{
							"origin": [-0.33928, -3.65086, 0.69804],
							"size": [0.25, 0.44923, 0.40999],
							"pivot": [-0.33928, -3.65086, 0.69804],
							"rotation": [32.8865, 35.2082, -45.119],
							"uv": {
								"east": {"uv": [13, 29], "uv_size": [0.5, 0.5]}
							}
						},
						{
							"origin": [0.72934, -4.06798, -0.6789],
							"size": [0.25, 0.71486, 0.32195],
							"inflate": 0.0005,
							"pivot": [0.97934, -3.35312, -0.35695],
							"rotation": [-7.9264, 35.2082, 45.119],
							"uv": {
								"west": {"uv": [30, 17], "uv_size": [0.25, 0.75]}
							}
						},
						{
							"origin": [0.08928, -3.65086, -1.10803],
							"size": [0.25, 0.44923, 0.40999],
							"pivot": [0.33928, -3.65086, -0.69804],
							"rotation": [-32.8865, 35.2082, 45.119],
							"uv": {
								"west": {"uv": [29, 13], "uv_size": [0.5, 0.5]}
							}
						},
						{
							"origin": [0.1901, -3.39062, -1.0625],
							"size": [0.25, 0.20313, 0.8802],
							"inflate": 0.001,
							"pivot": [0.4401, -3.1875, -1.0625],
							"rotation": [30.0687, 35.2082, 45.119],
							"uv": {
								"west": {"uv": [29, 14], "uv_size": [1, 0.25]}
							}
						},
						{
							"origin": [-0.97934, -4.06798, -0.6789],
							"size": [0.25, 0.71486, 0.32195],
							"inflate": 0.0005,
							"pivot": [-0.97934, -3.35312, -0.35695],
							"rotation": [-7.9264, -35.2082, -45.119],
							"uv": {
								"east": {"uv": [18, 30], "uv_size": [0.25, 0.75]}
							}
						},
						{
							"origin": [-0.4401, -3.39062, -1.0625],
							"size": [0.25, 0.20313, 0.8802],
							"inflate": 0.001,
							"pivot": [-0.4401, -3.1875, -1.0625],
							"rotation": [30.0687, -35.2082, -45.119],
							"uv": {
								"east": {"uv": [29, 15], "uv_size": [1, 0.25]}
							}
						},
						{
							"origin": [-0.33928, -3.65086, -1.10803],
							"size": [0.25, 0.44923, 0.40999],
							"pivot": [-0.33928, -3.65086, -0.69804],
							"rotation": [-32.8865, -35.2082, -45.119],
							"uv": {
								"east": {"uv": [16, 29], "uv_size": [0.5, 0.5]}
							}
						},
						{
							"origin": [-0.36244, 10, -0.875],
							"size": [0.72487, 1.5, 1.75],
							"pivot": [0, 10.75, 0],
							"rotation": [0, -45, 0],
							"uv": {
								"north": {"uv": [21, 13], "uv_size": [0.75, 1.5]},
								"south": {"uv": [19, 21], "uv_size": [0.75, 1.5]},
								"up": {"uv": [20, 11], "uv_size": [0.75, 1.75]},
								"down": {"uv": [20, 14.75], "uv_size": [0.75, -1.75]}
							}
						},
						{
							"origin": [-0.36244, 10, -0.875],
							"size": [0.72487, 1.5, 1.75],
							"uv": {
								"north": {"uv": [21, 19], "uv_size": [0.75, 1.5]},
								"south": {"uv": [20, 21], "uv_size": [0.75, 1.5]},
								"up": {"uv": [14, 20], "uv_size": [0.75, 1.75]},
								"down": {"uv": [15, 21.75], "uv_size": [0.75, -1.75]}
							}
						},
						{
							"origin": [-0.875, 10, -0.36244],
							"size": [1.75, 1.5, 0.72487],
							"pivot": [0, 10.75, 0],
							"rotation": [0, -45, 0],
							"uv": {
								"east": {"uv": [21, 21], "uv_size": [0.75, 1.5]},
								"west": {"uv": [0, 22], "uv_size": [0.75, 1.5]},
								"up": {"uv": [20, 15], "uv_size": [1.75, 0.75]},
								"down": {"uv": [20, 16.75], "uv_size": [1.75, -0.75]}
							}
						},
						{
							"origin": [-0.875, 10, -0.36244],
							"size": [1.75, 1.5, 0.72487],
							"uv": {
								"east": {"uv": [22, 0], "uv_size": [0.75, 1.5]},
								"west": {"uv": [1, 22], "uv_size": [0.75, 1.5]},
								"up": {"uv": [20, 17], "uv_size": [1.75, 0.75]},
								"down": {"uv": [20, 18.75], "uv_size": [1.75, -0.75]}
							}
						},
						{
							"origin": [0.375, 3, -0.36244],
							"size": [0.5, 4.5, 0.72487],
							"pivot": [0.875, 3, 0.36244],
							"rotation": [0, 0, -2],
							"uv": {
								"east": {"uv": [14, 5], "uv_size": [0.75, 4.5]},
								"west": {"uv": [6, 14], "uv_size": [0.75, 4.5]},
								"down": {"uv": [2, 28.75], "uv_size": [0.5, -0.75]}
							}
						},
						{
							"origin": [-0.36244, 3, 0.375],
							"size": [0.72487, 4.5, 0.5],
							"pivot": [0.36244, 3, 0.875],
							"rotation": [2, 0, 0],
							"uv": {
								"north": {"uv": [7, 14], "uv_size": [0.75, 4.5]},
								"south": {"uv": [8, 14], "uv_size": [0.75, 4.5]}
							}
						},
						{
							"origin": [-0.13756, 3, 0.15013],
							"size": [0.5, 4.5, 0.72487],
							"pivot": [0.36244, 3, 0.875],
							"rotation": [2.9959, -44.9215, -4.2388],
							"uv": {
								"north": {"uv": [16, 14], "uv_size": [0.5, 4.5]},
								"south": {"uv": [17, 0], "uv_size": [0.5, 4.5]},
								"west": {"uv": [9, 14], "uv_size": [0.75, 4.5]},
								"up": {"uv": [28, 2], "uv_size": [0.5, 0.75]},
								"down": {"uv": [3, 28.75], "uv_size": [0.5, -0.75]}
							}
						},
						{
							"origin": [-0.75, 7.5, -0.36244],
							"size": [1.5, 2.5, 0.72487],
							"uv": {
								"east": {"uv": [0, 19], "uv_size": [0.75, 2.5]},
								"west": {"uv": [19, 0], "uv_size": [0.75, 2.5]},
								"down": {"uv": [2, 22.75], "uv_size": [1.5, -0.75]}
							}
						},
						{
							"origin": [-0.78661, 7.5, -0.27405],
							"size": [1.57322, 2.5, 0.5481],
							"pivot": [0, 7.75, 0],
							"rotation": [0, -45, 0],
							"uv": {
								"east": {"uv": [21, 0], "uv_size": [0.5, 2.5]},
								"west": {"uv": [21, 3], "uv_size": [0.5, 2.5]},
								"down": {"uv": [23, 21.5], "uv_size": [1.5, -0.5]}
							}
						},
						{
							"origin": [-0.27405, 7.5, -0.78661],
							"size": [0.5481, 2.5, 1.57322],
							"pivot": [0, 7.75, 0],
							"rotation": [0, -45, 0],
							"uv": {
								"north": {"uv": [6, 21], "uv_size": [0.5, 2.5]},
								"south": {"uv": [10, 21], "uv_size": [0.5, 2.5]},
								"down": {"uv": [23, 23.5], "uv_size": [0.5, -1.5]}
							}
						},
						{
							"origin": [-0.36244, 7.5, -0.75],
							"size": [0.72487, 2.5, 1.5],
							"uv": {
								"north": {"uv": [1, 19], "uv_size": [0.75, 2.5]},
								"south": {"uv": [2, 19], "uv_size": [0.75, 2.5]},
								"down": {"uv": [22, 3.5], "uv_size": [0.75, -1.5]}
							}
						},
						{
							"origin": [0.5, 5.0625, -0.36244],
							"size": [0.25, 2.4375, 0.72487],
							"pivot": [0.75, 7.5, 0.36244],
							"rotation": [0, 0, -3],
							"uv": {
								"north": {"uv": [14, 24], "uv_size": [0.25, 2.5]},
								"east": {"uv": [3, 19], "uv_size": [0.75, 2.5]},
								"south": {"uv": [15, 24], "uv_size": [0.25, 2.5]},
								"west": {"uv": [19, 3], "uv_size": [0.75, 2.5]},
								"up": {"uv": [30, 18], "uv_size": [0.25, 0.75]},
								"down": {"uv": [19, 30.75], "uv_size": [0.25, -0.75]}
							}
						},
						{
							"origin": [0.5, 5.0637, 0.36244],
							"size": [0.25, 2.4988, 0.1875],
							"inflate": 0.001,
							"pivot": [0.75, 7.5, 0.36244],
							"rotation": [0, -44.9607, -3],
							"uv": {
								"north": {"uv": [24, 16], "uv_size": [0.25, 2.5]},
								"east": {"uv": [19, 24], "uv_size": [0.25, 2.5]},
								"south": {"uv": [20, 24], "uv_size": [0.25, 2.5]},
								"west": {"uv": [21, 24], "uv_size": [0.25, 2.5]},
								"up": {"uv": [25, 32], "uv_size": [0.25, 0.25]},
								"down": {"uv": [32, 25.25], "uv_size": [0.25, -0.25]}
							}
						},
						{
							"origin": [0.11244, 5.7512, 0.24878],
							"size": [0.25, 1.8113, 0.50122],
							"inflate": 0.0005,
							"pivot": [0.36244, 7.5, 0.75],
							"rotation": [4.2417, -44.9607, -3],
							"uv": {
								"north": {"uv": [18, 27], "uv_size": [0.25, 1.75]},
								"east": {"uv": [2, 23], "uv_size": [0.5, 1.75]},
								"south": {"uv": [19, 27], "uv_size": [0.25, 1.75]},
								"west": {"uv": [3, 23], "uv_size": [0.5, 1.75]},
								"up": {"uv": [31, 13], "uv_size": [0.25, 0.5]},
								"down": {"uv": [14, 31.5], "uv_size": [0.25, -0.5]}
							}
						},
						{
							"origin": [0.11244, 4.88905, 0.62155],
							"size": [0.25, 0.86455, 0.21997],
							"pivot": [0.36244, 5.7536, 0.84153],
							"rotation": [-34.4908, -44.9607, -3],
							"uv": {
								"north": {"uv": [30, 19], "uv_size": [0.25, 0.75]},
								"east": {"uv": [20, 30], "uv_size": [0.25, 0.75]},
								"south": {"uv": [30, 20], "uv_size": [0.25, 0.75]},
								"west": {"uv": [21, 30], "uv_size": [0.25, 0.75]},
								"up": {"uv": [26, 32], "uv_size": [0.25, 0.25]},
								"down": {"uv": [32, 26.25], "uv_size": [0.25, -0.25]}
							}
						},
						{
							"origin": [0.11244, 5.20155, 0.43405],
							"size": [0.25, 0.38017, 0.1875],
							"pivot": [0.36244, 5.7536, 0.84153],
							"rotation": [-34.4908, -44.9607, -3],
							"uv": {
								"north": {"uv": [31, 14], "uv_size": [0.25, 0.5]},
								"east": {"uv": [15, 31], "uv_size": [0.25, 0.5]},
								"west": {"uv": [31, 15], "uv_size": [0.25, 0.5]},
								"up": {"uv": [27, 32], "uv_size": [0.25, 0.25]},
								"down": {"uv": [32, 27.25], "uv_size": [0.25, -0.25]}
							}
						},
						{
							"origin": [0.62757, 4.55328, -0.15013],
							"size": [0.25, 0.51256, 0.51256],
							"inflate": -0.0005,
							"pivot": [0.87757, 5.06584, 0.36244],
							"rotation": [-45, 0, -3],
							"uv": {
								"north": {"uv": [16, 31], "uv_size": [0.25, 0.5]},
								"east": {"uv": [29, 16], "uv_size": [0.5, 0.5]},
								"south": {"uv": [31, 16], "uv_size": [0.25, 0.5]},
								"west": {"uv": [17, 29], "uv_size": [0.5, 0.5]},
								"up": {"uv": [17, 31], "uv_size": [0.25, 0.5]},
								"down": {"uv": [31, 17.5], "uv_size": [0.25, -0.5]}
							}
						},
						{
							"origin": [-0.36244, 3, -0.875],
							"size": [0.72487, 4.5, 0.5],
							"pivot": [0.36244, 3, -0.875],
							"rotation": [-2, 0, 0],
							"uv": {
								"north": {"uv": [14, 10], "uv_size": [0.75, 4.5]},
								"south": {"uv": [15, 0], "uv_size": [0.75, 4.5]}
							}
						},
						{
							"origin": [-0.13756, 3, -0.875],
							"size": [0.5, 4.5, 0.72487],
							"pivot": [0.36244, 3, -0.875],
							"rotation": [-2.9959, 44.9215, -4.2388],
							"uv": {
								"north": {"uv": [17, 5], "uv_size": [0.5, 4.5]},
								"south": {"uv": [11, 17], "uv_size": [0.5, 4.5]},
								"west": {"uv": [15, 5], "uv_size": [0.75, 4.5]},
								"up": {"uv": [28, 3], "uv_size": [0.5, 0.75]},
								"down": {"uv": [4, 28.75], "uv_size": [0.5, -0.75]}
							}
						},
						{
							"origin": [-0.36244, 3, -0.875],
							"size": [0.5, 4.5, 0.72487],
							"pivot": [-0.36244, 3, -0.875],
							"rotation": [-2.9959, -44.9215, 4.2388],
							"uv": {
								"north": {"uv": [12, 17], "uv_size": [0.5, 4.5]},
								"east": {"uv": [15, 10], "uv_size": [0.75, 4.5]},
								"south": {"uv": [13, 17], "uv_size": [0.5, 4.5]},
								"up": {"uv": [28, 4], "uv_size": [0.5, 0.75]},
								"down": {"uv": [5, 28.75], "uv_size": [0.5, -0.75]}
							}
						},
						{
							"origin": [-0.875, 3, -0.36244],
							"size": [0.5, 4.5, 0.72487],
							"pivot": [-0.875, 3, 0.36244],
							"rotation": [0, 0, 2],
							"uv": {
								"east": {"uv": [14, 15], "uv_size": [0.75, 4.5]},
								"west": {"uv": [15, 15], "uv_size": [0.75, 4.5]},
								"down": {"uv": [28, 5.75], "uv_size": [0.5, -0.75]}
							}
						},
						{
							"origin": [-0.36244, 3, 0.15013],
							"size": [0.5, 4.5, 0.72487],
							"pivot": [-0.36244, 3, 0.875],
							"rotation": [2.9959, 44.9215, 4.2388],
							"uv": {
								"north": {"uv": [17, 14], "uv_size": [0.5, 4.5]},
								"east": {"uv": [16, 0], "uv_size": [0.75, 4.5]},
								"south": {"uv": [18, 0], "uv_size": [0.5, 4.5]},
								"up": {"uv": [6, 28], "uv_size": [0.5, 0.75]},
								"down": {"uv": [28, 6.75], "uv_size": [0.5, -0.75]}
							}
						},
						{
							"origin": [-0.87757, 4.55328, -0.15013],
							"size": [0.25, 0.51256, 0.51256],
							"inflate": -0.0005,
							"pivot": [-0.87757, 5.06584, 0.36244],
							"rotation": [-45, 0, 3],
							"uv": {
								"north": {"uv": [18, 31], "uv_size": [0.25, 0.5]},
								"east": {"uv": [29, 17], "uv_size": [0.5, 0.5]},
								"south": {"uv": [31, 18], "uv_size": [0.25, 0.5]},
								"west": {"uv": [18, 29], "uv_size": [0.5, 0.5]},
								"up": {"uv": [19, 31], "uv_size": [0.25, 0.5]},
								"down": {"uv": [31, 19.5], "uv_size": [0.25, -0.5]}
							}
						},
						{
							"origin": [-0.75, 5.0625, -0.36244],
							"size": [0.25, 2.4375, 0.72487],
							"pivot": [-0.75, 7.5, 0.36244],
							"rotation": [0, 0, 3],
							"uv": {
								"north": {"uv": [24, 22], "uv_size": [0.25, 2.5]},
								"east": {"uv": [4, 19], "uv_size": [0.75, 2.5]},
								"south": {"uv": [23, 24], "uv_size": [0.25, 2.5]},
								"west": {"uv": [5, 19], "uv_size": [0.75, 2.5]},
								"up": {"uv": [30, 21], "uv_size": [0.25, 0.75]},
								"down": {"uv": [22, 30.75], "uv_size": [0.25, -0.75]}
							}
						},
						{
							"origin": [-0.36244, 5.20155, 0.43405],
							"size": [0.25, 0.38017, 0.1875],
							"pivot": [-0.36244, 5.7536, 0.84153],
							"rotation": [-34.4908, 44.9607, 3],
							"uv": {
								"north": {"uv": [20, 31], "uv_size": [0.25, 0.5]},
								"east": {"uv": [31, 20], "uv_size": [0.25, 0.5]},
								"west": {"uv": [21, 31], "uv_size": [0.25, 0.5]},
								"up": {"uv": [28, 32], "uv_size": [0.25, 0.25]},
								"down": {"uv": [32, 28.25], "uv_size": [0.25, -0.25]}
							}
						},
						{
							"origin": [-0.75, 5.0637, 0.36244],
							"size": [0.25, 2.4988, 0.1875],
							"inflate": 0.001,
							"pivot": [-0.75, 7.5, 0.36244],
							"rotation": [0, 44.9607, 3],
							"uv": {
								"north": {"uv": [1, 25], "uv_size": [0.25, 2.5]},
								"east": {"uv": [2, 25], "uv_size": [0.25, 2.5]},
								"south": {"uv": [3, 25], "uv_size": [0.25, 2.5]},
								"west": {"uv": [4, 25], "uv_size": [0.25, 2.5]},
								"up": {"uv": [29, 32], "uv_size": [0.25, 0.25]},
								"down": {"uv": [32, 29.25], "uv_size": [0.25, -0.25]}
							}
						},
						{
							"origin": [-0.36244, 4.88905, 0.62155],
							"size": [0.25, 0.86455, 0.21997],
							"pivot": [-0.36244, 5.7536, 0.84153],
							"rotation": [-34.4908, 44.9607, 3],
							"uv": {
								"north": {"uv": [30, 22], "uv_size": [0.25, 0.75]},
								"east": {"uv": [23, 30], "uv_size": [0.25, 0.75]},
								"south": {"uv": [30, 23], "uv_size": [0.25, 0.75]},
								"west": {"uv": [24, 30], "uv_size": [0.25, 0.75]},
								"up": {"uv": [30, 32], "uv_size": [0.25, 0.25]},
								"down": {"uv": [32, 30.25], "uv_size": [0.25, -0.25]}
							}
						},
						{
							"origin": [-0.36244, 5.7512, 0.24878],
							"size": [0.25, 1.8113, 0.50122],
							"inflate": 0.0005,
							"pivot": [-0.36244, 7.5, 0.75],
							"rotation": [4.2417, 44.9607, 3],
							"uv": {
								"north": {"uv": [27, 19], "uv_size": [0.25, 1.75]},
								"east": {"uv": [4, 23], "uv_size": [0.5, 1.75]},
								"south": {"uv": [20, 27], "uv_size": [0.25, 1.75]},
								"west": {"uv": [23, 4], "uv_size": [0.5, 1.75]},
								"up": {"uv": [31, 21], "uv_size": [0.25, 0.5]},
								"down": {"uv": [22, 31.5], "uv_size": [0.25, -0.5]}
							}
						},
						{
							"origin": [-0.36244, 5.20155, -0.62155],
							"size": [0.25, 0.38017, 0.1875],
							"pivot": [-0.36244, 5.7536, -0.84153],
							"rotation": [34.4908, -44.9607, 3],
							"uv": {
								"east": {"uv": [31, 22], "uv_size": [0.25, 0.5]},
								"south": {"uv": [23, 31], "uv_size": [0.25, 0.5]},
								"west": {"uv": [31, 23], "uv_size": [0.25, 0.5]},
								"up": {"uv": [31, 32], "uv_size": [0.25, 0.25]},
								"down": {"uv": [32, 31.25], "uv_size": [0.25, -0.25]}
							}
						},
						{
							"origin": [-0.75, 5.0637, -0.54994],
							"size": [0.25, 2.4988, 0.1875],
							"inflate": 0.001,
							"pivot": [-0.75, 7.5, -0.36244],
							"rotation": [0, -44.9607, 3],
							"uv": {
								"north": {"uv": [5, 25], "uv_size": [0.25, 2.5]},
								"east": {"uv": [6, 25], "uv_size": [0.25, 2.5]},
								"south": {"uv": [25, 6], "uv_size": [0.25, 2.5]},
								"west": {"uv": [7, 25], "uv_size": [0.25, 2.5]},
								"up": {"uv": [32, 32], "uv_size": [0.25, 0.25]},
								"down": {"uv": [0, 33.25], "uv_size": [0.25, -0.25]}
							}
						},
						{
							"origin": [-0.36244, 4.88905, -0.84153],
							"size": [0.25, 0.86455, 0.21997],
							"pivot": [-0.36244, 5.7536, -0.84153],
							"rotation": [34.4908, -44.9607, 3],
							"uv": {
								"north": {"uv": [30, 24], "uv_size": [0.25, 0.75]},
								"east": {"uv": [25, 30], "uv_size": [0.25, 0.75]},
								"south": {"uv": [30, 25], "uv_size": [0.25, 0.75]},
								"west": {"uv": [26, 30], "uv_size": [0.25, 0.75]},
								"up": {"uv": [33, 0], "uv_size": [0.25, 0.25]},
								"down": {"uv": [1, 33.25], "uv_size": [0.25, -0.25]}
							}
						},
						{
							"origin": [-0.36244, 5.7512, -0.75],
							"size": [0.25, 1.8113, 0.50122],
							"inflate": 0.0005,
							"pivot": [-0.36244, 7.5, -0.75],
							"rotation": [-4.2417, -44.9607, 3],
							"uv": {
								"north": {"uv": [21, 27], "uv_size": [0.25, 1.75]},
								"east": {"uv": [5, 23], "uv_size": [0.5, 1.75]},
								"south": {"uv": [27, 21], "uv_size": [0.25, 1.75]},
								"west": {"uv": [23, 6], "uv_size": [0.5, 1.75]},
								"up": {"uv": [24, 31], "uv_size": [0.25, 0.5]},
								"down": {"uv": [31, 24.5], "uv_size": [0.25, -0.5]}
							}
						},
						{
							"origin": [0.5, 5.0637, -0.54994],
							"size": [0.25, 2.4988, 0.1875],
							"inflate": 0.001,
							"pivot": [0.75, 7.5, -0.36244],
							"rotation": [0, 44.9607, -3],
							"uv": {
								"north": {"uv": [8, 25], "uv_size": [0.25, 2.5]},
								"east": {"uv": [25, 9], "uv_size": [0.25, 2.5]},
								"south": {"uv": [25, 12], "uv_size": [0.25, 2.5]},
								"west": {"uv": [25, 15], "uv_size": [0.25, 2.5]},
								"up": {"uv": [33, 1], "uv_size": [0.25, 0.25]},
								"down": {"uv": [2, 33.25], "uv_size": [0.25, -0.25]}
							}
						},
						{
							"origin": [0.11244, 4.88905, -0.84153],
							"size": [0.25, 0.86455, 0.21997],
							"pivot": [0.36244, 5.7536, -0.84153],
							"rotation": [34.4908, 44.9607, -3],
							"uv": {
								"north": {"uv": [30, 26], "uv_size": [0.25, 0.75]},
								"east": {"uv": [27, 30], "uv_size": [0.25, 0.75]},
								"south": {"uv": [30, 27], "uv_size": [0.25, 0.75]},
								"west": {"uv": [28, 30], "uv_size": [0.25, 0.75]},
								"up": {"uv": [33, 2], "uv_size": [0.25, 0.25]},
								"down": {"uv": [3, 33.25], "uv_size": [0.25, -0.25]}
							}
						},
						{
							"origin": [0.11244, 5.7512, -0.75],
							"size": [0.25, 1.8113, 0.50122],
							"inflate": 0.0005,
							"pivot": [0.36244, 7.5, -0.75],
							"rotation": [-4.2417, 44.9607, -3],
							"uv": {
								"north": {"uv": [22, 27], "uv_size": [0.25, 1.75]},
								"east": {"uv": [7, 23], "uv_size": [0.5, 1.75]},
								"south": {"uv": [23, 27], "uv_size": [0.25, 1.75]},
								"west": {"uv": [8, 23], "uv_size": [0.5, 1.75]},
								"up": {"uv": [25, 31], "uv_size": [0.25, 0.5]},
								"down": {"uv": [31, 25.5], "uv_size": [0.25, -0.5]}
							}
						},
						{
							"origin": [0.11244, 5.20155, -0.62155],
							"size": [0.25, 0.38017, 0.1875],
							"pivot": [0.36244, 5.7536, -0.84153],
							"rotation": [34.4908, 44.9607, -3],
							"uv": {
								"east": {"uv": [26, 31], "uv_size": [0.25, 0.5]},
								"south": {"uv": [31, 26], "uv_size": [0.25, 0.5]},
								"west": {"uv": [27, 31], "uv_size": [0.25, 0.5]},
								"up": {"uv": [33, 3], "uv_size": [0.25, 0.25]},
								"down": {"uv": [4, 33.25], "uv_size": [0.25, -0.25]}
							}
						},
						{
							"origin": [-0.27405, 11.5, -0.78661],
							"size": [0.5481, 3, 1.57322],
							"pivot": [0, 11.75, 0],
							"rotation": [0, -45, 0],
							"uv": {
								"north": {"uv": [7, 19], "uv_size": [0.5, 3]},
								"south": {"uv": [8, 19], "uv_size": [0.5, 3]},
								"up": {"uv": [0, 24], "uv_size": [0.5, 1.5]}
							}
						},
						{
							"origin": [-0.75, 11.5, -0.36244],
							"size": [1.5, 3, 0.72487],
							"uv": {
								"east": {"uv": [18, 5], "uv_size": [0.75, 3]},
								"west": {"uv": [18, 8], "uv_size": [0.75, 3]},
								"up": {"uv": [4, 22], "uv_size": [1.5, 0.75]}
							}
						},
						{
							"origin": [-0.78661, 11.5, -0.27405],
							"size": [1.57322, 3, 0.5481],
							"pivot": [0, 11.75, 0],
							"rotation": [0, -45, 0],
							"uv": {
								"east": {"uv": [19, 8], "uv_size": [0.5, 3]},
								"west": {"uv": [9, 19], "uv_size": [0.5, 3]},
								"up": {"uv": [24, 0], "uv_size": [1.5, 0.5]}
							}
						},
						{
							"origin": [-0.36244, 11.5, -0.75],
							"size": [0.72487, 3, 1.5],
							"uv": {
								"north": {"uv": [18, 14], "uv_size": [0.75, 3]},
								"south": {"uv": [18, 17], "uv_size": [0.75, 3]},
								"up": {"uv": [22, 4], "uv_size": [0.75, 1.5]}
							}
						},
						{
							"origin": [-0.125, 14.8125, -0.875],
							"size": [0.125, 1.5, 0.875],
							"pivot": [-0.875, 16.3125, 0],
							"rotation": [-30, 0, 0],
							"uv": {
								"north": {"uv": [7, 28], "uv_size": [0.25, 1.5]},
								"east": {"uv": [10, 19], "uv_size": [1, 1.5]},
								"south": {"uv": [28, 7], "uv_size": [0.25, 1.5]},
								"west": {"uv": [19, 11], "uv_size": [1, 1.5]},
								"down": {"uv": [29, 19], "uv_size": [0.25, -1]}
							}
						},
						{
							"origin": [-0.125, 13.72921, -1.8743],
							"size": [0.125, 1.625, 0.8125],
							"inflate": 0.0005,
							"pivot": [-0.125, 13.72921, -1.2493],
							"rotation": [-12.5, 0, 0],
							"uv": {
								"north": {"uv": [27, 23], "uv_size": [0.25, 1.75]},
								"east": {"uv": [18, 20], "uv_size": [0.75, 1.75]},
								"south": {"uv": [25, 27], "uv_size": [0.25, 1.75]},
								"west": {"uv": [20, 19], "uv_size": [0.75, 1.75]},
								"up": {"uv": [30, 28], "uv_size": [0.25, 0.75]},
								"down": {"uv": [29, 30.75], "uv_size": [0.25, -0.75]}
							}
						},
						{
							"origin": [-0.125, 13.82596, 0.63277],
							"size": [0.125, 1.625, 0.875],
							"inflate": 0.0005,
							"pivot": [-0.875, 15.45096, 1.50777],
							"rotation": [12.5, 0, 0],
							"uv": {
								"north": {"uv": [27, 25], "uv_size": [0.25, 1.75]},
								"east": {"uv": [6, 19], "uv_size": [1, 1.75]},
								"south": {"uv": [26, 27], "uv_size": [0.25, 1.75]},
								"west": {"uv": [19, 6], "uv_size": [1, 1.75]},
								"up": {"uv": [19, 29], "uv_size": [0.25, 1]},
								"down": {"uv": [29, 20], "uv_size": [0.25, -1]}
							}
						},
						{
							"origin": [-0.125, 14.8125, 0],
							"size": [0.125, 1.5, 0.875],
							"pivot": [-0.875, 16.3125, 0],
							"rotation": [30, 0, 0],
							"uv": {
								"north": {"uv": [8, 28], "uv_size": [0.25, 1.5]},
								"east": {"uv": [19, 13], "uv_size": [1, 1.5]},
								"south": {"uv": [28, 9], "uv_size": [0.25, 1.5]},
								"west": {"uv": [19, 15], "uv_size": [1, 1.5]},
								"down": {"uv": [20, 30], "uv_size": [0.25, -1]}
							}
						},
						{
							"origin": [-0.125, 16.75, -0.75777],
							"size": [0.125, 1.07165, 1.07165],
							"inflate": 0.0005,
							"pivot": [-0.875, 16.75, -0.75777],
							"rotation": [-45, 0, 0],
							"uv": {
								"north": {"uv": [29, 20], "uv_size": [0.25, 1]},
								"east": {"uv": [13, 22], "uv_size": [1, 1]},
								"south": {"uv": [21, 29], "uv_size": [0.25, 1]},
								"west": {"uv": [22, 13], "uv_size": [1, 1]},
								"up": {"uv": [29, 21], "uv_size": [0.25, 1]},
								"down": {"uv": [22, 30], "uv_size": [0.25, -1]}
							}
						},
						{
							"origin": [-0.36244, 13.72921, 0.75],
							"size": [0.125, 0.77079, 0.55288],
							"inflate": 0.0001,
							"pivot": [-0.36244, 14.5, 0.75],
							"rotation": [0, 25.4329, 0],
							"uv": {
								"east": {"uv": [10, 28], "uv_size": [0.5, 0.75]},
								"south": {"uv": [30, 29], "uv_size": [0.25, 0.75]},
								"west": {"uv": [11, 28], "uv_size": [0.5, 0.75]},
								"up": {"uv": [31, 27], "uv_size": [0.25, 0.5]},
								"down": {"uv": [28, 31.5], "uv_size": [0.25, -0.5]}
							}
						},
						{
							"origin": [-0.125, 13.72921, 0.51327],
							"size": [0.125, 0.35539, 0.73603],
							"pivot": [-0.125, 13.72921, 1.2493],
							"rotation": [40, 25.4329, 0],
							"uv": {
								"north": {"uv": [33, 4], "uv_size": [0.25, 0.25]},
								"east": {"uv": [30, 30], "uv_size": [0.75, 0.25]},
								"south": {"uv": [5, 33], "uv_size": [0.25, 0.25]},
								"west": {"uv": [0, 31], "uv_size": [0.75, 0.25]},
								"up": {"uv": [31, 0], "uv_size": [0.25, 0.75]},
								"down": {"uv": [1, 31.75], "uv_size": [0.25, -0.75]}
							}
						},
						{
							"origin": [-0.36244, 13.72921, -1.30288],
							"size": [0.125, 0.77079, 0.55288],
							"inflate": 0.0001,
							"pivot": [-0.36244, 14.5, -0.75],
							"rotation": [0, -25.4329, 0],
							"uv": {
								"north": {"uv": [31, 1], "uv_size": [0.25, 0.75]},
								"east": {"uv": [28, 11], "uv_size": [0.5, 0.75]},
								"west": {"uv": [12, 28], "uv_size": [0.5, 0.75]},
								"up": {"uv": [31, 28], "uv_size": [0.25, 0.5]},
								"down": {"uv": [29, 31.5], "uv_size": [0.25, -0.5]}
							}
						},
						{
							"origin": [-0.125, 13.72921, -1.2493],
							"size": [0.125, 0.35539, 0.73603],
							"pivot": [-0.125, 13.72921, -1.2493],
							"rotation": [-40, -25.4329, 0],
							"uv": {
								"north": {"uv": [33, 5], "uv_size": [0.25, 0.25]},
								"east": {"uv": [2, 31], "uv_size": [0.75, 0.25]},
								"south": {"uv": [6, 33], "uv_size": [0.25, 0.25]},
								"west": {"uv": [31, 2], "uv_size": [0.75, 0.25]},
								"up": {"uv": [3, 31], "uv_size": [0.25, 0.75]},
								"down": {"uv": [31, 3.75], "uv_size": [0.25, -0.75]}
							}
						},
						{
							"origin": [-0.75, 14.5, -0.36244],
							"size": [0.125, 2, 0.72487],
							"pivot": [-0.75, 14.5, 0.36244],
							"rotation": [0, 0, 17.8787],
							"uv": {
								"north": {"uv": [27, 4], "uv_size": [0.25, 2]},
								"east": {"uv": [16, 19], "uv_size": [0.75, 2]},
								"south": {"uv": [27, 6], "uv_size": [0.25, 2]},
								"west": {"uv": [17, 19], "uv_size": [0.75, 2]},
								"up": {"uv": [4, 31], "uv_size": [0.25, 0.75]},
								"down": {"uv": [31, 4.75], "uv_size": [0.25, -0.75]}
							}
						},
						{
							"origin": [-0.75, 14.5, 0.36244],
							"size": [0.125, 2, 0.53503],
							"pivot": [-0.75, 14.5, 0.36244],
							"rotation": [0, 43.5826, 17.8787],
							"uv": {
								"north": {"uv": [27, 8], "uv_size": [0.25, 2]},
								"east": {"uv": [14, 22], "uv_size": [0.5, 2]}
							}
						},
						{
							"origin": [-0.75, 14.5, -0.89746],
							"size": [0.125, 2, 0.53503],
							"pivot": [-0.75, 14.5, -0.36244],
							"rotation": [0, -43.5826, 17.8787],
							"uv": {
								"east": {"uv": [22, 14], "uv_size": [0.5, 2]},
								"south": {"uv": [9, 27], "uv_size": [0.25, 2]}
							}
						},
						{
							"origin": [-0.39896, 14.38676, 0.75],
							"size": [0.125, 1, 0.54806],
							"inflate": 0.0001,
							"pivot": [-0.39896, 14.38676, 0.75],
							"rotation": [0, 24.3502, 17.8787],
							"uv": {
								"north": {"uv": [29, 22], "uv_size": [0.25, 1]},
								"east": {"uv": [10, 27], "uv_size": [0.5, 1]}
							}
						},
						{
							"origin": [-0.39896, 14.38676, -1.29806],
							"size": [0.125, 1, 0.54806],
							"inflate": 0.0001,
							"pivot": [-0.39896, 14.38676, -0.75],
							"rotation": [0, -24.3502, 17.8787],
							"uv": {
								"east": {"uv": [27, 10], "uv_size": [0.5, 1]},
								"south": {"uv": [23, 29], "uv_size": [0.25, 1]}
							}
						},
						{
							"origin": [0, 13.8125, -3.4375],
							"size": [0.1875, 3.4375, 2.125],
							"inflate": 0.0005,
							"pivot": [0, 17.75, -1.3125],
							"rotation": [0, -15, 0],
							"uv": {
								"north": {"uv": [23, 8], "uv_size": [0.25, 3.5]},
								"east": {"uv": [10, 0], "uv_size": [2.25, 3.5]},
								"south": {"uv": [9, 23], "uv_size": [0.25, 3.5]},
								"west": {"uv": [4, 10], "uv_size": [2.25, 3.5]},
								"up": {"uv": [25, 18], "uv_size": [0.25, 2.25]},
								"down": {"uv": [25, 23.25], "uv_size": [0.25, -2.25]}
							}
						},
						{
							"origin": [0, 13.6875, -1.3125],
							"size": [0.1875, 3.5625, 2.625],
							"uv": {
								"north": {"uv": [11, 23], "uv_size": [0.25, 3.5]},
								"east": {"uv": [0, 5], "uv_size": [2.75, 3.5]},
								"south": {"uv": [12, 23], "uv_size": [0.25, 3.5]},
								"west": {"uv": [3, 5], "uv_size": [2.75, 3.5]},
								"up": {"uv": [24, 7], "uv_size": [0.25, 2.75]},
								"down": {"uv": [10, 26.75], "uv_size": [0.25, -2.75]}
							}
						},
						{
							"origin": [0, 13.6875, -1.3125],
							"size": [0.1875, 0.4375, 0.8125],
							"pivot": [0.1875, 13.6875, -1.3125],
							"rotation": [-42.5, 0, 0],
							"uv": {
								"north": {"uv": [31, 29], "uv_size": [0.25, 0.5]},
								"east": {"uv": [28, 12], "uv_size": [0.75, 0.5]},
								"south": {"uv": [30, 31], "uv_size": [0.25, 0.5]},
								"west": {"uv": [13, 28], "uv_size": [0.75, 0.5]},
								"up": {"uv": [5, 31], "uv_size": [0.25, 0.75]}
							}
						},
						{
							"origin": [0, 13.6875, 0.5],
							"size": [0.1875, 0.4375, 0.8125],
							"pivot": [0.1875, 13.6875, 1.3125],
							"rotation": [42.5, 0, 0],
							"uv": {
								"north": {"uv": [30.25, 31], "uv_size": [-0.25, 0.5]},
								"east": {"uv": [28.75, 12], "uv_size": [-0.75, 0.5]},
								"south": {"uv": [31.25, 29], "uv_size": [-0.25, 0.5]},
								"west": {"uv": [13.75, 28], "uv_size": [-0.75, 0.5]},
								"up": {"uv": [5, 31.75], "uv_size": [0.25, -0.75]}
							}
						},
						{
							"origin": [0.22008, 13.8125, -2.10916],
							"size": [0.1875, 0.13085, 0.88079],
							"pivot": [0.40758, 13.8125, -2.10916],
							"rotation": [-8.6005, -15, 0],
							"uv": {
								"north": {"uv": [33, 6], "uv_size": [0.25, 0.25]},
								"east": {"uv": [29, 23], "uv_size": [1, 0.25]},
								"south": {"uv": [7, 33], "uv_size": [0.25, 0.25]},
								"west": {"uv": [24, 29], "uv_size": [1, 0.25]},
								"up": {"uv": [29, 24], "uv_size": [0.25, 1]},
								"down": {"uv": [25, 30], "uv_size": [0.25, -1]}
							}
						},
						{
							"origin": [0.0625, 13.1875, -1.3125],
							"size": [0.125, 0.5, 0.9375],
							"pivot": [0, 13.6875, -1.3125],
							"rotation": [-6.8205, 42.0524, 79.8756],
							"uv": {
								"north": {"uv": [31, 30], "uv_size": [0.25, 0.5]},
								"east": {"uv": [11, 27], "uv_size": [1, 0.5]},
								"south": {"uv": [31, 31], "uv_size": [0.25, 0.5]},
								"west": {"uv": [27, 11], "uv_size": [1, 0.5]},
								"up": {"uv": [29, 25], "uv_size": [0.25, 1]},
								"down": {"uv": [26, 30], "uv_size": [0.25, -1]}
							}
						},
						{
							"origin": [0.28897, 13.3125, -2.15769],
							"size": [0.125, 0.5, 0.88079],
							"pivot": [0.22647, 13.8125, -2.15769],
							"rotation": [-15.1628, 8.3054, 87.7583],
							"uv": {
								"north": {"uv": [0, 32], "uv_size": [0.25, 0.5]},
								"east": {"uv": [12, 27], "uv_size": [1, 0.5]},
								"south": {"uv": [32, 0], "uv_size": [0.25, 0.5]},
								"west": {"uv": [27, 12], "uv_size": [1, 0.5]},
								"up": {"uv": [29, 26], "uv_size": [0.25, 1]},
								"down": {"uv": [27, 30], "uv_size": [0.25, -1]}
							}
						},
						{
							"origin": [0.61249, 13.3125, -3.49009],
							"size": [0.125, 0.5, 1.375],
							"pivot": [0.54999, 13.8125, -3.36509],
							"rotation": [-15, 0, 90],
							"uv": {
								"north": {"uv": [1, 32], "uv_size": [0.25, 0.5]},
								"east": {"uv": [24, 1], "uv_size": [1.5, 0.5]},
								"south": {"uv": [32, 1], "uv_size": [0.25, 0.5]},
								"west": {"uv": [24, 2], "uv_size": [1.5, 0.5]},
								"up": {"uv": [28, 13], "uv_size": [0.25, 1.5]},
								"down": {"uv": [14, 29.5], "uv_size": [0.25, -1.5]}
							}
						},
						{
							"origin": [0.42499, 13.35983, -3.80703],
							"size": [0.125, 0.35355, 0.35355],
							"inflate": -0.0005,
							"pivot": [0.54999, 13.625, -3.36509],
							"rotation": [30, 0, 90],
							"uv": {
								"north": {"uv": [33, 7], "uv_size": [0.25, 0.25]},
								"east": {"uv": [8, 33], "uv_size": [0.25, 0.25]},
								"south": {"uv": [33, 8], "uv_size": [0.25, 0.25]},
								"west": {"uv": [9, 33], "uv_size": [0.25, 0.25]},
								"up": {"uv": [33, 9], "uv_size": [0.25, 0.25]}
							}
						},
						{
							"origin": [-0.10866, 13.00702, -1.65215],
							"size": [0.13039, 0.29407, 0.9375],
							"inflate": 0.0005,
							"pivot": [0.01634, 13.00087, -0.83965],
							"rotation": [-34.0426, 27.1565, 34.0426],
							"uv": {
								"east": {"uv": [29, 27], "uv_size": [1, 0.25]},
								"south": {"uv": [10, 33], "uv_size": [0.25, 0.25]},
								"west": {"uv": [28, 29], "uv_size": [1, 0.25]},
								"down": {"uv": [29, 29], "uv_size": [0.25, -1]}
							}
						},
						{
							"origin": [0.10872, 13.62711, -2.18477],
							"size": [0.125, 0.26517, 0.88079],
							"pivot": [0.23372, 13.62711, -2.18477],
							"rotation": [-16.6241, -4.6387, 44.5437],
							"uv": {
								"north": {"uv": [33, 10], "uv_size": [0.25, 0.25]},
								"east": {"uv": [29, 29], "uv_size": [1, 0.25]},
								"south": {"uv": [11, 33], "uv_size": [0.25, 0.25]},
								"west": {"uv": [0, 30], "uv_size": [1, 0.25]},
								"up": {"uv": [30, 0], "uv_size": [0.25, 1]},
								"down": {"uv": [1, 31], "uv_size": [0.25, -1]}
							}
						},
						{
							"origin": [0.42499, 13.625, -3.36509],
							"size": [0.125, 0.26517, 1.25],
							"pivot": [0.54999, 13.625, -3.36509],
							"rotation": [-10.7286, -10.5453, 45.993],
							"uv": {
								"north": {"uv": [33, 11], "uv_size": [0.25, 0.25]},
								"east": {"uv": [0, 29], "uv_size": [1.25, 0.25]},
								"south": {"uv": [12, 33], "uv_size": [0.25, 0.25]},
								"west": {"uv": [2, 29], "uv_size": [1.25, 0.25]},
								"up": {"uv": [29, 2], "uv_size": [0.25, 1.25]},
								"down": {"uv": [4, 30.25], "uv_size": [0.25, -1.25]}
							}
						},
						{
							"origin": [0.6061, 13.57265, -3.31656],
							"size": [0.125, 0.23985, 0.11307],
							"inflate": -0.0005,
							"pivot": [0.7311, 13.8125, -3.31656],
							"rotation": [-35.968, -10.5453, 45.993],
							"uv": {
								"north": {"uv": [33, 12], "uv_size": [0.25, 0.25]},
								"east": {"uv": [13, 33], "uv_size": [0.25, 0.25]},
								"west": {"uv": [33, 13], "uv_size": [0.25, 0.25]},
								"up": {"uv": [14, 33], "uv_size": [0.25, 0.25]}
							}
						},
						{
							"origin": [0, 17.25, -1.3125],
							"size": [0.1875, 4.75, 2.625],
							"pivot": [0, 17.25, 1.3125],
							"rotation": [0, 0, 10],
							"uv": {
								"north": {"uv": [16, 21], "uv_size": [0.25, 4.75]},
								"east": {"uv": [0, 0], "uv_size": [2.75, 4.75]},
								"south": {"uv": [17, 21], "uv_size": [0.25, 4.75]},
								"west": {"uv": [3, 0], "uv_size": [2.75, 4.75]},
								"up": {"uv": [24, 10], "uv_size": [0.25, 2.75]},
								"down": {"uv": [24, 15.75], "uv_size": [0.25, -2.75]}
							}
						},
						{
							"origin": [0, 17.25, -3.43535],
							"size": [0.1875, 3.75, 2.12285],
							"pivot": [0, 17.25, -1.3125],
							"rotation": [0, -14.7822, 10],
							"uv": {
								"north": {"uv": [18, 22], "uv_size": [0.25, 3.75]},
								"east": {"uv": [10, 8], "uv_size": [2, 3.75]},
								"south": {"uv": [22, 18], "uv_size": [0.25, 3.75]},
								"west": {"uv": [12, 8], "uv_size": [2, 3.75]}
							}
						},
						{
							"origin": [0, 21, -1.8125],
							"size": [0.1875, 1, 0.5],
							"pivot": [0, 17.25, -1.3125],
							"rotation": [0, -14.7822, 10],
							"uv": {
								"east": {"uv": [13, 27], "uv_size": [0.5, 1]},
								"west": {"uv": [27, 13], "uv_size": [0.5, 1]},
								"up": {"uv": [2, 32], "uv_size": [0.25, 0.5]}
							}
						},
						{
							"origin": [0.9415, 20.8742, -2.87311],
							"size": [0.1875, 1, 1.125],
							"inflate": -0.0005,
							"pivot": [1.129, 21.8742, -1.74811],
							"rotation": [15, -14.7822, 10],
							"uv": {
								"north": {"uv": [30, 1], "uv_size": [0.25, 1]},
								"east": {"uv": [21, 6], "uv_size": [1.25, 1]},
								"south": {"uv": [2, 30], "uv_size": [0.25, 1]},
								"west": {"uv": [21, 7], "uv_size": [1.25, 1]},
								"up": {"uv": [29, 4], "uv_size": [0.25, 1.25]},
								"down": {"uv": [5, 30.25], "uv_size": [0.25, -1.25]}
							}
						},
						{
							"origin": [1.16399, 20.78931, -3.68759],
							"size": [0.1875, 0.75, 0.88878],
							"inflate": -0.001,
							"pivot": [1.35149, 21.53931, -2.79881],
							"rotation": [52.8947, -14.7822, 10],
							"uv": {
								"north": {"uv": [31, 5], "uv_size": [0.25, 0.75]},
								"east": {"uv": [1, 24], "uv_size": [1, 0.75]},
								"south": {"uv": [6, 31], "uv_size": [0.25, 0.75]},
								"west": {"uv": [24, 3], "uv_size": [1, 0.75]},
								"up": {"uv": [30, 2], "uv_size": [0.25, 1]},
								"down": {"uv": [3, 31], "uv_size": [0.25, -1]}
							}
						},
						{
							"origin": [0.22008, 13.8125, 1.22837],
							"size": [0.1875, 0.13085, 0.88079],
							"pivot": [0.40758, 13.8125, 2.10916],
							"rotation": [8.6005, 15, 0],
							"uv": {
								"north": {"uv": [33, 14], "uv_size": [0.25, 0.25]},
								"east": {"uv": [30, 3], "uv_size": [1, 0.25]},
								"south": {"uv": [15, 33], "uv_size": [0.25, 0.25]},
								"west": {"uv": [30, 4], "uv_size": [1, 0.25]},
								"up": {"uv": [30, 5], "uv_size": [0.25, 1]},
								"down": {"uv": [7, 31], "uv_size": [0.25, -1]}
							}
						},
						{
							"origin": [0.42499, 13.625, 2.11509],
							"size": [0.125, 0.26517, 1.25],
							"pivot": [0.54999, 13.625, 3.36509],
							"rotation": [10.7286, 10.5453, 45.993],
							"uv": {
								"north": {"uv": [33, 15], "uv_size": [0.25, 0.25]},
								"east": {"uv": [29, 6], "uv_size": [1.25, 0.25]},
								"south": {"uv": [16, 33], "uv_size": [0.25, 0.25]},
								"west": {"uv": [29, 7], "uv_size": [1.25, 0.25]},
								"up": {"uv": [6, 29], "uv_size": [0.25, 1.25]},
								"down": {"uv": [29, 9.25], "uv_size": [0.25, -1.25]}
							}
						},
						{
							"origin": [0, 13.8125, 1.3125],
							"size": [0.1875, 3.4375, 2.125],
							"inflate": 0.0005,
							"pivot": [0, 17.75, 1.3125],
							"rotation": [0, 15, 0],
							"uv": {
								"north": {"uv": [23, 12], "uv_size": [0.25, 3.5]},
								"east": {"uv": [10, 4], "uv_size": [2.25, 3.5]},
								"south": {"uv": [13, 23], "uv_size": [0.25, 3.5]},
								"west": {"uv": [7, 10], "uv_size": [2.25, 3.5]},
								"up": {"uv": [24, 25], "uv_size": [0.25, 2.25]},
								"down": {"uv": [25, 26.25], "uv_size": [0.25, -2.25]}
							}
						},
						{
							"origin": [0.10872, 13.62711, 1.30398],
							"size": [0.125, 0.26517, 0.88079],
							"pivot": [0.23372, 13.62711, 2.18477],
							"rotation": [16.6241, 4.6387, 44.5437],
							"uv": {
								"north": {"uv": [33, 16], "uv_size": [0.25, 0.25]},
								"east": {"uv": [8, 30], "uv_size": [1, 0.25]},
								"south": {"uv": [17, 33], "uv_size": [0.25, 0.25]},
								"west": {"uv": [30, 8], "uv_size": [1, 0.25]},
								"up": {"uv": [30, 9], "uv_size": [0.25, 1]},
								"down": {"uv": [30, 11], "uv_size": [0.25, -1]}
							}
						},
						{
							"origin": [0.0625, 13.1875, 0.375],
							"size": [0.125, 0.5, 0.9375],
							"pivot": [0, 13.6875, 1.3125],
							"rotation": [6.8205, -42.0524, 79.8756],
							"uv": {
								"north": {"uv": [32, 2], "uv_size": [0.25, 0.5]},
								"east": {"uv": [14, 27], "uv_size": [1, 0.5]},
								"south": {"uv": [3, 32], "uv_size": [0.25, 0.5]},
								"west": {"uv": [27, 14], "uv_size": [1, 0.5]},
								"up": {"uv": [11, 30], "uv_size": [0.25, 1]},
								"down": {"uv": [30, 12], "uv_size": [0.25, -1]}
							}
						},
						{
							"origin": [0.28897, 13.3125, 1.2769],
							"size": [0.125, 0.5, 0.88079],
							"pivot": [0.22647, 13.8125, 2.15769],
							"rotation": [15.1628, -8.3054, 87.7583],
							"uv": {
								"north": {"uv": [32, 3], "uv_size": [0.25, 0.5]},
								"east": {"uv": [15, 27], "uv_size": [1, 0.5]},
								"south": {"uv": [4, 32], "uv_size": [0.25, 0.5]},
								"west": {"uv": [27, 15], "uv_size": [1, 0.5]},
								"up": {"uv": [12, 30], "uv_size": [0.25, 1]},
								"down": {"uv": [30, 13], "uv_size": [0.25, -1]}
							}
						},
						{
							"origin": [0.6061, 13.57265, 3.2035],
							"size": [0.125, 0.23985, 0.11307],
							"inflate": -0.0005,
							"pivot": [0.7311, 13.8125, 3.31656],
							"rotation": [35.968, 10.5453, 45.993],
							"uv": {
								"east": {"uv": [33, 17], "uv_size": [0.25, 0.25]},
								"south": {"uv": [18, 33], "uv_size": [0.25, 0.25]},
								"west": {"uv": [33, 18], "uv_size": [0.25, 0.25]},
								"up": {"uv": [19, 33], "uv_size": [0.25, 0.25]}
							}
						},
						{
							"origin": [0.42499, 13.35983, 3.45348],
							"size": [0.125, 0.35355, 0.35355],
							"inflate": -0.0005,
							"pivot": [0.54999, 13.625, 3.36509],
							"rotation": [-30, 0, 90],
							"uv": {
								"north": {"uv": [33, 19], "uv_size": [0.25, 0.25]},
								"east": {"uv": [20, 33], "uv_size": [0.25, 0.25]},
								"south": {"uv": [33, 20], "uv_size": [0.25, 0.25]},
								"west": {"uv": [21, 33], "uv_size": [0.25, 0.25]},
								"up": {"uv": [33, 21], "uv_size": [0.25, 0.25]}
							}
						},
						{
							"origin": [0.61249, 13.3125, 2.11509],
							"size": [0.125, 0.5, 1.375],
							"pivot": [0.54999, 13.8125, 3.36509],
							"rotation": [15, 0, 90],
							"uv": {
								"north": {"uv": [32, 4], "uv_size": [0.25, 0.5]},
								"east": {"uv": [24, 4], "uv_size": [1.5, 0.5]},
								"south": {"uv": [5, 32], "uv_size": [0.25, 0.5]},
								"west": {"uv": [24, 5], "uv_size": [1.5, 0.5]},
								"up": {"uv": [15, 28], "uv_size": [0.25, 1.5]},
								"down": {"uv": [28, 16.5], "uv_size": [0.25, -1.5]}
							}
						},
						{
							"origin": [0, 21, 1.3125],
							"size": [0.1875, 1, 0.5],
							"pivot": [0, 17.25, 1.3125],
							"rotation": [0, 14.7822, 10],
							"uv": {
								"east": {"uv": [16, 27], "uv_size": [0.5, 1]},
								"west": {"uv": [27, 16], "uv_size": [0.5, 1]},
								"up": {"uv": [32, 5], "uv_size": [0.25, 0.5]}
							}
						},
						{
							"origin": [1.16399, 20.78931, 2.79881],
							"size": [0.1875, 0.75, 0.88878],
							"inflate": -0.001,
							"pivot": [1.35149, 21.53931, 2.79881],
							"rotation": [-52.8947, 14.7822, 10],
							"uv": {
								"north": {"uv": [31, 6], "uv_size": [0.25, 0.75]},
								"east": {"uv": [6, 24], "uv_size": [1, 0.75]},
								"south": {"uv": [7, 31], "uv_size": [0.25, 0.75]},
								"west": {"uv": [24, 6], "uv_size": [1, 0.75]},
								"up": {"uv": [13, 30], "uv_size": [0.25, 1]},
								"down": {"uv": [30, 14], "uv_size": [0.25, -1]}
							}
						},
						{
							"origin": [0.9415, 20.8742, 1.74811],
							"size": [0.1875, 1, 1.125],
							"inflate": -0.0005,
							"pivot": [1.129, 21.8742, 1.74811],
							"rotation": [-15, 14.7822, 10],
							"uv": {
								"north": {"uv": [14, 30], "uv_size": [0.25, 1]},
								"east": {"uv": [21, 11], "uv_size": [1.25, 1]},
								"south": {"uv": [30, 14], "uv_size": [0.25, 1]},
								"west": {"uv": [21, 12], "uv_size": [1.25, 1]},
								"up": {"uv": [9, 29], "uv_size": [0.25, 1.25]},
								"down": {"uv": [10, 30.25], "uv_size": [0.25, -1.25]}
							}
						},
						{
							"origin": [0, 17.25, 1.3125],
							"size": [0.1875, 3.75, 2.12285],
							"pivot": [0, 17.25, 1.3125],
							"rotation": [0, 14.7822, 10],
							"uv": {
								"north": {"uv": [22, 22], "uv_size": [0.25, 3.75]},
								"east": {"uv": [10, 12], "uv_size": [2, 3.75]},
								"south": {"uv": [23, 0], "uv_size": [0.25, 3.75]},
								"west": {"uv": [12, 12], "uv_size": [2, 3.75]}
							}
						},
						{
							"origin": [-0.22664, 13.6875, -0.75],
							"size": [0.58907, 0.8125, 0.125],
							"inflate": 0.0001,
							"pivot": [0.36244, 14.5, -0.75],
							"rotation": [0, -72.7244, 0],
							"uv": {
								"north": {"uv": [16, 28], "uv_size": [0.5, 0.75]},
								"east": {"uv": [31, 7], "uv_size": [0.25, 0.75]},
								"south": {"uv": [28, 17], "uv_size": [0.5, 0.75]},
								"west": {"uv": [8, 31], "uv_size": [0.25, 0.75]},
								"up": {"uv": [6, 32], "uv_size": [0.5, 0.25]},
								"down": {"uv": [32, 6.25], "uv_size": [0.5, -0.25]}
							}
						},
						{
							"origin": [0.00712, 12.96847, -1.34997],
							"size": [0.40787, 0.80003, 0.125],
							"pivot": [0.1875, 13.9375, -1.3125],
							"rotation": [79.1825, -41.388, -74.0936],
							"uv": {
								"north": {"uv": [28, 18], "uv_size": [0.5, 0.75]},
								"east": {"uv": [31, 8], "uv_size": [0.25, 0.75]},
								"south": {"uv": [28, 19], "uv_size": [0.5, 0.75]},
								"west": {"uv": [9, 31], "uv_size": [0.25, 0.75]},
								"up": {"uv": [7, 32], "uv_size": [0.5, 0.25]},
								"down": {"uv": [32, 7.25], "uv_size": [0.5, -0.25]}
							}
						},
						{
							"origin": [0.1875, 13.6875, -1.3125],
							"size": [0.83907, 0.5, 0.125],
							"pivot": [0.1875, 13.6875, -1.3125],
							"rotation": [-53.132, -60.3323, 56.9102],
							"uv": {
								"north": {"uv": [28, 20], "uv_size": [0.75, 0.5]},
								"east": {"uv": [8, 32], "uv_size": [0.25, 0.5]},
								"south": {"uv": [28, 21], "uv_size": [0.75, 0.5]},
								"west": {"uv": [32, 8], "uv_size": [0.25, 0.5]},
								"up": {"uv": [31, 9], "uv_size": [0.75, 0.25]},
								"down": {"uv": [10, 31.25], "uv_size": [0.75, -0.25]}
							}
						},
						{
							"origin": [0.1875, 13.6875, 1.1875],
							"size": [0.83907, 0.5, 0.125],
							"pivot": [0.1875, 13.6875, 1.3125],
							"rotation": [53.132, 60.3323, 56.9102],
							"uv": {
								"north": {"uv": [28, 22], "uv_size": [0.75, 0.5]},
								"east": {"uv": [9, 32], "uv_size": [0.25, 0.5]},
								"south": {"uv": [28, 23], "uv_size": [0.75, 0.5]},
								"west": {"uv": [32, 9], "uv_size": [0.25, 0.5]},
								"up": {"uv": [31, 10], "uv_size": [0.75, 0.25]},
								"down": {"uv": [11, 31.25], "uv_size": [0.75, -0.25]}
							}
						},
						{
							"origin": [0.06108, 13.36734, -1.18996],
							"size": [0.13039, 0.31747, 0.62291],
							"pivot": [0.19148, 13.68481, -1.31496],
							"rotation": [-11.0426, 27.1565, 34.0426],
							"uv": {
								"east": {"uv": [10, 32], "uv_size": [0.5, 0.25]},
								"south": {"uv": [22, 33], "uv_size": [0.25, 0.25]},
								"west": {"uv": [32, 10], "uv_size": [0.5, 0.25]},
								"down": {"uv": [11, 32.5], "uv_size": [0.25, -0.5]}
							}
						},
						{
							"origin": [-0.10866, 13.00702, 0.71465],
							"size": [0.13039, 0.29407, 0.9375],
							"inflate": 0.0005,
							"pivot": [0.01634, 13.00087, 0.83965],
							"rotation": [34.0426, -27.1565, 34.0426],
							"uv": {
								"north": {"uv": [33, 22], "uv_size": [0.25, 0.25]},
								"east": {"uv": [15, 30], "uv_size": [1, 0.25]},
								"west": {"uv": [30, 15], "uv_size": [1, 0.25]},
								"down": {"uv": [16, 31], "uv_size": [0.25, -1]}
							}
						},
						{
							"origin": [0.06108, 13.36734, 0.56705],
							"size": [0.13039, 0.31747, 0.62291],
							"pivot": [0.19148, 13.68481, 1.31496],
							"rotation": [11.0426, -27.1565, 34.0426],
							"uv": {
								"north": {"uv": [23, 33], "uv_size": [0.25, 0.25]},
								"east": {"uv": [32, 11], "uv_size": [0.5, 0.25]},
								"west": {"uv": [12, 32], "uv_size": [0.5, 0.25]},
								"down": {"uv": [32, 12.5], "uv_size": [0.25, -0.5]}
							}
						},
						{
							"origin": [-0.22664, 13.6875, 0.625],
							"size": [0.58907, 0.8125, 0.125],
							"inflate": 0.0001,
							"pivot": [0.36244, 14.5, 0.75],
							"rotation": [0, 72.7244, 0],
							"uv": {
								"north": {"uv": [24, 28], "uv_size": [0.5, 0.75]},
								"east": {"uv": [31, 11], "uv_size": [0.25, 0.75]},
								"south": {"uv": [28, 24], "uv_size": [0.5, 0.75]},
								"west": {"uv": [12, 31], "uv_size": [0.25, 0.75]},
								"up": {"uv": [13, 32], "uv_size": [0.5, 0.25]},
								"down": {"uv": [32, 13.25], "uv_size": [0.5, -0.25]}
							}
						},
						{
							"origin": [0.625, 14.5, -0.36244],
							"size": [0.125, 2, 0.72487],
							"pivot": [0.75, 14.5, 0.36244],
							"rotation": [0, 0, -17],
							"uv": {
								"north": {"uv": [17, 27], "uv_size": [0.25, 2]},
								"east": {"uv": [19, 17], "uv_size": [0.75, 2]},
								"south": {"uv": [27, 17], "uv_size": [0.25, 2]},
								"west": {"uv": [19, 19], "uv_size": [0.75, 2]},
								"up": {"uv": [31, 12], "uv_size": [0.25, 0.75]},
								"down": {"uv": [13, 31.75], "uv_size": [0.25, -0.75]}
							}
						},
						{
							"origin": [0.625, 14.5, 0.36244],
							"size": [0.125, 2, 0.53626],
							"pivot": [0.75, 14.5, 0.36244],
							"rotation": [0, -43.7205, -17],
							"uv": {
								"west": {"uv": [15, 22], "uv_size": [0.5, 2]}
							}
						},
						{
							"origin": [0.27057, 14.39164, 0.75],
							"size": [0.125, 0.75, 0.58685],
							"inflate": 0.0001,
							"pivot": [0.39557, 14.39164, 0.75],
							"rotation": [0, -16.563, -17],
							"uv": {
								"east": {"uv": [28, 25], "uv_size": [0.5, 0.75]},
								"west": {"uv": [28, 26], "uv_size": [0.5, 0.75]},
								"up": {"uv": [14, 32], "uv_size": [0.25, 0.5]}
							}
						},
						{
							"origin": [0.27057, 14.39164, -1.33685],
							"size": [0.125, 0.75, 0.58685],
							"inflate": 0.0001,
							"pivot": [0.39557, 14.39164, -0.75],
							"rotation": [0, 16.563, -17],
							"uv": {
								"east": {"uv": [27, 28], "uv_size": [0.5, 0.75]},
								"west": {"uv": [28, 28], "uv_size": [0.5, 0.75]},
								"up": {"uv": [32, 14], "uv_size": [0.25, 0.5]}
							}
						},
						{
							"origin": [0.625, 14.5, -0.89869],
							"size": [0.125, 2, 0.53626],
							"pivot": [0.75, 14.5, -0.36244],
							"rotation": [0, 43.7205, -17],
							"uv": {
								"west": {"uv": [22, 16], "uv_size": [0.5, 2]}
							}
						},
						{
							"origin": [-0.1875, 16.875, -0.125],
							"size": [0.4375, 0.25, 0.25],
							"pivot": [0, 17, 0],
							"rotation": [45, 0, 0],
							"uv": {
								"north": {"uv": [15, 32], "uv_size": [0.5, 0.25]},
								"east": {"uv": [33, 23], "uv_size": [0.25, 0.25]},
								"south": {"uv": [32, 15], "uv_size": [0.5, 0.25]},
								"west": {"uv": [24, 33], "uv_size": [0.25, 0.25]},
								"up": {"uv": [16, 32], "uv_size": [0.5, 0.25]},
								"down": {"uv": [32, 16.25], "uv_size": [0.5, -0.25]}
							}
						},
						{
							"origin": [-0.1875, 15.4375, -1.1875],
							"size": [0.4375, 0.25, 0.25],
							"pivot": [0, 15.5625, -1.0625],
							"rotation": [45, 0, 0],
							"uv": {
								"north": {"uv": [17, 32], "uv_size": [0.5, 0.25]},
								"east": {"uv": [33, 24], "uv_size": [0.25, 0.25]},
								"south": {"uv": [32, 17], "uv_size": [0.5, 0.25]},
								"west": {"uv": [25, 33], "uv_size": [0.25, 0.25]},
								"up": {"uv": [18, 32], "uv_size": [0.5, 0.25]},
								"down": {"uv": [32, 18.25], "uv_size": [0.5, -0.25]}
							}
						},
						{
							"origin": [-0.1875, 13.9375, -1.625],
							"size": [0.5, 0.25, 0.25],
							"pivot": [0, 14.0625, -1.5],
							"rotation": [45, 0, 0],
							"uv": {
								"north": {"uv": [19, 32], "uv_size": [0.5, 0.25]},
								"east": {"uv": [33, 25], "uv_size": [0.25, 0.25]},
								"south": {"uv": [32, 19], "uv_size": [0.5, 0.25]},
								"west": {"uv": [26, 33], "uv_size": [0.25, 0.25]},
								"up": {"uv": [20, 32], "uv_size": [0.5, 0.25]},
								"down": {"uv": [32, 20.25], "uv_size": [0.5, -0.25]}
							}
						},
						{
							"origin": [-0.1875, 15.4375, 0.9375],
							"size": [0.4375, 0.25, 0.25],
							"pivot": [0, 15.5625, 1.0625],
							"rotation": [-45, 0, 0],
							"uv": {
								"north": {"uv": [21, 32], "uv_size": [0.5, 0.25]},
								"east": {"uv": [33, 26], "uv_size": [0.25, 0.25]},
								"south": {"uv": [32, 21], "uv_size": [0.5, 0.25]},
								"west": {"uv": [27, 33], "uv_size": [0.25, 0.25]},
								"up": {"uv": [22, 32], "uv_size": [0.5, 0.25]},
								"down": {"uv": [32, 22.25], "uv_size": [0.5, -0.25]}
							}
						},
						{
							"origin": [-0.1875, 13.9375, 1.375],
							"size": [0.5, 0.25, 0.25],
							"pivot": [0, 14.0625, 1.5],
							"rotation": [-45, 0, 0],
							"uv": {
								"north": {"uv": [23, 32], "uv_size": [0.5, 0.25]},
								"east": {"uv": [33, 27], "uv_size": [0.25, 0.25]},
								"south": {"uv": [32, 23], "uv_size": [0.5, 0.25]},
								"west": {"uv": [28, 33], "uv_size": [0.25, 0.25]},
								"up": {"uv": [24, 32], "uv_size": [0.5, 0.25]},
								"down": {"uv": [32, 24.25], "uv_size": [0.5, -0.25]}
							}
						},
						{
							"origin": [-0.87243, 5.30328, -0.15013],
							"size": [1.75, 0.26256, 0.26256],
							"pivot": [0.87757, 5.56584, 0.36244],
							"rotation": [-45, 0, 0],
							"uv": {
								"north": {"uv": [27, 27], "uv_size": [1.75, 0.25]},
								"east": {"uv": [33, 28], "uv_size": [0.25, 0.25]},
								"south": {"uv": [0, 28], "uv_size": [1.75, 0.25]},
								"west": {"uv": [29, 33], "uv_size": [0.25, 0.25]},
								"up": {"uv": [28, 0], "uv_size": [1.75, 0.25]},
								"down": {"uv": [28, 1.25], "uv_size": [1.75, -0.25]}
							}
						}
					]
				},
				{
					"name": "leftHand",
					"parent": "root",
					"pivot": [-6, 18.93684, 8.04313]
				},
				{
					"name": "lefthand_pos",
					"parent": "leftHand",
					"pivot": [0, 7.93684, 8.04313],
					"cubes": [
						{
							"origin": [-7, 7.93684, 6.04313],
							"size": [3, 12, 4],
							"uv": {
								"north": {"uv": [0, 0], "uv_size": [4, 12]},
								"east": {"uv": [4, 0], "uv_size": [4, 12]},
								"south": {"uv": [8, 0], "uv_size": [4, 12]},
								"west": {"uv": [0, 12], "uv_size": [4, 12]},
								"up": {"uv": [12, 0], "uv_size": [4, 4]},
								"down": {"uv": [4, 16], "uv_size": [4, -4]}
							}
						}
					]
				}
			]
		}
	]
}