{
	"format_version": "1.12.0",
	"minecraft:geometry": [
		{
			"description": {
				"identifier": "geometry.unknown",
				"texture_width": 32,
				"texture_height": 32,
				"visible_bounds_width": 4,
				"visible_bounds_height": 4,
				"visible_bounds_offset": [0, 0, 0]
			},
			"bones": [
				{
					"name": "root",
					"pivot": [0, 9.6875, 4.3375]
				},
				{
					"name": "bone",
					"parent": "root",
					"pivot": [0, 9.6875, 4.3375]
				},
				{
					"name": "knife_and_right",
					"parent": "bone",
					"pivot": [6, 19, 0]
				},
				{
					"name": "bayonet",
					"parent": "knife_and_right",
					"pivot": [0, 9.5, 2.5]
				},
				{
					"name": "weapon",
					"parent": "bayonet",
					"pivot": [0, 9.5, -0.375]
				},
				{
					"name": "blade",
					"parent": "weapon",
					"pivot": [0, 10.0329, -2.71994],
					"cubes": [
						{
							"origin": [-2.20119, 8.6375, -2.86369],
							"size": [7.17385, 1.8699, 0.28865],
							"pivot": [0, 10.0329, -2.71994],
							"rotation": [0, 90, 0],
							"uv": {
								"north": {"uv": [0, 0], "uv_size": [7.25, 1.75]},
								"east": {"uv": [6, 17], "uv_size": [0.25, 1.75]},
								"south": {"uv": [0, 2], "uv_size": [7.25, 1.75]},
								"west": {"uv": [7, 17], "uv_size": [0.25, 1.75]},
								"up": {"uv": [0, 12], "uv_size": [7.25, 0.25]},
								"down": {"uv": [12, 0.25], "uv_size": [7.25, -0.25]}
							}
						},
						{
							"origin": [-2.20119, 8.4676, -2.86369],
							"size": [0.92385, 0.1699, 0.28865],
							"pivot": [0, 8.163, -2.71994],
							"rotation": [0, 90, 0],
							"uv": {
								"north": {"uv": [18, 13], "uv_size": [1, 0.25]},
								"east": {"uv": [21, 17], "uv_size": [0.25, 0.25]},
								"south": {"uv": [14, 18], "uv_size": [1, 0.25]},
								"west": {"uv": [18, 21], "uv_size": [0.25, 0.25]},
								"up": {"uv": [18, 14], "uv_size": [1, 0.25]},
								"down": {"uv": [15, 18.25], "uv_size": [1, -0.25]}
							}
						},
						{
							"origin": [5.81387, 7.6926, -4.86369],
							"size": [0.8625, 0.2875, 0.2875],
							"pivot": [0, 10.0329, -4.71994],
							"rotation": [-90, 80, -90],
							"uv": {
								"north": {"uv": [18, 15], "uv_size": [0.75, 0.25]},
								"east": {"uv": [16, 20], "uv_size": [0.25, 0.25]},
								"south": {"uv": [16, 18], "uv_size": [0.75, 0.25]},
								"west": {"uv": [20, 16], "uv_size": [0.25, 0.25]},
								"up": {"uv": [18, 16], "uv_size": [0.75, 0.25]},
								"down": {"uv": [17, 18.25], "uv_size": [0.75, -0.25]}
							}
						},
						{
							"origin": [6.16855, 6.56882, -4.86369],
							"size": [0.73672, 0.2875, 0.2875],
							"pivot": [0, 10.0329, -4.71994],
							"rotation": [-90, 70, -90],
							"uv": {
								"north": {"uv": [18, 17], "uv_size": [0.75, 0.25]},
								"east": {"uv": [17, 20], "uv_size": [0.25, 0.25]},
								"south": {"uv": [18, 18], "uv_size": [0.75, 0.25]},
								"west": {"uv": [20, 17], "uv_size": [0.25, 0.25]},
								"up": {"uv": [0, 19], "uv_size": [0.75, 0.25]},
								"down": {"uv": [1, 19.25], "uv_size": [0.75, -0.25]}
							}
						},
						{
							"origin": [5.77341, 4.89964, -4.86369],
							"size": [0.83555, 0.2875, 0.2875],
							"pivot": [0, 10.0329, -4.71994],
							"rotation": [-90, 55, -90],
							"uv": {
								"north": {"uv": [19, 1], "uv_size": [0.75, 0.25]},
								"east": {"uv": [18, 20], "uv_size": [0.25, 0.25]},
								"south": {"uv": [2, 19], "uv_size": [0.75, 0.25]},
								"west": {"uv": [20, 18], "uv_size": [0.25, 0.25]},
								"up": {"uv": [3, 19], "uv_size": [0.75, 0.25]},
								"down": {"uv": [4, 19.25], "uv_size": [0.75, -0.25]}
							}
						},
						{
							"origin": [-3.33869, 8.94455, -5.80829],
							"size": [8.325, 0.2033, 0.2033],
							"pivot": [0, 10.0329, -4.71994],
							"rotation": [0, 90, -45],
							"uv": {
								"north": {"uv": [6, 10], "uv_size": [8.25, 0.25]},
								"east": {"uv": [19, 20], "uv_size": [0.25, 0.25]},
								"south": {"uv": [10, 8], "uv_size": [8.25, 0.25]},
								"west": {"uv": [20, 19], "uv_size": [0.25, 0.25]},
								"up": {"uv": [10, 9], "uv_size": [8.25, 0.25]},
								"down": {"uv": [6, 11.25], "uv_size": [8.25, -0.25]}
							}
						},
						{
							"origin": [5.81387, 8.27641, -6.47643],
							"size": [0.8625, 0.2033, 0.2033],
							"pivot": [0, 10.0329, -4.71994],
							"rotation": [-45, 80, -90],
							"uv": {
								"north": {"uv": [5, 19], "uv_size": [0.75, 0.25]},
								"east": {"uv": [20, 20], "uv_size": [0.25, 0.25]},
								"south": {"uv": [6, 19], "uv_size": [0.75, 0.25]},
								"west": {"uv": [0, 21], "uv_size": [0.25, 0.25]},
								"up": {"uv": [7, 19], "uv_size": [0.75, 0.25]},
								"down": {"uv": [19, 7.25], "uv_size": [0.75, -0.25]}
							}
						},
						{
							"origin": [6.16855, 7.48178, -7.27107],
							"size": [0.73672, 0.20329, 0.2033],
							"pivot": [0, 10.0329, -4.71994],
							"rotation": [-45, 70, -90],
							"uv": {
								"north": {"uv": [8, 19], "uv_size": [0.75, 0.25]},
								"east": {"uv": [21, 0], "uv_size": [0.25, 0.25]},
								"south": {"uv": [19, 8], "uv_size": [0.75, 0.25]},
								"west": {"uv": [1, 21], "uv_size": [0.25, 0.25]},
								"up": {"uv": [9, 19], "uv_size": [0.75, 0.25]},
								"down": {"uv": [19, 9.25], "uv_size": [0.75, -0.25]}
							}
						},
						{
							"origin": [5.71387, 6.33693, -1.22599],
							"size": [0.83554, 0.20329, 0.2033],
							"pivot": [-0.05955, 9.98413, -4.7541],
							"rotation": [-135, 55, -90],
							"uv": {
								"north": {"uv": [10, 19], "uv_size": [0.75, 0.25]},
								"east": {"uv": [21, 1], "uv_size": [0.25, 0.25]},
								"south": {"uv": [11, 19], "uv_size": [0.75, 0.25]},
								"west": {"uv": [2, 21], "uv_size": [0.25, 0.25]},
								"up": {"uv": [12, 19], "uv_size": [0.75, 0.25]},
								"down": {"uv": [13, 19.25], "uv_size": [0.75, -0.25]}
							}
						},
						{
							"origin": [5.80726, 10.7815, -10.72829],
							"size": [0.20328, 0.21563, 0.2033],
							"pivot": [0, 10.1649, -4.71773],
							"rotation": [11.2413, 44.4451, 7.9231],
							"uv": {
								"north": {"uv": [21, 2], "uv_size": [0.25, 0.25]},
								"east": {"uv": [3, 21], "uv_size": [0.25, 0.25]},
								"south": {"uv": [21, 3], "uv_size": [0.25, 0.25]},
								"west": {"uv": [4, 21], "uv_size": [0.25, 0.25]},
								"up": {"uv": [21, 4], "uv_size": [0.25, 0.25]},
								"down": {"uv": [5, 21.25], "uv_size": [0.25, -0.25]}
							}
						},
						{
							"origin": [7.99708, 10.78151, -4.86148],
							"size": [0.35937, 0.21563, 0.2875],
							"pivot": [0, 10.1649, -4.71773],
							"rotation": [90, 82, 90],
							"uv": {
								"north": {"uv": [21, 5], "uv_size": [0.25, 0.25]},
								"east": {"uv": [6, 21], "uv_size": [0.25, 0.25]},
								"south": {"uv": [21, 6], "uv_size": [0.25, 0.25]},
								"west": {"uv": [7, 21], "uv_size": [0.25, 0.25]},
								"up": {"uv": [21, 7], "uv_size": [0.25, 0.25]},
								"down": {"uv": [8, 21.25], "uv_size": [0.25, -0.25]}
							}
						},
						{
							"origin": [0.14375, 10.14688, -8.55625],
							"size": [4.52812, 0.35937, 0.2875],
							"pivot": [0.14375, 10.50625, -8.26875],
							"rotation": [90, 82, 90],
							"uv": {
								"north": {"uv": [15, 3], "uv_size": [4.5, 0.25]},
								"east": {"uv": [21, 8], "uv_size": [0.25, 0.25]},
								"south": {"uv": [15, 4], "uv_size": [4.5, 0.25]},
								"west": {"uv": [9, 21], "uv_size": [0.25, 0.25]},
								"up": {"uv": [15, 5], "uv_size": [4.5, 0.25]},
								"down": {"uv": [15, 6.25], "uv_size": [4.5, -0.25]}
							}
						},
						{
							"origin": [2.97366, 8.63735, -4.86384],
							"size": [5.4628, 1.86905, 0.2878],
							"inflate": 0.001,
							"pivot": [0, 10.0329, -4.71994],
							"rotation": [0, 90, 0],
							"uv": {
								"north": {"uv": [0, 4], "uv_size": [5.5, 1.75]},
								"east": {"uv": [17, 10], "uv_size": [0.25, 1.75]},
								"south": {"uv": [0, 6], "uv_size": [5.5, 1.75]},
								"up": {"uv": [13, 7], "uv_size": [5.5, 0.25]}
							}
						},
						{
							"origin": [4.84571, 8.64101, -6.11183],
							"size": [1.15, 0.20329, 0.20329],
							"pivot": [0, 10.0329, -4.71994],
							"rotation": [-45, 85, -90],
							"uv": {
								"north": {"uv": [18, 2], "uv_size": [1.25, 0.25]},
								"east": {"uv": [21, 9], "uv_size": [0.25, 0.25]},
								"south": {"uv": [3, 18], "uv_size": [1.25, 0.25]},
								"west": {"uv": [10, 21], "uv_size": [0.25, 0.25]},
								"up": {"uv": [8, 18], "uv_size": [1.25, 0.25]},
								"down": {"uv": [10, 18.25], "uv_size": [1.25, -0.25]}
							}
						},
						{
							"origin": [4.84571, 8.20823, -4.86369],
							"size": [1.15, 0.2875, 0.2875],
							"pivot": [0, 10.0329, -4.71994],
							"rotation": [-90, 85, -90],
							"uv": {
								"north": {"uv": [18, 10], "uv_size": [1.25, 0.25]},
								"east": {"uv": [21, 10], "uv_size": [0.25, 0.25]},
								"south": {"uv": [18, 11], "uv_size": [1.25, 0.25]},
								"west": {"uv": [11, 21], "uv_size": [0.25, 0.25]},
								"up": {"uv": [12, 18], "uv_size": [1.25, 0.25]},
								"down": {"uv": [18, 12.25], "uv_size": [1.25, -0.25]}
							}
						}
					]
				},
				{
					"name": "grip",
					"parent": "weapon",
					"pivot": [0, 9.49999, 3.22902],
					"cubes": [
						{
							"origin": [-9.24494, 9.15295, -3.59989],
							"size": [6.75625, 1.00625, 1.00625],
							"pivot": [0, 10.0329, -2.71994],
							"rotation": [0, 90, -45],
							"uv": {
								"north": {"uv": [6, 4], "uv_size": [6.75, 1]},
								"east": {"uv": [12, 3], "uv_size": [1, 1]},
								"south": {"uv": [6, 5], "uv_size": [6.75, 1]},
								"west": {"uv": [4, 15], "uv_size": [1, 1]},
								"up": {"uv": [6, 6], "uv_size": [6.75, 1]},
								"down": {"uv": [6, 8], "uv_size": [6.75, -1]}
							}
						},
						{
							"origin": [-3.63869, 9.08108, -3.67176],
							"size": [1.15, 1.15, 1.15],
							"pivot": [0, 10.0329, -2.71994],
							"rotation": [0, 90, -45],
							"uv": {
								"north": {"uv": [12, 1], "uv_size": [1.25, 1.25]},
								"east": {"uv": [8, 12], "uv_size": [1.25, 1.25]},
								"south": {"uv": [10, 12], "uv_size": [1.25, 1.25]},
								"west": {"uv": [12, 12], "uv_size": [1.25, 1.25]},
								"up": {"uv": [0, 13], "uv_size": [1.25, 1.25]},
								"down": {"uv": [2, 14.25], "uv_size": [1.25, -1.25]}
							}
						},
						{
							"origin": [-4.78869, 9.08108, -3.67176],
							"size": [0.8625, 1.15, 1.15],
							"pivot": [0, 10.0329, -2.71994],
							"rotation": [0, 90, -45],
							"uv": {
								"north": {"uv": [15, 12], "uv_size": [0.75, 1.25]},
								"east": {"uv": [13, 3], "uv_size": [1.25, 1.25]},
								"south": {"uv": [15, 14], "uv_size": [0.75, 1.25]},
								"west": {"uv": [4, 13], "uv_size": [1.25, 1.25]},
								"up": {"uv": [0, 16], "uv_size": [0.75, 1.25]},
								"down": {"uv": [1, 17.25], "uv_size": [0.75, -1.25]}
							}
						},
						{
							"origin": [-5.93869, 9.08108, -3.67176],
							"size": [0.8625, 1.15, 1.15],
							"pivot": [0, 10.0329, -2.71994],
							"rotation": [0, 90, -45],
							"uv": {
								"north": {"uv": [16, 1], "uv_size": [0.75, 1.25]},
								"east": {"uv": [13, 5], "uv_size": [1.25, 1.25]},
								"south": {"uv": [2, 16], "uv_size": [0.75, 1.25]},
								"west": {"uv": [6, 13], "uv_size": [1.25, 1.25]},
								"up": {"uv": [3, 16], "uv_size": [0.75, 1.25]},
								"down": {"uv": [4, 17.25], "uv_size": [0.75, -1.25]}
							}
						},
						{
							"origin": [-7.08869, 9.08108, -3.67176],
							"size": [0.8625, 1.15, 1.15],
							"pivot": [0, 10.0329, -2.71994],
							"rotation": [0, 90, -45],
							"uv": {
								"north": {"uv": [8, 16], "uv_size": [0.75, 1.25]},
								"east": {"uv": [14, 1], "uv_size": [1.25, 1.25]},
								"south": {"uv": [9, 16], "uv_size": [0.75, 1.25]},
								"west": {"uv": [8, 14], "uv_size": [1.25, 1.25]},
								"up": {"uv": [10, 16], "uv_size": [0.75, 1.25]},
								"down": {"uv": [16, 11.25], "uv_size": [0.75, -1.25]}
							}
						},
						{
							"origin": [-9.10119, 8.93733, -3.81551],
							"size": [1.4375, 1.4375, 1.4375],
							"pivot": [0, 10.0329, -2.71994],
							"rotation": [0, 90, -45],
							"uv": {
								"north": {"uv": [8, 8], "uv_size": [1.5, 1.5]},
								"east": {"uv": [0, 10], "uv_size": [1.5, 1.5]},
								"south": {"uv": [10, 0], "uv_size": [1.5, 1.5]},
								"west": {"uv": [2, 10], "uv_size": [1.5, 1.5]},
								"up": {"uv": [10, 2], "uv_size": [1.5, 1.5]},
								"down": {"uv": [4, 11.5], "uv_size": [1.5, -1.5]}
							}
						},
						{
							"origin": [-8.23869, 9.08108, -3.67176],
							"size": [0.8625, 1.15, 1.15],
							"pivot": [0, 10.0329, -2.71994],
							"rotation": [0, 90, -45],
							"uv": {
								"north": {"uv": [11, 16], "uv_size": [0.75, 1.25]},
								"east": {"uv": [10, 14], "uv_size": [1.25, 1.25]},
								"south": {"uv": [12, 16], "uv_size": [0.75, 1.25]},
								"west": {"uv": [12, 14], "uv_size": [1.25, 1.25]},
								"up": {"uv": [16, 12], "uv_size": [0.75, 1.25]},
								"down": {"uv": [13, 17.25], "uv_size": [0.75, -1.25]}
							}
						}
					]
				},
				{
					"name": "bone3",
					"parent": "weapon",
					"pivot": [0, 0.875, -1.09375],
					"cubes": [
						{
							"origin": [0.8625, 7.27188, -0.80625],
							"size": [0.2875, 1.94062, 0.575],
							"pivot": [0.8625, 9.2125, -0.23125],
							"rotation": [0, 90, 15],
							"uv": {
								"north": {"uv": [14, 16], "uv_size": [0.25, 2]},
								"east": {"uv": [5, 15], "uv_size": [0.5, 2]},
								"south": {"uv": [16, 14], "uv_size": [0.25, 2]},
								"west": {"uv": [6, 15], "uv_size": [0.5, 2]},
								"up": {"uv": [11, 20], "uv_size": [0.25, 0.5]},
								"down": {"uv": [20, 11.5], "uv_size": [0.25, -0.5]}
							}
						},
						{
							"origin": [-0.8625, 7.27188, -1.09375],
							"size": [0.2875, 1.94062, 0.575],
							"pivot": [-0.8625, 9.2125, -0.51875],
							"rotation": [0, -90, -15],
							"uv": {
								"north": {"uv": [15, 16], "uv_size": [0.25, 2]},
								"east": {"uv": [7, 15], "uv_size": [0.5, 2]},
								"south": {"uv": [16, 16], "uv_size": [0.25, 2]},
								"west": {"uv": [15, 10], "uv_size": [0.5, 2]},
								"up": {"uv": [12, 20], "uv_size": [0.25, 0.5]},
								"down": {"uv": [20, 12.5], "uv_size": [0.25, -0.5]}
							}
						},
						{
							"origin": [-2.48884, 7.3436, -3.07947],
							"size": [0.2878, 2.0128, 0.71905],
							"inflate": 0.001,
							"pivot": [0, 10.0329, -2.71994],
							"rotation": [0, 90, 0],
							"uv": {
								"north": {"uv": [17, 1], "uv_size": [0.25, 2]},
								"east": {"uv": [14, 12], "uv_size": [0.75, 2]},
								"south": {"uv": [5, 17], "uv_size": [0.25, 2]},
								"west": {"uv": [14, 14], "uv_size": [0.75, 2]},
								"up": {"uv": [19, 13], "uv_size": [0.25, 0.75]},
								"down": {"uv": [14, 19.75], "uv_size": [0.25, -0.75]}
							}
						},
						{
							"origin": [-2.48869, 9.2125, -3.58244],
							"size": [0.2875, 0.71875, 1.725],
							"pivot": [0, 10.0329, -2.71994],
							"rotation": [0, 90, 0],
							"uv": {
								"north": {"uv": [19, 14], "uv_size": [0.25, 0.75]},
								"east": {"uv": [0, 15], "uv_size": [1.75, 0.75]},
								"south": {"uv": [15, 19], "uv_size": [0.25, 0.75]},
								"west": {"uv": [2, 15], "uv_size": [1.75, 0.75]},
								"up": {"uv": [17, 12], "uv_size": [0.25, 1.75]},
								"down": {"uv": [17, 15.75], "uv_size": [0.25, -1.75]}
							}
						},
						{
							"origin": [0.8625, 9.93125, -0.51875],
							"size": [0.2875, 0.8625, 0.43125],
							"pivot": [0.8625, 9.93125, -0.51875],
							"rotation": [0, -90, -25],
							"uv": {
								"north": {"uv": [19, 15], "uv_size": [0.25, 0.75]},
								"east": {"uv": [17, 16], "uv_size": [0.5, 0.75]},
								"south": {"uv": [16, 19], "uv_size": [0.25, 0.75]},
								"west": {"uv": [17, 17], "uv_size": [0.5, 0.75]},
								"up": {"uv": [13, 20], "uv_size": [0.25, 0.5]},
								"down": {"uv": [20, 13.5], "uv_size": [0.25, -0.5]}
							}
						},
						{
							"origin": [-0.43125, 11.8, -0.56243],
							"size": [0.8625, 0.2875, 0.21563],
							"pivot": [0, 11.225, -1.09375],
							"rotation": [-90, 0, 0],
							"uv": {
								"north": {"uv": [19, 16], "uv_size": [0.75, 0.25]},
								"east": {"uv": [21, 11], "uv_size": [0.25, 0.25]},
								"south": {"uv": [17, 19], "uv_size": [0.75, 0.25]},
								"west": {"uv": [12, 21], "uv_size": [0.25, 0.25]},
								"up": {"uv": [19, 17], "uv_size": [0.75, 0.25]},
								"down": {"uv": [18, 19.25], "uv_size": [0.75, -0.25]}
							}
						},
						{
							"origin": [-2.48869, 9.93125, -3.15119],
							"size": [0.2875, 0.575, 0.8625],
							"pivot": [0, 10.0329, -2.71994],
							"rotation": [0, 90, 0],
							"uv": {
								"north": {"uv": [14, 20], "uv_size": [0.25, 0.5]},
								"east": {"uv": [0, 18], "uv_size": [0.75, 0.5]},
								"south": {"uv": [20, 14], "uv_size": [0.25, 0.5]},
								"west": {"uv": [1, 18], "uv_size": [0.75, 0.5]},
								"up": {"uv": [19, 18], "uv_size": [0.25, 0.75]},
								"down": {"uv": [19, 19.75], "uv_size": [0.25, -0.75]}
							}
						},
						{
							"origin": [-1.15, 9.93125, -0.51875],
							"size": [0.2875, 0.8625, 0.43125],
							"pivot": [-0.8625, 9.93125, -0.51875],
							"rotation": [0, 90, 25],
							"uv": {
								"north": {"uv": [0, 20], "uv_size": [0.25, 0.75]},
								"east": {"uv": [18, 1], "uv_size": [0.5, 0.75]},
								"south": {"uv": [20, 0], "uv_size": [0.25, 0.75]},
								"west": {"uv": [2, 18], "uv_size": [0.5, 0.75]},
								"up": {"uv": [15, 20], "uv_size": [0.25, 0.5]},
								"down": {"uv": [20, 15.5], "uv_size": [0.25, -0.5]}
							}
						},
						{
							"origin": [-9.39461, 1.45, -5.73743],
							"size": [0.8625, 0.2875, 0.21563],
							"pivot": [0, 0.875, -1.09375],
							"rotation": [-90, 0, 60],
							"uv": {
								"north": {"uv": [1, 20], "uv_size": [0.75, 0.25]},
								"east": {"uv": [21, 12], "uv_size": [0.25, 0.25]},
								"south": {"uv": [20, 1], "uv_size": [0.75, 0.25]},
								"west": {"uv": [13, 21], "uv_size": [0.25, 0.25]},
								"up": {"uv": [2, 20], "uv_size": [0.75, 0.25]},
								"down": {"uv": [20, 2.25], "uv_size": [0.75, -0.25]}
							}
						},
						{
							"origin": [8.53211, 1.45, -5.73743],
							"size": [0.8625, 0.2875, 0.21563],
							"pivot": [0, 0.875, -1.09375],
							"rotation": [-90, 0, -60],
							"uv": {
								"north": {"uv": [3, 20], "uv_size": [0.75, 0.25]},
								"east": {"uv": [21, 13], "uv_size": [0.25, 0.25]},
								"south": {"uv": [20, 3], "uv_size": [0.75, 0.25]},
								"west": {"uv": [14, 21], "uv_size": [0.25, 0.25]},
								"up": {"uv": [4, 20], "uv_size": [0.75, 0.25]},
								"down": {"uv": [20, 4.25], "uv_size": [0.75, -0.25]}
							}
						},
						{
							"origin": [8.53211, 1.45, 4.61257],
							"size": [0.8625, 0.2875, 0.21563],
							"pivot": [0, 0.875, -1.09375],
							"rotation": [-90, 0, -120],
							"uv": {
								"north": {"uv": [5, 20], "uv_size": [0.75, 0.25]},
								"east": {"uv": [21, 14], "uv_size": [0.25, 0.25]},
								"south": {"uv": [20, 5], "uv_size": [0.75, 0.25]},
								"west": {"uv": [15, 21], "uv_size": [0.25, 0.25]},
								"up": {"uv": [6, 20], "uv_size": [0.75, 0.25]},
								"down": {"uv": [20, 6.25], "uv_size": [0.75, -0.25]}
							}
						},
						{
							"origin": [-0.43125, 1.45, 9.78757],
							"size": [0.8625, 0.2875, 0.21563],
							"pivot": [0, 0.875, -1.09375],
							"rotation": [-90, 0, 180],
							"uv": {
								"north": {"uv": [7, 20], "uv_size": [0.75, 0.25]},
								"east": {"uv": [21, 15], "uv_size": [0.25, 0.25]},
								"south": {"uv": [20, 7], "uv_size": [0.75, 0.25]},
								"west": {"uv": [16, 21], "uv_size": [0.25, 0.25]},
								"up": {"uv": [8, 20], "uv_size": [0.75, 0.25]},
								"down": {"uv": [20, 8.25], "uv_size": [0.75, -0.25]}
							}
						},
						{
							"origin": [-9.39461, 1.45, 4.61257],
							"size": [0.8625, 0.2875, 0.21563],
							"pivot": [0, 0.875, -1.09375],
							"rotation": [-90, 0, 120],
							"uv": {
								"north": {"uv": [9, 20], "uv_size": [0.75, 0.25]},
								"east": {"uv": [21, 16], "uv_size": [0.25, 0.25]},
								"south": {"uv": [20, 9], "uv_size": [0.75, 0.25]},
								"west": {"uv": [17, 21], "uv_size": [0.25, 0.25]},
								"up": {"uv": [10, 20], "uv_size": [0.75, 0.25]},
								"down": {"uv": [20, 10.25], "uv_size": [0.75, -0.25]}
							}
						}
					]
				},
				{
					"name": "righthand",
					"parent": "knife_and_right",
					"pivot": [6, 19, 0]
				},
				{
					"name": "righthand_pos",
					"parent": "righthand",
					"pivot": [0, 8, 0],
					"cubes": [
						{
							"origin": [4, 8, -2],
							"size": [4, 12, 4],
							"uv": {
								"north": {"uv": [0, 0], "uv_size": [4, 12]},
								"east": {"uv": [4, 0], "uv_size": [4, 12]},
								"south": {"uv": [8, 0], "uv_size": [4, 12]},
								"west": {"uv": [0, 12], "uv_size": [4, 12]},
								"up": {"uv": [16, 0], "uv_size": [4, 4]},
								"down": {"uv": [16, 8], "uv_size": [4, -4]}
							}
						}
					]
				},
				{
					"name": "constraint",
					"parent": "bone",
					"pivot": [-0.01558, 8.125, 1.9375]
				},
				{
					"name": "lefthand",
					"parent": "bone",
					"pivot": [-6, 19, 0]
				},
				{
					"name": "lefthand_pos",
					"parent": "lefthand",
					"pivot": [0, 8, 0],
					"cubes": [
						{
							"origin": [-8, 8, -2],
							"size": [4, 12, 4],
							"uv": {
								"north": {"uv": [12.228, 0], "uv_size": [3.614, 12]},
								"east": {"uv": [5, 12], "uv_size": [3.614, 12]},
								"south": {"uv": [8.614, 12], "uv_size": [3.614, 12]},
								"west": {"uv": [12.228, 12], "uv_size": [3.614, 12]},
								"up": {"uv": [15.842, 8], "uv_size": [3.614, 4]},
								"down": {"uv": [15.842, 16], "uv_size": [3.614, -4]}
							}
						}
					]
				},
				{
					"name": "camera",
					"pivot": [3.0813, 14.0031, 11.5313]
				},
				{
					"name": "view",
					"pivot": [0, 0, 0]
				},
				{
					"name": "refit_view",
					"parent": "view",
					"pivot": [22.475, 5.55, 0.2],
					"rotation": [0, 90, 0]
				},
				{
					"name": "iron_view",
					"parent": "view",
					"pivot": [-0.15326, 9.42188, 6.93493],
					"rotation": [0, -1, 0]
				},
				{
					"name": "idle_view",
					"parent": "view",
					"pivot": [3.4563, 4.4656, -0.7687]
				},
				{
					"name": "positioning",
					"pivot": [-0.01558, 4.125, 4.9375]
				},
				{
					"name": "ground",
					"parent": "positioning",
					"pivot": [0, 0, 0]
				},
				{
					"name": "thirdperson_hand",
					"parent": "positioning",
					"pivot": [-0.01558, 6.125, -2.0625]
				},
				{
					"name": "fixed",
					"parent": "positioning",
					"pivot": [0.79692, 5.125, -1.0625],
					"rotation": [0, 90, 0]
				},
				{
					"name": "bone38",
					"pivot": [62, -11.35, -167.5]
				},
				{
					"name": "bone39",
					"parent": "bone38",
					"pivot": [-65, -11.35, -167.5]
				}
			]
		}
	]
}