{
	"format_version": "1.12.0",
	"minecraft:geometry": [
		{
			"description": {
				"identifier": "geometry.unknown",
				"texture_width": 32,
				"texture_height": 32,
				"visible_bounds_width": 4,
				"visible_bounds_height": 4,
				"visible_bounds_offset": [0, 0, 0]
			},
			"bones": [
				{
					"name": "root",
					"pivot": [0, 9.6875, 4.3375]
				},
				{
					"name": "bone",
					"parent": "root",
					"pivot": [0, 9.6875, 4.3375]
				},
				{
					"name": "knife_and_right",
					"parent": "bone",
					"pivot": [6, 19, 0]
				},
				{
					"name": "righthand",
					"parent": "knife_and_right",
					"pivot": [6, 19, 0]
				},
				{
					"name": "righthand_pos",
					"parent": "righthand",
					"pivot": [0, 8, 0],
					"cubes": [
						{
							"origin": [4, 8, -2],
							"size": [4, 12, 4],
							"uv": {
								"north": {"uv": [0, 0], "uv_size": [4, 12]},
								"east": {"uv": [4, 0], "uv_size": [4, 12]},
								"south": {"uv": [8, 0], "uv_size": [4, 12]},
								"west": {"uv": [0, 12], "uv_size": [4, 12]},
								"up": {"uv": [16, 0], "uv_size": [4, 4]},
								"down": {"uv": [16, 8], "uv_size": [4, -4]}
							}
						}
					]
				},
				{
					"name": "blade",
					"parent": "knife_and_right",
					"pivot": [0, 9, 0.75],
					"cubes": [
						{
							"origin": [-0.08125, 9.30469, -5.60625],
							"size": [0.1625, 0.325, 1.625],
							"uv": {
								"north": {"uv": [21, 3], "uv_size": [0.25, 0.25]},
								"east": {"uv": [0, 14], "uv_size": [1.25, 0.25]},
								"south": {"uv": [4, 21], "uv_size": [0.25, 0.25]},
								"west": {"uv": [14, 0], "uv_size": [1.25, 0.25]},
								"up": {"uv": [14, 1], "uv_size": [0.25, 1.25]},
								"down": {"uv": [2, 15.25], "uv_size": [0.25, -1.25]}
							}
						},
						{
							"origin": [-0.08818, 9.30469, -4.13812],
							"size": [0.17636, 0.26953, 3.13647],
							"uv": {
								"north": {"uv": [11, 26], "uv_size": [0.25, 0.25]},
								"east": {"uv": [10, 0], "uv_size": [2.5, 0.25]},
								"south": {"uv": [26, 11], "uv_size": [0.25, 0.25]},
								"west": {"uv": [6, 10], "uv_size": [2.5, 0.25]},
								"up": {"uv": [10, 7], "uv_size": [0.25, 2.5]},
								"down": {"uv": [9, 12.5], "uv_size": [0.25, -2.5]}
							}
						},
						{
							"origin": [-0.09512, 9.16231, -3.70661],
							"size": [0.19024, 0.26954, 1.01833],
							"pivot": [0.01387, 7.55761, -2.17716],
							"rotation": [-78.75, 0, 0],
							"uv": {
								"north": {"uv": [12, 26], "uv_size": [0.25, 0.25]},
								"east": {"uv": [17, 16], "uv_size": [0.75, 0.25]},
								"south": {"uv": [26, 12], "uv_size": [0.25, 0.25]},
								"west": {"uv": [17, 17], "uv_size": [0.75, 0.25]},
								"up": {"uv": [0, 18], "uv_size": [0.25, 0.75]},
								"down": {"uv": [18, 0.75], "uv_size": [0.25, -0.75]}
							}
						},
						{
							"origin": [-0.09512, 8.86207, -1.83531],
							"size": [0.19024, 0.26953, 0.39434],
							"pivot": [0.01387, 7.25738, -0.30586],
							"rotation": [-22.5, 0, 0],
							"uv": {
								"north": {"uv": [13, 26], "uv_size": [0.25, 0.25]},
								"east": {"uv": [26, 13], "uv_size": [0.25, 0.25]},
								"south": {"uv": [14, 26], "uv_size": [0.25, 0.25]},
								"west": {"uv": [26, 14], "uv_size": [0.25, 0.25]},
								"up": {"uv": [15, 26], "uv_size": [0.25, 0.25]},
								"down": {"uv": [26, 15.25], "uv_size": [0.25, -0.25]}
							}
						},
						{
							"origin": [-0.08125, 9.30469, -4.0625],
							"size": [0.1625, 0.325, 1.4625],
							"pivot": [0, 9.62969, -4.0625],
							"rotation": [7, 0, 0],
							"uv": {
								"north": {"uv": [18, 22], "uv_size": [0.25, 0.25]},
								"east": {"uv": [9, 14], "uv_size": [1.25, 0.25]},
								"south": {"uv": [22, 18], "uv_size": [0.25, 0.25]},
								"west": {"uv": [14, 9], "uv_size": [1.25, 0.25]},
								"up": {"uv": [14, 10], "uv_size": [0.25, 1.25]},
								"down": {"uv": [14, 13.25], "uv_size": [0.25, -1.25]}
							}
						},
						{
							"origin": [-0.08125, 9.48292, -2.61091],
							"size": [0.1625, 0.325, 2.6],
							"pivot": [0, 9.80792, -2.61091],
							"rotation": [-2.25, 0, 0],
							"uv": {
								"north": {"uv": [19, 22], "uv_size": [0.25, 0.25]},
								"east": {"uv": [7, 11], "uv_size": [2, 0.25]},
								"south": {"uv": [22, 19], "uv_size": [0.25, 0.25]},
								"west": {"uv": [11, 8], "uv_size": [2, 0.25]},
								"up": {"uv": [10, 11], "uv_size": [0.25, 2]},
								"down": {"uv": [11, 13], "uv_size": [0.25, -2]}
							}
						},
						{
							"origin": [-0.08125, 9.30469, -7.15],
							"size": [0.1625, 0.325, 1.54375],
							"pivot": [0, 9.62969, -5.60625],
							"rotation": [2.75, 0, 0],
							"uv": {
								"north": {"uv": [21, 4], "uv_size": [0.25, 0.25]},
								"east": {"uv": [3, 14], "uv_size": [1.25, 0.25]},
								"south": {"uv": [5, 21], "uv_size": [0.25, 0.25]},
								"west": {"uv": [14, 3], "uv_size": [1.25, 0.25]},
								"up": {"uv": [14, 4], "uv_size": [0.25, 1.25]},
								"down": {"uv": [5, 15.25], "uv_size": [0.25, -1.25]}
							}
						},
						{
							"origin": [-0.08125, 9.23062, -8.85447],
							"size": [0.1625, 0.325, 1.70625],
							"pivot": [0, 9.55562, -7.14822],
							"rotation": [4.75, 0, 0],
							"uv": {
								"north": {"uv": [21, 5], "uv_size": [0.25, 0.25]},
								"east": {"uv": [6, 14], "uv_size": [1.25, 0.25]},
								"south": {"uv": [6, 21], "uv_size": [0.25, 0.25]},
								"west": {"uv": [14, 6], "uv_size": [1.25, 0.25]},
								"up": {"uv": [14, 7], "uv_size": [0.25, 1.25]},
								"down": {"uv": [8, 15.25], "uv_size": [0.25, -1.25]}
							}
						},
						{
							"origin": [-0.08125, 9.08934, -9.33611],
							"size": [0.1625, 0.325, 0.4875],
							"pivot": [0, 9.41434, -8.84861],
							"rotation": [8, 0, 0],
							"uv": {
								"north": {"uv": [21, 6], "uv_size": [0.25, 0.25]},
								"east": {"uv": [1, 18], "uv_size": [0.5, 0.25]},
								"south": {"uv": [7, 21], "uv_size": [0.25, 0.25]},
								"west": {"uv": [18, 1], "uv_size": [0.5, 0.25]},
								"up": {"uv": [2, 18], "uv_size": [0.25, 0.5]},
								"down": {"uv": [18, 2.5], "uv_size": [0.25, -0.5]}
							}
						},
						{
							"origin": [-0.08125, 9.18399, -10.04231],
							"size": [0.1625, 0.1625, 0.71094],
							"pivot": [0, 9.34649, -9.33137],
							"rotation": [16, 0, 0],
							"uv": {
								"north": {"uv": [21, 7], "uv_size": [0.25, 0.25]},
								"east": {"uv": [3, 18], "uv_size": [0.5, 0.25]},
								"south": {"uv": [8, 21], "uv_size": [0.25, 0.25]},
								"west": {"uv": [18, 3], "uv_size": [0.5, 0.25]},
								"up": {"uv": [4, 18], "uv_size": [0.25, 0.5]},
								"down": {"uv": [18, 4.5], "uv_size": [0.25, -0.5]}
							}
						},
						{
							"origin": [0, 9.62969, -5.60625],
							"size": [0, 0.1625, 2.925],
							"uv": {
								"north": {"uv": [0, 0], "uv_size": [0, 0.25]},
								"east": {"uv": [10, 10], "uv_size": [2.25, 0.25]},
								"south": {"uv": [0, 0], "uv_size": [0, 0.25]},
								"west": {"uv": [11, 1], "uv_size": [2.25, 0.25]},
								"up": {"uv": [0, 0], "uv_size": [0, 2.25]},
								"down": {"uv": [0, 2.25], "uv_size": [0, -2.25]}
							}
						},
						{
							"origin": [0, 9.60938, -5.60625],
							"size": [0, 0.18281, 2.925],
							"pivot": [0, 9.79219, -4.14375],
							"rotation": [0, 0, -26.25],
							"uv": {
								"north": {"uv": [0, 0], "uv_size": [0, 0.25]},
								"east": {"uv": [11, 2], "uv_size": [2.25, 0.25]},
								"south": {"uv": [0, 0], "uv_size": [0, 0.25]},
								"west": {"uv": [11, 3], "uv_size": [2.25, 0.25]},
								"up": {"uv": [0, 0], "uv_size": [0, 2.25]},
								"down": {"uv": [0, 2.25], "uv_size": [0, -2.25]}
							}
						},
						{
							"origin": [0, 9.62969, -7.17031],
							"size": [0, 0.1625, 1.58438],
							"pivot": [0.08125, 9.62969, -5.60625],
							"rotation": [2.75, 0, 0],
							"uv": {
								"north": {"uv": [0, 0], "uv_size": [0, 0.25]},
								"east": {"uv": [13, 14], "uv_size": [1.25, 0.25]},
								"south": {"uv": [0, 0], "uv_size": [0, 0.25]},
								"west": {"uv": [0, 15], "uv_size": [1.25, 0.25]},
								"up": {"uv": [0, 0], "uv_size": [0, 1.25]},
								"down": {"uv": [0, 1.25], "uv_size": [0, -1.25]}
							}
						},
						{
							"origin": [0, 9.57216, -7.17722],
							"size": [0, 0.1828, 1.58437],
							"pivot": [0, 9.75496, -6.38503],
							"rotation": [2.46145, 1.22667, -26.47365],
							"uv": {
								"north": {"uv": [0, 0], "uv_size": [0, 0.25]},
								"east": {"uv": [15, 1], "uv_size": [1.25, 0.25]},
								"south": {"uv": [0, 0], "uv_size": [0, 0.25]},
								"west": {"uv": [15, 2], "uv_size": [1.25, 0.25]},
								"up": {"uv": [0, 0], "uv_size": [0, 1.25]},
								"down": {"uv": [0, 1.25], "uv_size": [0, -1.25]}
							}
						},
						{
							"origin": [0, 9.55562, -8.20447],
							"size": [0, 0.1625, 1.05625],
							"pivot": [0.08125, 9.55562, -7.14822],
							"rotation": [4.75, 0, 0],
							"uv": {
								"north": {"uv": [0, 0], "uv_size": [0, 0.25]},
								"east": {"uv": [17, 13], "uv_size": [0.75, 0.25]},
								"south": {"uv": [0, 0], "uv_size": [0, 0.25]},
								"west": {"uv": [14, 17], "uv_size": [0.75, 0.25]},
								"up": {"uv": [0, 0], "uv_size": [0, 0.75]},
								"down": {"uv": [0, 0.75], "uv_size": [0, -0.75]}
							}
						},
						{
							"origin": [0, 9.49102, -8.21612],
							"size": [0, 0.18281, 1.05625],
							"pivot": [0, 9.67383, -7.68799],
							"rotation": [4.27115, 2.08034, -25.92242],
							"uv": {
								"north": {"uv": [0, 0], "uv_size": [0, 0.25]},
								"east": {"uv": [17, 14], "uv_size": [0.75, 0.25]},
								"south": {"uv": [0, 0], "uv_size": [0, 0.25]},
								"west": {"uv": [15, 17], "uv_size": [0.75, 0.25]},
								"up": {"uv": [0, 0], "uv_size": [0, 0.75]},
								"down": {"uv": [0, 0.75], "uv_size": [0, -0.75]}
							}
						},
						{
							"origin": [0, 9.3051, -9.3518],
							"size": [0, 0.325, 1.1375],
							"pivot": [0, 9.6301, -8.2143],
							"rotation": [10.25, 0, 0],
							"uv": {
								"north": {"uv": [0, 0], "uv_size": [0, 0.25]},
								"east": {"uv": [9, 16], "uv_size": [1, 0.25]},
								"south": {"uv": [0, 0], "uv_size": [0, 0.25]},
								"west": {"uv": [16, 9], "uv_size": [1, 0.25]},
								"up": {"uv": [0, 0], "uv_size": [0, 1]},
								"down": {"uv": [0, 1], "uv_size": [0, -1]}
							}
						},
						{
							"origin": [0, 9.34607, -9.34272],
							"size": [0, 0.18282, 1.1375],
							"pivot": [0, 9.52889, -8.77397],
							"rotation": [9.23147, 4.47392, -25.63862],
							"uv": {
								"north": {"uv": [0, 0], "uv_size": [0, 0.25]},
								"east": {"uv": [10, 16], "uv_size": [1, 0.25]},
								"south": {"uv": [0, 0], "uv_size": [0, 0.25]},
								"west": {"uv": [16, 10], "uv_size": [1, 0.25]},
								"up": {"uv": [0, 0], "uv_size": [0, 1]},
								"down": {"uv": [0, 1], "uv_size": [0, -1]}
							}
						},
						{
							"origin": [0, 9.26519, -10.11698],
							"size": [0, 0.16239, 0.78333],
							"pivot": [0, 9.42769, -9.33365],
							"rotation": [19, 0, 0],
							"uv": {
								"north": {"uv": [0, 0], "uv_size": [0, 0.25]},
								"east": {"uv": [20, 20], "uv_size": [0.5, 0.25]},
								"south": {"uv": [0, 0], "uv_size": [0, 0.25]},
								"west": {"uv": [0, 21], "uv_size": [0.5, 0.25]},
								"up": {"uv": [0, 0], "uv_size": [0, 0.5]},
								"down": {"uv": [0, 0.5], "uv_size": [0, -0.5]}
							}
						},
						{
							"origin": [0, 9.19851, -10.09561],
							"size": [0, 0.10157, 0.78333],
							"pivot": [0, 9.30008, -9.70394],
							"rotation": [17.33141, 7.90847, -23.7928],
							"uv": {
								"north": {"uv": [0, 0], "uv_size": [0, 0.25]},
								"east": {"uv": [21, 0], "uv_size": [0.5, 0.25]},
								"south": {"uv": [0, 0], "uv_size": [0, 0.25]},
								"west": {"uv": [1, 21], "uv_size": [0.5, 0.25]},
								"up": {"uv": [0, 0], "uv_size": [0, 0.5]},
								"down": {"uv": [0, 0.5], "uv_size": [0, -0.5]}
							}
						},
						{
							"origin": [0, 9.19851, -10.09561],
							"size": [0, 0.10157, 0.78333],
							"pivot": [0, 9.30008, -9.70394],
							"rotation": [17.33141, -7.90847, 23.7928],
							"uv": {
								"north": {"uv": [0, 0], "uv_size": [0, 0.25]},
								"east": {"uv": [21, 1], "uv_size": [0.5, 0.25]},
								"south": {"uv": [0, 0], "uv_size": [0, 0.25]},
								"west": {"uv": [2, 21], "uv_size": [0.5, 0.25]},
								"up": {"uv": [0, 0], "uv_size": [0, 0.5]},
								"down": {"uv": [0, 0.5], "uv_size": [0, -0.5]}
							}
						},
						{
							"origin": [0, 9.34607, -9.34272],
							"size": [0, 0.18282, 1.1375],
							"pivot": [0, 9.52889, -8.77397],
							"rotation": [9.23147, -4.47392, 25.63862],
							"uv": {
								"north": {"uv": [0, 0], "uv_size": [0, 0.25]},
								"east": {"uv": [11, 16], "uv_size": [1, 0.25]},
								"south": {"uv": [0, 0], "uv_size": [0, 0.25]},
								"west": {"uv": [16, 11], "uv_size": [1, 0.25]},
								"up": {"uv": [0, 0], "uv_size": [0, 1]},
								"down": {"uv": [0, 1], "uv_size": [0, -1]}
							}
						},
						{
							"origin": [0, 9.49102, -8.21612],
							"size": [0, 0.18281, 1.05625],
							"pivot": [0, 9.67383, -7.68799],
							"rotation": [4.27115, -2.08034, 25.92242],
							"uv": {
								"north": {"uv": [0, 0], "uv_size": [0, 0.25]},
								"east": {"uv": [17, 15], "uv_size": [0.75, 0.25]},
								"south": {"uv": [0, 0], "uv_size": [0, 0.25]},
								"west": {"uv": [16, 17], "uv_size": [0.75, 0.25]},
								"up": {"uv": [0, 0], "uv_size": [0, 0.75]},
								"down": {"uv": [0, 0.75], "uv_size": [0, -0.75]}
							}
						},
						{
							"origin": [0, 9.57216, -7.17722],
							"size": [0, 0.1828, 1.58437],
							"pivot": [0, 9.75496, -6.38503],
							"rotation": [2.46145, -1.22667, 26.47365],
							"uv": {
								"north": {"uv": [0, 0], "uv_size": [0, 0.25]},
								"east": {"uv": [3, 15], "uv_size": [1.25, 0.25]},
								"south": {"uv": [0, 0], "uv_size": [0, 0.25]},
								"west": {"uv": [15, 4], "uv_size": [1.25, 0.25]},
								"up": {"uv": [0, 0], "uv_size": [0, 1.25]},
								"down": {"uv": [0, 1.25], "uv_size": [0, -1.25]}
							}
						},
						{
							"origin": [0, 9.60938, -5.60625],
							"size": [0, 0.18281, 2.925],
							"pivot": [0, 9.79219, -4.14375],
							"rotation": [0, 0, 26.25],
							"uv": {
								"north": {"uv": [0, 0], "uv_size": [0, 0.25]},
								"east": {"uv": [4, 11], "uv_size": [2.25, 0.25]},
								"south": {"uv": [0, 0], "uv_size": [0, 0.25]},
								"west": {"uv": [11, 7], "uv_size": [2.25, 0.25]},
								"up": {"uv": [0, 0], "uv_size": [0, 2.25]},
								"down": {"uv": [0, 2.25], "uv_size": [0, -2.25]}
							}
						},
						{
							"origin": [-0.08125, 9.02149, -9.79855],
							"size": [0.1625, 0.1625, 0.46718],
							"pivot": [0, 9.34649, -9.33137],
							"rotation": [16, 0, 0],
							"uv": {
								"north": {"uv": [23, 0], "uv_size": [0.25, 0.25]},
								"east": {"uv": [1, 23], "uv_size": [0.25, 0.25]},
								"south": {"uv": [23, 1], "uv_size": [0.25, 0.25]},
								"west": {"uv": [2, 23], "uv_size": [0.25, 0.25]},
								"up": {"uv": [23, 2], "uv_size": [0.25, 0.25]},
								"down": {"uv": [3, 23.25], "uv_size": [0.25, -0.25]}
							}
						},
						{
							"origin": [-0.08125, 9.32505, -10.14386],
							"size": [0.1625, 0.02032, 0.10155],
							"pivot": [0, 9.34649, -9.33137],
							"rotation": [16, 0, 0],
							"uv": {
								"north": {"uv": [21, 14], "uv_size": [0.25, 0.25]},
								"east": {"uv": [15, 21], "uv_size": [0.25, 0.25]},
								"south": {"uv": [21, 15], "uv_size": [0.25, 0.25]},
								"west": {"uv": [16, 21], "uv_size": [0.25, 0.25]},
								"up": {"uv": [21, 16], "uv_size": [0.25, 0.25]},
								"down": {"uv": [17, 21.25], "uv_size": [0.25, -0.25]}
							}
						},
						{
							"origin": [-0.08125, 8.99432, -9.96997],
							"size": [0.1625, 0.12892, 0.09891],
							"pivot": [0, 8.99432, -9.96997],
							"rotation": [53.5, 0, 0],
							"uv": {
								"north": {"uv": [21, 8], "uv_size": [0.25, 0.25]},
								"east": {"uv": [9, 21], "uv_size": [0.25, 0.25]},
								"south": {"uv": [21, 9], "uv_size": [0.25, 0.25]},
								"west": {"uv": [10, 21], "uv_size": [0.25, 0.25]},
								"up": {"uv": [21, 10], "uv_size": [0.25, 0.25]},
								"down": {"uv": [11, 21.25], "uv_size": [0.25, -0.25]}
							}
						},
						{
							"origin": [-0.08125, 8.73025, -9.96997],
							"size": [0.1625, 0.26407, 0.22343],
							"pivot": [0, 8.99432, -9.96997],
							"rotation": [56, 0, 0],
							"uv": {
								"north": {"uv": [5, 22], "uv_size": [0.25, 0.25]},
								"east": {"uv": [22, 5], "uv_size": [0.25, 0.25]},
								"south": {"uv": [6, 22], "uv_size": [0.25, 0.25]},
								"west": {"uv": [22, 6], "uv_size": [0.25, 0.25]},
								"up": {"uv": [7, 22], "uv_size": [0.25, 0.25]},
								"down": {"uv": [22, 7.25], "uv_size": [0.25, -0.25]}
							}
						},
						{
							"origin": [-0.08125, 8.03415, -9.75105],
							"size": [0.1625, 0.8125, 0.325],
							"pivot": [0, 8.84665, -9.75105],
							"rotation": [65.5, 0, 0],
							"uv": {
								"north": {"uv": [12, 16], "uv_size": [0.25, 0.75]},
								"east": {"uv": [16, 12], "uv_size": [0.25, 0.75]},
								"south": {"uv": [13, 16], "uv_size": [0.25, 0.75]},
								"west": {"uv": [16, 13], "uv_size": [0.25, 0.75]},
								"up": {"uv": [8, 22], "uv_size": [0.25, 0.25]},
								"down": {"uv": [22, 8.25], "uv_size": [0.25, -0.25]}
							}
						},
						{
							"origin": [-0.08125, 7.85972, -9.01172],
							"size": [0.1625, 0.65, 0.325],
							"pivot": [0, 8.50972, -9.01172],
							"rotation": [74, 0, 0],
							"uv": {
								"north": {"uv": [5, 18], "uv_size": [0.25, 0.5]},
								"east": {"uv": [18, 5], "uv_size": [0.25, 0.5]},
								"south": {"uv": [6, 18], "uv_size": [0.25, 0.5]},
								"west": {"uv": [18, 6], "uv_size": [0.25, 0.5]},
								"up": {"uv": [9, 22], "uv_size": [0.25, 0.25]},
								"down": {"uv": [22, 9.25], "uv_size": [0.25, -0.25]}
							}
						},
						{
							"origin": [-0.08125, 7.68055, -8.3869],
							"size": [0.1625, 0.65, 0.325],
							"pivot": [0, 8.33055, -8.3869],
							"rotation": [80.25, 0, 0],
							"uv": {
								"north": {"uv": [7, 18], "uv_size": [0.25, 0.5]},
								"east": {"uv": [18, 7], "uv_size": [0.25, 0.5]},
								"south": {"uv": [8, 18], "uv_size": [0.25, 0.5]},
								"west": {"uv": [18, 8], "uv_size": [0.25, 0.5]},
								"up": {"uv": [10, 22], "uv_size": [0.25, 0.25]},
								"down": {"uv": [22, 10.25], "uv_size": [0.25, -0.25]}
							}
						},
						{
							"origin": [-0.08125, 7.57048, -7.74628],
							"size": [0.1625, 0.65, 0.325],
							"pivot": [0, 8.22048, -7.74628],
							"rotation": [85.25, 0, 0],
							"uv": {
								"north": {"uv": [9, 18], "uv_size": [0.25, 0.5]},
								"east": {"uv": [18, 9], "uv_size": [0.25, 0.5]},
								"south": {"uv": [10, 18], "uv_size": [0.25, 0.5]},
								"west": {"uv": [18, 10], "uv_size": [0.25, 0.5]},
								"up": {"uv": [11, 22], "uv_size": [0.25, 0.25]},
								"down": {"uv": [22, 11.25], "uv_size": [0.25, -0.25]}
							}
						},
						{
							"origin": [-0.08125, 7.4354, -7.09851],
							"size": [0.1625, 0.73125, 0.325],
							"pivot": [0, 8.16665, -7.09851],
							"rotation": [90.25, 0, 0],
							"uv": {
								"north": {"uv": [11, 18], "uv_size": [0.25, 0.5]},
								"east": {"uv": [18, 11], "uv_size": [0.25, 0.5]},
								"south": {"uv": [12, 18], "uv_size": [0.25, 0.5]},
								"west": {"uv": [18, 12], "uv_size": [0.25, 0.5]},
								"up": {"uv": [12, 22], "uv_size": [0.25, 0.25]},
								"down": {"uv": [22, 12.25], "uv_size": [0.25, -0.25]}
							}
						},
						{
							"origin": [-0.08125, 6.21985, -6.36727],
							"size": [0.1625, 1.95, 0.325],
							"pivot": [0, 8.16985, -6.36727],
							"rotation": [93, 0, 0],
							"uv": {
								"north": {"uv": [5, 12], "uv_size": [0.25, 1.5]},
								"east": {"uv": [6, 12], "uv_size": [0.25, 1.5]},
								"south": {"uv": [7, 12], "uv_size": [0.25, 1.5]},
								"west": {"uv": [8, 12], "uv_size": [0.25, 1.5]},
								"up": {"uv": [13, 22], "uv_size": [0.25, 0.25]},
								"down": {"uv": [22, 13.25], "uv_size": [0.25, -0.25]}
							}
						},
						{
							"origin": [-0.08125, 7.2969, -4.41995],
							"size": [0.1625, 1.05625, 0.325],
							"pivot": [0, 8.2719, -4.41995],
							"rotation": [90.5, 0, 0],
							"uv": {
								"north": {"uv": [14, 16], "uv_size": [0.25, 0.75]},
								"east": {"uv": [16, 14], "uv_size": [0.25, 0.75]},
								"south": {"uv": [15, 16], "uv_size": [0.25, 0.75]},
								"west": {"uv": [16, 15], "uv_size": [0.25, 0.75]},
								"up": {"uv": [14, 22], "uv_size": [0.25, 0.25]},
								"down": {"uv": [22, 14.25], "uv_size": [0.25, -0.25]}
							}
						},
						{
							"origin": [-0.08125, 7.4679, -3.44497],
							"size": [0.1625, 0.89375, 0.325],
							"pivot": [0, 8.2804, -3.44497],
							"rotation": [85.75, 0, 0],
							"uv": {
								"north": {"uv": [16, 16], "uv_size": [0.25, 0.75]},
								"east": {"uv": [0, 17], "uv_size": [0.25, 0.75]},
								"south": {"uv": [17, 0], "uv_size": [0.25, 0.75]},
								"west": {"uv": [1, 17], "uv_size": [0.25, 0.75]},
								"up": {"uv": [15, 22], "uv_size": [0.25, 0.25]},
								"down": {"uv": [22, 15.25], "uv_size": [0.25, -0.25]}
							}
						},
						{
							"origin": [-0.08125, 7.5702, -2.63471],
							"size": [0.1625, 0.73125, 0.325],
							"pivot": [0, 8.2202, -2.63471],
							"rotation": [77.25, 0, 0],
							"uv": {
								"north": {"uv": [13, 18], "uv_size": [0.25, 0.5]},
								"east": {"uv": [18, 13], "uv_size": [0.25, 0.5]},
								"south": {"uv": [14, 18], "uv_size": [0.25, 0.5]},
								"west": {"uv": [18, 14], "uv_size": [0.25, 0.5]},
								"up": {"uv": [16, 22], "uv_size": [0.25, 0.25]},
								"down": {"uv": [22, 16.25], "uv_size": [0.25, -0.25]}
							}
						},
						{
							"origin": [-0.08125, 7.58924, -2.00074],
							"size": [0.1625, 0.56875, 0.325],
							"pivot": [0, 8.07674, -2.00074],
							"rotation": [71.25, 0, 0],
							"uv": {
								"north": {"uv": [15, 18], "uv_size": [0.25, 0.5]},
								"east": {"uv": [18, 15], "uv_size": [0.25, 0.5]},
								"south": {"uv": [16, 18], "uv_size": [0.25, 0.5]},
								"west": {"uv": [18, 16], "uv_size": [0.25, 0.5]},
								"up": {"uv": [17, 22], "uv_size": [0.25, 0.25]},
								"down": {"uv": [22, 17.25], "uv_size": [0.25, -0.25]}
							}
						},
						{
							"origin": [-0.08125, 9.12324, -9.96997],
							"size": [0.1625, 0.06093, 0.01766],
							"pivot": [0, 8.99432, -9.96997],
							"rotation": [53.5, 0, 0],
							"uv": {
								"north": {"uv": [21, 11], "uv_size": [0.25, 0.25]},
								"east": {"uv": [12, 21], "uv_size": [0.25, 0.25]},
								"south": {"uv": [21, 12], "uv_size": [0.25, 0.25]},
								"west": {"uv": [13, 21], "uv_size": [0.25, 0.25]},
								"up": {"uv": [21, 13], "uv_size": [0.25, 0.25]},
								"down": {"uv": [14, 21.25], "uv_size": [0.25, -0.25]}
							}
						},
						{
							"origin": [-0.08125, 9.12324, -9.95231],
							"size": [0.1625, 0.04063, 0.02032],
							"pivot": [0, 8.99432, -9.96997],
							"rotation": [53.5, 0, 0],
							"uv": {
								"north": {"uv": [21, 17], "uv_size": [0.25, 0.25]},
								"east": {"uv": [18, 21], "uv_size": [0.25, 0.25]},
								"south": {"uv": [21, 18], "uv_size": [0.25, 0.25]},
								"west": {"uv": [19, 21], "uv_size": [0.25, 0.25]},
								"up": {"uv": [21, 19], "uv_size": [0.25, 0.25]},
								"down": {"uv": [20, 21.25], "uv_size": [0.25, -0.25]}
							}
						},
						{
							"origin": [-0.08125, 9.12324, -9.93199],
							"size": [0.1625, 0.02031, 0.02031],
							"pivot": [0, 8.99432, -9.96997],
							"rotation": [53.5, 0, 0],
							"uv": {
								"north": {"uv": [21, 20], "uv_size": [0.25, 0.25]},
								"east": {"uv": [21, 21], "uv_size": [0.25, 0.25]},
								"south": {"uv": [0, 22], "uv_size": [0.25, 0.25]},
								"west": {"uv": [22, 0], "uv_size": [0.25, 0.25]},
								"up": {"uv": [1, 22], "uv_size": [0.25, 0.25]},
								"down": {"uv": [22, 1.25], "uv_size": [0.25, -0.25]}
							}
						},
						{
							"origin": [-0.08125, 9.12324, -9.91168],
							"size": [0.1625, 0.02031, 0.02032],
							"pivot": [0, 8.99432, -9.96997],
							"rotation": [53.5, 0, 0],
							"uv": {
								"north": {"uv": [2, 22], "uv_size": [0.25, 0.25]},
								"east": {"uv": [22, 2], "uv_size": [0.25, 0.25]},
								"south": {"uv": [3, 22], "uv_size": [0.25, 0.25]},
								"west": {"uv": [22, 3], "uv_size": [0.25, 0.25]},
								"up": {"uv": [4, 22], "uv_size": [0.25, 0.25]},
								"down": {"uv": [22, 4.25], "uv_size": [0.25, -0.25]}
							}
						},
						{
							"origin": [-0.08125, 8.43125, -0.92561],
							"size": [0.1625, 0.325, 0.79497],
							"pivot": [-0.4875, 7.61875, -0.46718],
							"rotation": [-22.5, 0, 0],
							"uv": {
								"north": {"uv": [22, 22], "uv_size": [0.25, 0.25]},
								"east": {"uv": [19, 0], "uv_size": [0.5, 0.25]},
								"south": {"uv": [0, 23], "uv_size": [0.25, 0.25]},
								"west": {"uv": [1, 19], "uv_size": [0.5, 0.25]},
								"up": {"uv": [19, 1], "uv_size": [0.25, 0.5]},
								"down": {"uv": [2, 19.5], "uv_size": [0.25, -0.5]}
							}
						},
						{
							"origin": [-0.08125, 7.48533, -1.60468],
							"size": [0.1625, 0.61216, 0.325],
							"pivot": [-0.4875, 7.61875, -0.46718],
							"rotation": [-22.5, 0, 0],
							"uv": {
								"north": {"uv": [17, 18], "uv_size": [0.25, 0.5]},
								"east": {"uv": [18, 17], "uv_size": [0.25, 0.5]},
								"south": {"uv": [18, 18], "uv_size": [0.25, 0.5]},
								"west": {"uv": [0, 19], "uv_size": [0.25, 0.5]},
								"up": {"uv": [21, 22], "uv_size": [0.25, 0.25]},
								"down": {"uv": [22, 21.25], "uv_size": [0.25, -0.25]}
							}
						},
						{
							"origin": [-0.03366, 8.9682, -10.1367],
							"size": [0.11491, 0.18985, 0.11491],
							"pivot": [0.08125, 9.03266, -10.02179],
							"rotation": [62.38002, 24.87268, 38.7943],
							"uv": {
								"north": {"uv": [8, 26], "uv_size": [0.25, 0.25]},
								"east": {"uv": [26, 8], "uv_size": [0.25, 0.25]},
								"south": {"uv": [9, 26], "uv_size": [0.25, 0.25]},
								"west": {"uv": [26, 9], "uv_size": [0.25, 0.25]},
								"up": {"uv": [10, 26], "uv_size": [0.25, 0.25]},
								"down": {"uv": [26, 10.25], "uv_size": [0.25, -0.25]}
							}
						},
						{
							"origin": [-0.03366, 8.77505, -9.97537],
							"size": [0.11486, 0.28101, 0.11486],
							"pivot": [0.08125, 8.92049, -9.86051],
							"rotation": [64.50121, 23.29149, 39.66001],
							"uv": {
								"north": {"uv": [5, 26], "uv_size": [0.25, 0.25]},
								"east": {"uv": [26, 5], "uv_size": [0.25, 0.25]},
								"south": {"uv": [6, 26], "uv_size": [0.25, 0.25]},
								"west": {"uv": [26, 6], "uv_size": [0.25, 0.25]},
								"up": {"uv": [7, 26], "uv_size": [0.25, 0.25]},
								"down": {"uv": [26, 7.25], "uv_size": [0.25, -0.25]}
							}
						},
						{
							"origin": [-0.03366, 8.27193, -9.49629],
							"size": [0.11491, 0.8125, 0.11491],
							"pivot": [0.08125, 8.67818, -9.38138],
							"rotation": [72.13861, 17.05157, 42.30098],
							"uv": {
								"north": {"uv": [17, 11], "uv_size": [0.25, 0.75]},
								"east": {"uv": [12, 17], "uv_size": [0.25, 0.75]},
								"south": {"uv": [17, 12], "uv_size": [0.25, 0.75]},
								"west": {"uv": [13, 17], "uv_size": [0.25, 0.75]},
								"up": {"uv": [4, 26], "uv_size": [0.25, 0.25]},
								"down": {"uv": [26, 4.25], "uv_size": [0.25, -0.25]}
							}
						},
						{
							"origin": [0.08061, 8.09513, -8.81357],
							"size": [0.00064, 0.66202, 0.11427],
							"pivot": [0.08125, 8.42014, -8.6993],
							"rotation": [78.53812, 11.23918, 43.86846],
							"uv": {
								"north": {"uv": [0, 0], "uv_size": [0, 0.5]},
								"east": {"uv": [19, 20], "uv_size": [0.25, 0.5]},
								"south": {"uv": [0, 0], "uv_size": [0, 0.5]},
								"west": {"uv": [20, 19], "uv_size": [0.25, 0.5]},
								"up": {"uv": [0, 0], "uv_size": [0, 0.25]},
								"down": {"uv": [0, 0.25], "uv_size": [0, -0.25]}
							}
						},
						{
							"origin": [-0.08125, 8.09513, -8.81357],
							"size": [0.00064, 0.66202, 0.11427],
							"pivot": [-0.08125, 8.42014, -8.6993],
							"rotation": [78.53812, -11.23918, -43.86846],
							"uv": {
								"north": {"uv": [0, 0], "uv_size": [0, 0.5]},
								"east": {"uv": [21, 2], "uv_size": [0.25, 0.5]},
								"south": {"uv": [0, 0], "uv_size": [0, 0.5]},
								"west": {"uv": [3, 21], "uv_size": [0.25, 0.5]},
								"up": {"uv": [0, 0], "uv_size": [0, 0.25]},
								"down": {"uv": [0, 0.25], "uv_size": [0, -0.25]}
							}
						},
						{
							"origin": [-0.03366, 7.94344, -8.18115],
							"size": [0.11457, 0.66592, 0.11456],
							"pivot": [0.08125, 8.27551, -8.06659],
							"rotation": [83.07234, 6.87757, 44.58321],
							"uv": {
								"north": {"uv": [17, 20], "uv_size": [0.25, 0.5]},
								"east": {"uv": [20, 17], "uv_size": [0.25, 0.5]},
								"south": {"uv": [18, 20], "uv_size": [0.25, 0.5]},
								"west": {"uv": [20, 18], "uv_size": [0.25, 0.5]},
								"up": {"uv": [3, 26], "uv_size": [0.25, 0.25]},
								"down": {"uv": [26, 3.25], "uv_size": [0.25, -0.25]}
							}
						},
						{
							"origin": [-0.03366, 7.86856, -7.5373],
							"size": [0.11491, 0.65, 0.1149],
							"pivot": [0.08125, 8.19356, -7.4224],
							"rotation": [86.63739, 3.35683, 44.90144],
							"uv": {
								"north": {"uv": [15, 20], "uv_size": [0.25, 0.5]},
								"east": {"uv": [20, 15], "uv_size": [0.25, 0.5]},
								"south": {"uv": [16, 20], "uv_size": [0.25, 0.5]},
								"west": {"uv": [20, 16], "uv_size": [0.25, 0.5]},
								"up": {"uv": [2, 26], "uv_size": [0.25, 0.25]},
								"down": {"uv": [26, 2.25], "uv_size": [0.25, -0.25]}
							}
						},
						{
							"origin": [-0.03366, 7.80262, -6.84758],
							"size": [0.11469, 0.73834, 0.11469],
							"pivot": [0.08125, 8.16825, -6.73289],
							"rotation": [90.17678, -0.17678, 44.99973],
							"uv": {
								"north": {"uv": [13, 20], "uv_size": [0.25, 0.5]},
								"east": {"uv": [20, 13], "uv_size": [0.25, 0.5]},
								"south": {"uv": [14, 20], "uv_size": [0.25, 0.5]},
								"west": {"uv": [20, 14], "uv_size": [0.25, 0.5]},
								"up": {"uv": [1, 26], "uv_size": [0.25, 0.25]},
								"down": {"uv": [26, 1.25], "uv_size": [0.25, -0.25]}
							}
						},
						{
							"origin": [-0.03366, 7.24587, -5.50845],
							"size": [0.11485, 1.9539, 0.11484],
							"pivot": [0.08125, 8.22087, -5.39361],
							"rotation": [92.12229, -2.12084, 44.96071],
							"uv": {
								"north": {"uv": [13, 10], "uv_size": [0.25, 1.5]},
								"east": {"uv": [11, 13], "uv_size": [0.25, 1.5]},
								"south": {"uv": [12, 13], "uv_size": [0.25, 1.5]},
								"west": {"uv": [13, 12], "uv_size": [0.25, 1.5]},
								"up": {"uv": [0, 26], "uv_size": [0.25, 0.25]},
								"down": {"uv": [26, 0.25], "uv_size": [0.25, -0.25]}
							}
						},
						{
							"origin": [-0.03366, 7.74767, -4.08799],
							"size": [0.11491, 1.05625, 0.1149],
							"pivot": [0.08125, 8.2758, -3.97309],
							"rotation": [90.35356, -0.35355, 44.99891],
							"uv": {
								"north": {"uv": [17, 9], "uv_size": [0.25, 0.75]},
								"east": {"uv": [10, 17], "uv_size": [0.25, 0.75]},
								"south": {"uv": [17, 10], "uv_size": [0.25, 0.75]},
								"west": {"uv": [11, 17], "uv_size": [0.25, 0.75]},
								"up": {"uv": [25, 24], "uv_size": [0.25, 0.25]},
								"down": {"uv": [25, 25.25], "uv_size": [0.25, -0.25]}
							}
						},
						{
							"origin": [-0.03366, 7.80643, -3.19527],
							"size": [0.11491, 0.89375, 0.11491],
							"pivot": [0.08125, 8.25331, -3.08036],
							"rotation": [86.99204, 3.00382, 44.92112],
							"uv": {
								"north": {"uv": [17, 7], "uv_size": [0.25, 0.75]},
								"east": {"uv": [8, 17], "uv_size": [0.25, 0.75]},
								"south": {"uv": [17, 8], "uv_size": [0.25, 0.75]},
								"west": {"uv": [9, 17], "uv_size": [0.25, 0.75]},
								"up": {"uv": [25, 23], "uv_size": [0.25, 0.25]},
								"down": {"uv": [24, 25.25], "uv_size": [0.25, -0.25]}
							}
						},
						{
							"origin": [-0.03366, 7.79181, -2.47226],
							"size": [0.11491, 0.73125, 0.11491],
							"pivot": [0.08125, 8.15743, -2.35735],
							"rotation": [80.90962, 8.97808, 44.28483],
							"uv": {
								"north": {"uv": [11, 20], "uv_size": [0.25, 0.5]},
								"east": {"uv": [20, 11], "uv_size": [0.25, 0.5]},
								"south": {"uv": [12, 20], "uv_size": [0.25, 0.5]},
								"west": {"uv": [20, 12], "uv_size": [0.25, 0.5]},
								"up": {"uv": [25, 22], "uv_size": [0.25, 0.25]},
								"down": {"uv": [23, 25.25], "uv_size": [0.25, -0.25]}
							}
						},
						{
							"origin": [-0.03366, 7.72707, -1.9233],
							"size": [0.11491, 0.56875, 0.11491],
							"pivot": [0.08125, 8.01144, -1.80839],
							"rotation": [76.50262, 13.13769, 43.43861],
							"uv": {
								"north": {"uv": [9, 20], "uv_size": [0.25, 0.5]},
								"east": {"uv": [20, 9], "uv_size": [0.25, 0.5]},
								"south": {"uv": [10, 20], "uv_size": [0.25, 0.5]},
								"west": {"uv": [20, 10], "uv_size": [0.25, 0.5]},
								"up": {"uv": [25, 21], "uv_size": [0.25, 0.25]},
								"down": {"uv": [22, 25.25], "uv_size": [0.25, -0.25]}
							}
						},
						{
							"origin": [-0.03366, 7.75369, -1.58153],
							"size": [0.11491, 0.11491, 0.325],
							"pivot": [0.08125, 7.8686, -1.41903],
							"rotation": [-16.32495, 15.69986, 42.73421],
							"uv": {
								"north": {"uv": [25, 18], "uv_size": [0.25, 0.25]},
								"east": {"uv": [19, 25], "uv_size": [0.25, 0.25]},
								"south": {"uv": [25, 19], "uv_size": [0.25, 0.25]},
								"west": {"uv": [20, 25], "uv_size": [0.25, 0.25]},
								"up": {"uv": [25, 20], "uv_size": [0.25, 0.25]},
								"down": {"uv": [21, 25.25], "uv_size": [0.25, -0.25]}
							}
						},
						{
							"origin": [-0.08818, 7.16033, -1.60468],
							"size": [0.17636, 0.93716, 0.325],
							"pivot": [-0.48057, 7.61875, -0.46718],
							"rotation": [-67.5, 0, 0],
							"uv": {
								"north": {"uv": [17, 1], "uv_size": [0.25, 0.75]},
								"east": {"uv": [2, 17], "uv_size": [0.25, 0.75]},
								"south": {"uv": [17, 2], "uv_size": [0.25, 0.75]},
								"west": {"uv": [3, 17], "uv_size": [0.25, 0.75]},
								"up": {"uv": [20, 22], "uv_size": [0.25, 0.25]},
								"down": {"uv": [22, 20.25], "uv_size": [0.25, -0.25]}
							}
						},
						{
							"origin": [-0.08095, 8.75655, -9.4247],
							"size": [0.1619, 0.40565, 0.6494],
							"inflate": -0.001,
							"uv": {
								"north": {"uv": [23, 3], "uv_size": [0.25, 0.25]},
								"east": {"uv": [19, 3], "uv_size": [0.5, 0.25]},
								"south": {"uv": [4, 23], "uv_size": [0.25, 0.25]},
								"west": {"uv": [4, 19], "uv_size": [0.5, 0.25]},
								"up": {"uv": [19, 4], "uv_size": [0.25, 0.5]},
								"down": {"uv": [5, 19.5], "uv_size": [0.25, -0.5]}
							}
						},
						{
							"origin": [-0.08095, 8.5128, -8.7747],
							"size": [0.1619, 0.73065, 0.9744],
							"inflate": -0.001,
							"uv": {
								"north": {"uv": [19, 2], "uv_size": [0.25, 0.5]},
								"east": {"uv": [12, 6], "uv_size": [0.75, 0.5]},
								"south": {"uv": [3, 19], "uv_size": [0.25, 0.5]},
								"west": {"uv": [12, 9], "uv_size": [0.75, 0.5]},
								"up": {"uv": [17, 3], "uv_size": [0.25, 0.75]},
								"down": {"uv": [4, 17.75], "uv_size": [0.25, -0.75]}
							}
						},
						{
							"origin": [-0.08095, 8.5128, -1.21845],
							"size": [0.1619, 0.9744, 1.21815],
							"inflate": -0.001,
							"uv": {
								"north": {"uv": [17, 4], "uv_size": [0.25, 0.75]},
								"east": {"uv": [6, 2], "uv_size": [1, 0.75]},
								"south": {"uv": [5, 17], "uv_size": [0.25, 0.75]},
								"west": {"uv": [6, 3], "uv_size": [1, 0.75]},
								"up": {"uv": [12, 15], "uv_size": [0.25, 1]},
								"down": {"uv": [15, 13], "uv_size": [0.25, -1]}
							}
						},
						{
							"origin": [-0.08095, 8.10655, -1.6247],
							"size": [0.1619, 1.38065, 0.40565],
							"inflate": -0.001,
							"uv": {
								"north": {"uv": [10, 15], "uv_size": [0.25, 1]},
								"east": {"uv": [15, 10], "uv_size": [0.25, 1]},
								"south": {"uv": [11, 15], "uv_size": [0.25, 1]},
								"west": {"uv": [15, 11], "uv_size": [0.25, 1]},
								"up": {"uv": [23, 4], "uv_size": [0.25, 0.25]},
								"down": {"uv": [5, 23.25], "uv_size": [0.25, -0.25]}
							}
						},
						{
							"origin": [-0.08095, 8.26905, -2.7622],
							"size": [0.1619, 1.21815, 1.1369],
							"inflate": -0.001,
							"uv": {
								"north": {"uv": [7, 15], "uv_size": [0.25, 1]},
								"east": {"uv": [4, 0], "uv_size": [1, 1]},
								"south": {"uv": [15, 7], "uv_size": [0.25, 1]},
								"west": {"uv": [4, 1], "uv_size": [1, 1]},
								"up": {"uv": [15, 8], "uv_size": [0.25, 1]},
								"down": {"uv": [9, 16], "uv_size": [0.25, -1]}
							}
						},
						{
							"origin": [-0.08095, 8.3503, -7.7997],
							"size": [0.1619, 1.1369, 5.0369],
							"inflate": -0.001,
							"uv": {
								"north": {"uv": [15, 5], "uv_size": [0.25, 1]},
								"east": {"uv": [0, 0], "uv_size": [4, 1]},
								"south": {"uv": [6, 15], "uv_size": [0.25, 1]},
								"west": {"uv": [0, 1], "uv_size": [4, 1]},
								"up": {"uv": [4, 4], "uv_size": [0.25, 4]},
								"down": {"uv": [5, 8], "uv_size": [0.25, -4]}
							}
						}
					]
				},
				{
					"name": "body",
					"parent": "blade",
					"pivot": [-0.1625, 9.68491, 3.06138],
					"cubes": [
						{
							"origin": [-0.33193, 7.94375, -0.40625],
							"size": [0.66386, 2.19375, 0.24375],
							"pivot": [0.00693, 10.1375, -0.40625],
							"rotation": [14.75, 0, 0],
							"uv": {
								"north": {"uv": [5, 0], "uv_size": [0.5, 1.75]},
								"east": {"uv": [4, 12], "uv_size": [0.25, 1.75]},
								"south": {"uv": [6, 0], "uv_size": [0.5, 1.75]},
								"west": {"uv": [12, 4], "uv_size": [0.25, 1.75]},
								"up": {"uv": [19, 5], "uv_size": [0.5, 0.25]},
								"down": {"uv": [6, 19.25], "uv_size": [0.5, -0.25]}
							}
						},
						{
							"origin": [-0.1625, 10.1375, -0.40625],
							"size": [0.325, 0.1625, 0.24375],
							"pivot": [0, 10.1375, -0.40625],
							"rotation": [14.75, 0, 0],
							"uv": {
								"north": {"uv": [23, 20], "uv_size": [0.25, 0.25]},
								"east": {"uv": [21, 23], "uv_size": [0.25, 0.25]},
								"south": {"uv": [23, 21], "uv_size": [0.25, 0.25]},
								"west": {"uv": [22, 23], "uv_size": [0.25, 0.25]},
								"up": {"uv": [23, 22], "uv_size": [0.25, 0.25]},
								"down": {"uv": [23, 23.25], "uv_size": [0.25, -0.25]}
							}
						},
						{
							"origin": [0.1625, 10.16317, -0.45163],
							"size": [0.22981, 0.16251, 0.24375],
							"pivot": [0.1625, 10.32568, -0.32976],
							"rotation": [10.54578, -10.37155, 44.04021],
							"uv": {
								"north": {"uv": [0, 24], "uv_size": [0.25, 0.25]},
								"east": {"uv": [24, 0], "uv_size": [0.25, 0.25]},
								"south": {"uv": [1, 24], "uv_size": [0.25, 0.25]},
								"west": {"uv": [24, 1], "uv_size": [0.25, 0.25]},
								"up": {"uv": [2, 24], "uv_size": [0.25, 0.25]},
								"down": {"uv": [24, 2.25], "uv_size": [0.25, -0.25]}
							}
						},
						{
							"origin": [-0.39231, 10.16317, -0.45163],
							"size": [0.22981, 0.16251, 0.24375],
							"pivot": [-0.1625, 10.32568, -0.32976],
							"rotation": [10.54578, 10.37155, -44.04021],
							"uv": {
								"north": {"uv": [3, 24], "uv_size": [0.25, 0.25]},
								"east": {"uv": [24, 3], "uv_size": [0.25, 0.25]},
								"south": {"uv": [4, 24], "uv_size": [0.25, 0.25]},
								"west": {"uv": [24, 4], "uv_size": [0.25, 0.25]},
								"up": {"uv": [5, 24], "uv_size": [0.25, 0.25]},
								"down": {"uv": [24, 5.25], "uv_size": [0.25, -0.25]}
							}
						},
						{
							"origin": [-0.33193, 8.35, -0.1625],
							"size": [0.66386, 1.05625, 0.65],
							"pivot": [0.00693, 10.1375, -0.40625],
							"rotation": [14.75, 0, 0],
							"uv": {
								"north": {"uv": [12, 11], "uv_size": [0.5, 0.75]},
								"east": {"uv": [12, 12], "uv_size": [0.5, 0.75]},
								"south": {"uv": [0, 13], "uv_size": [0.5, 0.75]},
								"west": {"uv": [13, 0], "uv_size": [0.5, 0.75]},
								"up": {"uv": [13, 15], "uv_size": [0.5, 0.5]},
								"down": {"uv": [15, 13.5], "uv_size": [0.5, -0.5]}
							}
						},
						{
							"origin": [-0.325, 8.57439, 0.27118],
							"size": [0.65, 0.24375, 0.40625],
							"pivot": [0, 8.57439, 0.67743],
							"rotation": [44.75, 0, 0],
							"uv": {
								"north": {"uv": [19, 14], "uv_size": [0.5, 0.25]},
								"east": {"uv": [23, 9], "uv_size": [0.25, 0.25]},
								"south": {"uv": [15, 19], "uv_size": [0.5, 0.25]},
								"west": {"uv": [10, 23], "uv_size": [0.25, 0.25]},
								"up": {"uv": [19, 15], "uv_size": [0.5, 0.25]},
								"down": {"uv": [16, 19.25], "uv_size": [0.5, -0.25]}
							}
						},
						{
							"origin": [-0.325, 8.34559, 0.12162],
							"size": [0.65, 0.24375, 0.42656],
							"pivot": [0, 8.34559, 0.44662],
							"rotation": [84.75, 0, 0],
							"uv": {
								"north": {"uv": [19, 16], "uv_size": [0.5, 0.25]},
								"east": {"uv": [23, 10], "uv_size": [0.25, 0.25]},
								"south": {"uv": [17, 19], "uv_size": [0.5, 0.25]},
								"west": {"uv": [11, 23], "uv_size": [0.25, 0.25]},
								"up": {"uv": [19, 17], "uv_size": [0.5, 0.25]},
								"down": {"uv": [18, 19.25], "uv_size": [0.5, -0.25]}
							}
						},
						{
							"origin": [-0.325, 9.41415, 0.19735],
							"size": [0.65, 0.24375, 0.44688],
							"pivot": [0, 9.6579, 0.64423],
							"rotation": [-0.25, 0, 0],
							"uv": {
								"north": {"uv": [19, 8], "uv_size": [0.5, 0.25]},
								"east": {"uv": [23, 6], "uv_size": [0.25, 0.25]},
								"south": {"uv": [9, 19], "uv_size": [0.5, 0.25]},
								"west": {"uv": [7, 23], "uv_size": [0.25, 0.25]},
								"up": {"uv": [19, 9], "uv_size": [0.5, 0.25]},
								"down": {"uv": [10, 19.25], "uv_size": [0.5, -0.25]}
							}
						},
						{
							"origin": [-0.31807, 9.41592, 0.07548],
							"size": [0.63614, 0.24375, 0.24375],
							"pivot": [-0.00693, 9.65967, 0.23798],
							"rotation": [-27.75, 0, 0],
							"uv": {
								"north": {"uv": [19, 10], "uv_size": [0.5, 0.25]},
								"east": {"uv": [23, 7], "uv_size": [0.25, 0.25]},
								"south": {"uv": [11, 19], "uv_size": [0.5, 0.25]},
								"west": {"uv": [8, 23], "uv_size": [0.25, 0.25]},
								"up": {"uv": [19, 11], "uv_size": [0.5, 0.25]},
								"down": {"uv": [12, 19.25], "uv_size": [0.5, -0.25]}
							}
						},
						{
							"origin": [-0.325, 9.49158, -0.23083],
							"size": [0.65, 0.24375, 0.40625],
							"pivot": [0, 9.73533, 0.09417],
							"rotation": [-45.25, 0, 0],
							"uv": {
								"north": {"uv": [19, 12], "uv_size": [0.5, 0.25]},
								"east": {"uv": [23, 8], "uv_size": [0.25, 0.25]},
								"south": {"uv": [13, 19], "uv_size": [0.5, 0.25]},
								"west": {"uv": [9, 23], "uv_size": [0.25, 0.25]},
								"up": {"uv": [19, 13], "uv_size": [0.5, 0.25]},
								"down": {"uv": [14, 19.25], "uv_size": [0.5, -0.25]}
							}
						},
						{
							"origin": [-0.325, 7.77229, 0.15228],
							"size": [0.65, 0.24375, 0.24375],
							"pivot": [0, 8.01604, 0.15228],
							"rotation": [22.25, 0, 0],
							"uv": {
								"north": {"uv": [19, 6], "uv_size": [0.5, 0.25]},
								"east": {"uv": [23, 5], "uv_size": [0.25, 0.25]},
								"south": {"uv": [7, 19], "uv_size": [0.5, 0.25]},
								"west": {"uv": [6, 23], "uv_size": [0.25, 0.25]},
								"up": {"uv": [19, 7], "uv_size": [0.5, 0.25]},
								"down": {"uv": [8, 19.25], "uv_size": [0.5, -0.25]}
							}
						},
						{
							"origin": [-0.1625, 7.60979, 0.15228],
							"size": [0.325, 0.1625, 0.24375],
							"pivot": [0, 8.01604, 0.15228],
							"rotation": [22.25, 0, 0],
							"uv": {
								"north": {"uv": [23, 11], "uv_size": [0.25, 0.25]},
								"east": {"uv": [12, 23], "uv_size": [0.25, 0.25]},
								"south": {"uv": [23, 12], "uv_size": [0.25, 0.25]},
								"west": {"uv": [13, 23], "uv_size": [0.25, 0.25]},
								"up": {"uv": [23, 13], "uv_size": [0.25, 0.25]},
								"down": {"uv": [14, 23.25], "uv_size": [0.25, -0.25]}
							}
						},
						{
							"origin": [0.1625, 7.68619, 0.29704],
							"size": [0.22981, 0.1625, 0.24375],
							"pivot": [0.1625, 7.68619, 0.41891],
							"rotation": [16.13436, 15.53013, -42.78551],
							"uv": {
								"north": {"uv": [23, 14], "uv_size": [0.25, 0.25]},
								"east": {"uv": [15, 23], "uv_size": [0.25, 0.25]},
								"south": {"uv": [23, 15], "uv_size": [0.25, 0.25]},
								"west": {"uv": [16, 23], "uv_size": [0.25, 0.25]},
								"up": {"uv": [23, 16], "uv_size": [0.25, 0.25]},
								"down": {"uv": [17, 23.25], "uv_size": [0.25, -0.25]}
							}
						},
						{
							"origin": [-0.39231, 7.68619, 0.29704],
							"size": [0.22981, 0.1625, 0.24375],
							"pivot": [-0.1625, 7.68619, 0.41891],
							"rotation": [16.13436, -15.53013, 42.78551],
							"uv": {
								"north": {"uv": [23, 17], "uv_size": [0.25, 0.25]},
								"east": {"uv": [18, 23], "uv_size": [0.25, 0.25]},
								"south": {"uv": [23, 18], "uv_size": [0.25, 0.25]},
								"west": {"uv": [19, 23], "uv_size": [0.25, 0.25]},
								"up": {"uv": [23, 19], "uv_size": [0.25, 0.25]},
								"down": {"uv": [20, 23.25], "uv_size": [0.25, -0.25]}
							}
						},
						{
							"origin": [-0.28438, 8.675, 0.65],
							"size": [0.56875, 0.89375, 0.65],
							"uv": {
								"north": {"uv": [1, 13], "uv_size": [0.5, 0.75]},
								"east": {"uv": [2, 13], "uv_size": [0.5, 0.75]},
								"south": {"uv": [3, 13], "uv_size": [0.5, 0.75]},
								"west": {"uv": [13, 4], "uv_size": [0.5, 0.75]},
								"up": {"uv": [14, 15], "uv_size": [0.5, 0.5]},
								"down": {"uv": [15, 14.5], "uv_size": [0.5, -0.5]}
							}
						},
						{
							"origin": [-0.33193, 8.61407, 0.99532],
							"size": [0.66386, 0.99531, 0.34531],
							"pivot": [0.00693, 8.61407, 0.99532],
							"rotation": [-3.25, 0, 0],
							"uv": {
								"north": {"uv": [13, 5], "uv_size": [0.5, 0.75]},
								"east": {"uv": [17, 5], "uv_size": [0.25, 0.75]},
								"south": {"uv": [13, 6], "uv_size": [0.5, 0.75]},
								"west": {"uv": [6, 17], "uv_size": [0.25, 0.75]},
								"up": {"uv": [19, 18], "uv_size": [0.5, 0.25]},
								"down": {"uv": [19, 19.25], "uv_size": [0.5, -0.25]}
							}
						},
						{
							"origin": [-0.325, 9.5427, 0.74649],
							"size": [0.65, 0.06668, 0.24883],
							"pivot": [0, 8.61407, 0.99532],
							"rotation": [-3.25, 0, 0],
							"uv": {
								"north": {"uv": [1, 20], "uv_size": [0.5, 0.25]},
								"east": {"uv": [6, 24], "uv_size": [0.25, 0.25]},
								"south": {"uv": [20, 1], "uv_size": [0.5, 0.25]},
								"west": {"uv": [24, 6], "uv_size": [0.25, 0.25]},
								"up": {"uv": [2, 20], "uv_size": [0.5, 0.25]},
								"down": {"uv": [20, 2.25], "uv_size": [0.5, -0.25]}
							}
						},
						{
							"origin": [-0.31807, 8.61407, 0.99532],
							"size": [0.63614, 0.96139, 0.25759],
							"pivot": [-0.00693, 8.61407, 0.99532],
							"rotation": [11.75, 0, 0],
							"uv": {
								"north": {"uv": [13, 8], "uv_size": [0.5, 0.75]},
								"east": {"uv": [17, 6], "uv_size": [0.25, 0.75]},
								"south": {"uv": [9, 13], "uv_size": [0.5, 0.75]},
								"west": {"uv": [7, 17], "uv_size": [0.25, 0.75]},
								"up": {"uv": [0, 20], "uv_size": [0.5, 0.25]},
								"down": {"uv": [20, 0.25], "uv_size": [0.5, -0.25]}
							}
						},
						{
							"origin": [-0.325, 8.59564, 1.25886],
							"size": [0.65, 0.99531, 3.55468],
							"pivot": [0, 8.59564, 1.31979],
							"rotation": [-7.25, 0, 0],
							"uv": {
								"north": {"uv": [13, 9], "uv_size": [0.5, 0.75]},
								"east": {"uv": [0, 2], "uv_size": [2.75, 0.75]},
								"south": {"uv": [10, 13], "uv_size": [0.5, 0.75]},
								"west": {"uv": [0, 3], "uv_size": [2.75, 0.75]},
								"up": {"uv": [2, 4], "uv_size": [0.5, 2.75]},
								"down": {"uv": [3, 6.75], "uv_size": [0.5, -2.75]}
							}
						},
						{
							"origin": [-0.325, 8.59564, 4.81354],
							"size": [0.65, 0.58906, 0.71094],
							"pivot": [0, 8.59564, 1.31979],
							"rotation": [-7.25, 0, 0],
							"uv": {
								"north": {"uv": [15, 15], "uv_size": [0.5, 0.5]},
								"east": {"uv": [0, 16], "uv_size": [0.5, 0.5]},
								"south": {"uv": [16, 0], "uv_size": [0.5, 0.5]},
								"west": {"uv": [1, 16], "uv_size": [0.5, 0.5]},
								"up": {"uv": [2, 16], "uv_size": [0.5, 0.5]},
								"down": {"uv": [3, 16.5], "uv_size": [0.5, -0.5]}
							}
						},
						{
							"origin": [-0.1625, 8.45157, 0.99532],
							"size": [0.325, 0.1625, 0.34531],
							"pivot": [0, 8.61407, 0.99532],
							"rotation": [-3.25, 0, 0],
							"uv": {
								"north": {"uv": [9, 24], "uv_size": [0.25, 0.25]},
								"east": {"uv": [24, 9], "uv_size": [0.25, 0.25]},
								"south": {"uv": [10, 24], "uv_size": [0.25, 0.25]},
								"west": {"uv": [24, 10], "uv_size": [0.25, 0.25]},
								"up": {"uv": [11, 24], "uv_size": [0.25, 0.25]},
								"down": {"uv": [24, 11.25], "uv_size": [0.25, -0.25]}
							}
						},
						{
							"origin": [-0.1625, 8.43314, 1.25886],
							"size": [0.325, 0.1625, 3.55468],
							"pivot": [0, 8.59564, 1.31979],
							"rotation": [-7.25, 0, 0],
							"uv": {
								"north": {"uv": [8, 24], "uv_size": [0.25, 0.25]},
								"east": {"uv": [6, 4], "uv_size": [2.75, 0.25]},
								"south": {"uv": [24, 8], "uv_size": [0.25, 0.25]},
								"west": {"uv": [6, 5], "uv_size": [2.75, 0.25]},
								"up": {"uv": [6, 6], "uv_size": [0.25, 2.75]},
								"down": {"uv": [0, 9.75], "uv_size": [0.25, -2.75]}
							}
						},
						{
							"origin": [-0.1625, 8.43314, 4.81354],
							"size": [0.325, 0.1625, 0.71094],
							"pivot": [0, 8.59564, 1.31979],
							"rotation": [-7.25, 0, 0],
							"uv": {
								"north": {"uv": [7, 24], "uv_size": [0.25, 0.25]},
								"east": {"uv": [3, 20], "uv_size": [0.5, 0.25]},
								"south": {"uv": [24, 7], "uv_size": [0.25, 0.25]},
								"west": {"uv": [20, 3], "uv_size": [0.5, 0.25]},
								"up": {"uv": [4, 20], "uv_size": [0.25, 0.5]},
								"down": {"uv": [20, 4.5], "uv_size": [0.25, -0.5]}
							}
						},
						{
							"origin": [0.1625, 8.44204, 0.98582],
							"size": [0.22981, 0.1625, 0.34532],
							"pivot": [0.1625, 8.44204, 1.15848],
							"rotation": [-2.29933, -2.29748, -44.95389],
							"uv": {
								"north": {"uv": [14, 24], "uv_size": [0.25, 0.25]},
								"east": {"uv": [24, 14], "uv_size": [0.25, 0.25]},
								"south": {"uv": [15, 24], "uv_size": [0.25, 0.25]},
								"west": {"uv": [24, 15], "uv_size": [0.25, 0.25]},
								"up": {"uv": [16, 24], "uv_size": [0.25, 0.25]},
								"down": {"uv": [24, 16.25], "uv_size": [0.25, -0.25]}
							}
						},
						{
							"origin": [0.1625, 8.21783, 1.22463],
							"size": [0.22981, 0.1625, 3.55468],
							"pivot": [0.1625, 8.21783, 3.00196],
							"rotation": [-5.14023, -5.11966, -44.77004],
							"uv": {
								"north": {"uv": [13, 24], "uv_size": [0.25, 0.25]},
								"east": {"uv": [7, 0], "uv_size": [2.75, 0.25]},
								"south": {"uv": [24, 13], "uv_size": [0.25, 0.25]},
								"west": {"uv": [1, 7], "uv_size": [2.75, 0.25]},
								"up": {"uv": [7, 1], "uv_size": [0.25, 2.75]},
								"down": {"uv": [7, 8.75], "uv_size": [0.25, -2.75]}
							}
						},
						{
							"origin": [0.1625, 7.94866, 4.76226],
							"size": [0.22981, 0.1625, 0.71094],
							"pivot": [0.1625, 7.94866, 5.11772],
							"rotation": [-5.14023, -5.11966, -44.77004],
							"uv": {
								"north": {"uv": [12, 24], "uv_size": [0.25, 0.25]},
								"east": {"uv": [5, 20], "uv_size": [0.5, 0.25]},
								"south": {"uv": [24, 12], "uv_size": [0.25, 0.25]},
								"west": {"uv": [20, 5], "uv_size": [0.5, 0.25]},
								"up": {"uv": [6, 20], "uv_size": [0.25, 0.5]},
								"down": {"uv": [20, 6.5], "uv_size": [0.25, -0.5]}
							}
						},
						{
							"origin": [-0.39231, 7.94866, 4.76226],
							"size": [0.22981, 0.1625, 0.71094],
							"pivot": [-0.1625, 7.94866, 5.11772],
							"rotation": [-5.14023, 5.11966, 44.77004],
							"uv": {
								"north": {"uv": [21, 24], "uv_size": [0.25, 0.25]},
								"east": {"uv": [7, 20], "uv_size": [0.5, 0.25]},
								"south": {"uv": [24, 21], "uv_size": [0.25, 0.25]},
								"west": {"uv": [20, 7], "uv_size": [0.5, 0.25]},
								"up": {"uv": [8, 20], "uv_size": [0.25, 0.5]},
								"down": {"uv": [20, 8.5], "uv_size": [0.25, -0.5]}
							}
						},
						{
							"origin": [-0.39231, 8.21783, 1.22463],
							"size": [0.22981, 0.1625, 3.55468],
							"pivot": [-0.1625, 8.21783, 3.00196],
							"rotation": [-5.14023, 5.11966, 44.77004],
							"uv": {
								"north": {"uv": [20, 24], "uv_size": [0.25, 0.25]},
								"east": {"uv": [1, 8], "uv_size": [2.75, 0.25]},
								"south": {"uv": [24, 20], "uv_size": [0.25, 0.25]},
								"west": {"uv": [8, 1], "uv_size": [2.75, 0.25]},
								"up": {"uv": [4, 8], "uv_size": [0.25, 2.75]},
								"down": {"uv": [5, 10.75], "uv_size": [0.25, -2.75]}
							}
						},
						{
							"origin": [-0.39231, 8.44204, 0.98582],
							"size": [0.22981, 0.1625, 0.34532],
							"pivot": [-0.1625, 8.44204, 1.15848],
							"rotation": [-2.29933, 2.29748, 44.95389],
							"uv": {
								"north": {"uv": [17, 24], "uv_size": [0.25, 0.25]},
								"east": {"uv": [24, 17], "uv_size": [0.25, 0.25]},
								"south": {"uv": [18, 24], "uv_size": [0.25, 0.25]},
								"west": {"uv": [24, 18], "uv_size": [0.25, 0.25]},
								"up": {"uv": [19, 24], "uv_size": [0.25, 0.25]},
								"down": {"uv": [24, 19.25], "uv_size": [0.25, -0.25]}
							}
						},
						{
							"origin": [-0.3253, 8.06471, 5.00306],
							"size": [0.6506, 0.56959, 0.4881],
							"inflate": 0.001,
							"pivot": [0, 8.06501, 5.49086],
							"rotation": [-22.25, 0, 0],
							"uv": {
								"north": {"uv": [16, 3], "uv_size": [0.5, 0.5]},
								"east": {"uv": [4, 16], "uv_size": [0.5, 0.5]},
								"south": {"uv": [5, 16], "uv_size": [0.5, 0.5]},
								"west": {"uv": [16, 5], "uv_size": [0.5, 0.5]},
								"up": {"uv": [6, 16], "uv_size": [0.5, 0.5]},
								"down": {"uv": [16, 6.5], "uv_size": [0.5, -0.5]}
							}
						},
						{
							"origin": [-0.31837, 8.10383, 4.48726],
							"size": [0.63674, 0.4881, 1.21935],
							"inflate": 0.001,
							"pivot": [-0.00693, 8.59163, 5.70631],
							"rotation": [-44.75, 0, 0],
							"uv": {
								"north": {"uv": [7, 16], "uv_size": [0.5, 0.5]},
								"east": {"uv": [11, 9], "uv_size": [1, 0.5]},
								"south": {"uv": [16, 7], "uv_size": [0.5, 0.5]},
								"west": {"uv": [1, 12], "uv_size": [1, 0.5]},
								"up": {"uv": [2, 12], "uv_size": [0.5, 1]},
								"down": {"uv": [3, 13], "uv_size": [0.5, -1]}
							}
						},
						{
							"origin": [-0.3253, 8.96186, 1.26547],
							"size": [0.6506, 0.4881, 3.5756],
							"inflate": 0.001,
							"pivot": [0, 9.44966, 4.84077],
							"rotation": [-2.33692, 0, 0],
							"uv": {
								"north": {"uv": [8, 16], "uv_size": [0.5, 0.5]},
								"east": {"uv": [3, 2], "uv_size": [2.75, 0.5]},
								"south": {"uv": [16, 8], "uv_size": [0.5, 0.5]},
								"west": {"uv": [3, 3], "uv_size": [2.75, 0.5]},
								"up": {"uv": [0, 4], "uv_size": [0.5, 2.75]},
								"down": {"uv": [1, 6.75], "uv_size": [0.5, -2.75]}
							}
						},
						{
							"origin": [-0.1625, 9.44966, 1.26577],
							"size": [0.325, 0.1625, 3.575],
							"pivot": [0, 9.44966, 4.84077],
							"rotation": [-2.33692, 0, 0],
							"uv": {
								"north": {"uv": [25, 3], "uv_size": [0.25, 0.25]},
								"east": {"uv": [8, 2], "uv_size": [2.75, 0.25]},
								"south": {"uv": [4, 25], "uv_size": [0.25, 0.25]},
								"west": {"uv": [8, 3], "uv_size": [2.75, 0.25]},
								"up": {"uv": [8, 6], "uv_size": [0.25, 2.75]},
								"down": {"uv": [1, 11.75], "uv_size": [0.25, -2.75]}
							}
						},
						{
							"origin": [-0.1625, 9.60938, 0.99532],
							"size": [0.325, 0.1625, 0.34531],
							"pivot": [0, 8.61407, 0.99532],
							"rotation": [-3.25, 0, 0],
							"uv": {
								"north": {"uv": [25, 0], "uv_size": [0.25, 0.25]},
								"east": {"uv": [1, 25], "uv_size": [0.25, 0.25]},
								"south": {"uv": [25, 1], "uv_size": [0.25, 0.25]},
								"west": {"uv": [2, 25], "uv_size": [0.25, 0.25]},
								"up": {"uv": [25, 2], "uv_size": [0.25, 0.25]},
								"down": {"uv": [3, 25.25], "uv_size": [0.25, -0.25]}
							}
						},
						{
							"origin": [-0.1625, 9.60938, 0.74649],
							"size": [0.325, 0.1625, 0.24883],
							"pivot": [0, 8.61407, 0.99532],
							"rotation": [-3.25, 0, 0],
							"uv": {
								"north": {"uv": [22, 24], "uv_size": [0.25, 0.25]},
								"east": {"uv": [24, 22], "uv_size": [0.25, 0.25]},
								"south": {"uv": [23, 24], "uv_size": [0.25, 0.25]},
								"west": {"uv": [24, 23], "uv_size": [0.25, 0.25]},
								"up": {"uv": [24, 24], "uv_size": [0.25, 0.25]},
								"down": {"uv": [0, 25.25], "uv_size": [0.25, -0.25]}
							}
						},
						{
							"origin": [0.1625, 9.5224, 1.27388],
							"size": [0.22981, 0.16251, 3.575],
							"pivot": [0.1625, 9.68491, 3.06138],
							"rotation": [-1.65291, 1.65222, 44.97616],
							"uv": {
								"north": {"uv": [25, 10], "uv_size": [0.25, 0.25]},
								"east": {"uv": [9, 4], "uv_size": [2.75, 0.25]},
								"south": {"uv": [11, 25], "uv_size": [0.25, 0.25]},
								"west": {"uv": [9, 5], "uv_size": [2.75, 0.25]},
								"up": {"uv": [2, 9], "uv_size": [0.25, 2.75]},
								"down": {"uv": [3, 11.75], "uv_size": [0.25, -2.75]}
							}
						},
						{
							"origin": [0.1625, 9.59773, 1.06067],
							"size": [0.22981, 0.1625, 0.26407],
							"pivot": [0.1625, 9.76023, 1.23334],
							"rotation": [-2.29933, 2.29748, 44.95389],
							"uv": {
								"north": {"uv": [25, 7], "uv_size": [0.25, 0.25]},
								"east": {"uv": [8, 25], "uv_size": [0.25, 0.25]},
								"south": {"uv": [25, 8], "uv_size": [0.25, 0.25]},
								"west": {"uv": [9, 25], "uv_size": [0.25, 0.25]},
								"up": {"uv": [25, 9], "uv_size": [0.25, 0.25]},
								"down": {"uv": [10, 25.25], "uv_size": [0.25, -0.25]}
							}
						},
						{
							"origin": [0.1625, 9.61456, 0.81232],
							"size": [0.22981, 0.1625, 0.24883],
							"pivot": [0.1625, 9.77706, 0.93674],
							"rotation": [-2.29933, 2.29748, 44.95389],
							"uv": {
								"north": {"uv": [25, 4], "uv_size": [0.25, 0.25]},
								"east": {"uv": [5, 25], "uv_size": [0.25, 0.25]},
								"south": {"uv": [25, 5], "uv_size": [0.25, 0.25]},
								"west": {"uv": [6, 25], "uv_size": [0.25, 0.25]},
								"up": {"uv": [25, 6], "uv_size": [0.25, 0.25]},
								"down": {"uv": [7, 25.25], "uv_size": [0.25, -0.25]}
							}
						},
						{
							"origin": [-0.39231, 9.59773, 1.06067],
							"size": [0.22981, 0.1625, 0.26407],
							"pivot": [-0.1625, 9.76023, 1.23334],
							"rotation": [-2.29933, -2.29748, -44.95389],
							"uv": {
								"north": {"uv": [25, 15], "uv_size": [0.25, 0.25]},
								"east": {"uv": [16, 25], "uv_size": [0.25, 0.25]},
								"south": {"uv": [25, 16], "uv_size": [0.25, 0.25]},
								"west": {"uv": [17, 25], "uv_size": [0.25, 0.25]},
								"up": {"uv": [25, 17], "uv_size": [0.25, 0.25]},
								"down": {"uv": [18, 25.25], "uv_size": [0.25, -0.25]}
							}
						},
						{
							"origin": [-0.39231, 9.61456, 0.81232],
							"size": [0.22981, 0.1625, 0.24883],
							"pivot": [-0.1625, 9.77706, 0.93674],
							"rotation": [-2.29933, -2.29748, -44.95389],
							"uv": {
								"north": {"uv": [25, 12], "uv_size": [0.25, 0.25]},
								"east": {"uv": [13, 25], "uv_size": [0.25, 0.25]},
								"south": {"uv": [25, 13], "uv_size": [0.25, 0.25]},
								"west": {"uv": [14, 25], "uv_size": [0.25, 0.25]},
								"up": {"uv": [25, 14], "uv_size": [0.25, 0.25]},
								"down": {"uv": [15, 25.25], "uv_size": [0.25, -0.25]}
							}
						},
						{
							"origin": [-0.39231, 9.5224, 1.27388],
							"size": [0.22981, 0.16251, 3.575],
							"pivot": [-0.1625, 9.68491, 3.06138],
							"rotation": [-1.65291, -1.65222, -44.97616],
							"uv": {
								"north": {"uv": [25, 11], "uv_size": [0.25, 0.25]},
								"east": {"uv": [6, 9], "uv_size": [2.75, 0.25]},
								"south": {"uv": [12, 25], "uv_size": [0.25, 0.25]},
								"west": {"uv": [9, 6], "uv_size": [2.75, 0.25]},
								"up": {"uv": [9, 7], "uv_size": [0.25, 2.75]},
								"down": {"uv": [0, 12.75], "uv_size": [0.25, -2.75]}
							}
						}
					]
				},
				{
					"name": "constraint",
					"parent": "bone",
					"pivot": [-0.01558, 8.125, 1.9375]
				},
				{
					"name": "lefthand",
					"parent": "bone",
					"pivot": [-6, 19, 0]
				},
				{
					"name": "lefthand_pos",
					"parent": "lefthand",
					"pivot": [0, 8, 0],
					"cubes": [
						{
							"origin": [-8, 8, -2],
							"size": [4, 12, 4],
							"uv": {
								"north": {"uv": [12, 0], "uv_size": [4, 12]},
								"east": {"uv": [4, 12], "uv_size": [4, 12]},
								"south": {"uv": [8, 12], "uv_size": [4, 12]},
								"west": {"uv": [12, 12], "uv_size": [4, 12]},
								"up": {"uv": [16, 8], "uv_size": [4, 4]},
								"down": {"uv": [16, 16], "uv_size": [4, -4]}
							}
						}
					]
				},
				{
					"name": "camera",
					"pivot": [3.0813, 14.0031, 11.5313]
				},
				{
					"name": "view",
					"pivot": [0, 0, 0]
				},
				{
					"name": "refit_view",
					"parent": "view",
					"pivot": [22.475, 5.55, 0.2],
					"rotation": [0, 90, 0]
				},
				{
					"name": "iron_view",
					"parent": "view",
					"pivot": [-0.15326, 9.42188, 6.93493],
					"rotation": [0, -1, 0]
				},
				{
					"name": "idle_view",
					"parent": "view",
					"pivot": [3.4563, 2.36563, -1.46875]
				},
				{
					"name": "positioning",
					"pivot": [-0.01558, 4.125, 4.9375]
				},
				{
					"name": "ground",
					"parent": "positioning",
					"pivot": [0, 0, 0]
				},
				{
					"name": "thirdperson_hand",
					"parent": "positioning",
					"pivot": [-0.01558, 6.125, -2.0625]
				},
				{
					"name": "fixed",
					"parent": "positioning",
					"pivot": [0.79692, 5.125, -1.0625],
					"rotation": [0, 90, 0]
				},
				{
					"name": "bone38",
					"pivot": [62, -11.35, -167.5]
				},
				{
					"name": "bone39",
					"parent": "bone38",
					"pivot": [-65, -11.35, -167.5]
				}
			]
		}
	]
}