{
	"format_version": "1.12.0",
	"minecraft:geometry": [
		{
			"description": {
				"identifier": "geometry.unknown",
				"texture_width": 64,
				"texture_height": 64,
				"visible_bounds_width": 4,
				"visible_bounds_height": 4,
				"visible_bounds_offset": [0, 0, 0]
			},
			"bones": [
				{
					"name": "root",
					"pivot": [0, 9.6875, 4.3375]
				},
				{
					"name": "bone",
					"parent": "root",
					"pivot": [0, 9.6875, 4.3375]
				},
				{
					"name": "knife_and_right",
					"parent": "bone",
					"pivot": [6, 19, 0]
				},
				{
					"name": "righthand",
					"parent": "knife_and_right",
					"pivot": [6, 19, 0]
				},
				{
					"name": "righthand_pos",
					"parent": "righthand",
					"pivot": [0, 8, 0],
					"cubes": [
						{
							"origin": [4, 8, -2],
							"size": [3, 12, 4],
							"uv": {
								"north": {"uv": [0, 0], "uv_size": [4, 12]},
								"east": {"uv": [4, 0], "uv_size": [4, 12]},
								"south": {"uv": [8, 0], "uv_size": [4, 12]},
								"west": {"uv": [0, 12], "uv_size": [4, 12]},
								"up": {"uv": [16, 0], "uv_size": [4, 4]},
								"down": {"uv": [16, 8], "uv_size": [4, -4]}
							}
						}
					]
				},
				{
					"name": "tactical",
					"parent": "knife_and_right",
					"pivot": [0, 10, -1]
				},
				{
					"name": "weapon2",
					"parent": "tactical",
					"pivot": [0, 10, -1],
					"cubes": [
						{
							"origin": [-0.36592, 10.53368, -1.25522],
							"size": [0.73184, 0.55687, 0.37125],
							"pivot": [0.00533, 11.06734, -1.23203],
							"rotation": [-23.75, 0, 0],
							"uv": {
								"north": {"uv": [24, 28], "uv_size": [0.5, 0.5]},
								"east": {"uv": [28, 24], "uv_size": [0.5, 0.5]},
								"south": {"uv": [25, 28], "uv_size": [0.5, 0.5]},
								"west": {"uv": [28, 25], "uv_size": [0.5, 0.5]},
								"up": {"uv": [26, 28], "uv_size": [0.5, 0.5]},
								"down": {"uv": [28, 26.5], "uv_size": [0.5, -0.5]}
							}
						},
						{
							"origin": [-0.37125, 10.03134, -1.4682],
							"size": [0.7425, 0.55687, 0.37125],
							"pivot": [0, 10.58821, -1.4682],
							"rotation": [-14.75, 0, 0],
							"uv": {
								"north": {"uv": [27, 28], "uv_size": [0.5, 0.5]},
								"east": {"uv": [28, 27], "uv_size": [0.5, 0.5]},
								"south": {"uv": [28, 28], "uv_size": [0.5, 0.5]},
								"west": {"uv": [0, 29], "uv_size": [0.5, 0.5]},
								"up": {"uv": [29, 0], "uv_size": [0.5, 0.5]},
								"down": {"uv": [1, 29.5], "uv_size": [0.5, -0.5]}
							}
						},
						{
							"origin": [-0.37125, 9.49281, -1.60998],
							"size": [0.7425, 0.55688, 0.37125],
							"pivot": [0, 10.04969, -1.60998],
							"rotation": [-5, 0, 0],
							"uv": {
								"north": {"uv": [29, 1], "uv_size": [0.5, 0.5]},
								"east": {"uv": [2, 29], "uv_size": [0.5, 0.5]},
								"south": {"uv": [29, 2], "uv_size": [0.5, 0.5]},
								"west": {"uv": [3, 29], "uv_size": [0.5, 0.5]},
								"up": {"uv": [29, 3], "uv_size": [0.5, 0.5]},
								"down": {"uv": [4, 29.5], "uv_size": [0.5, -0.5]}
							}
						},
						{
							"origin": [-0.37658, 8.93806, -1.65853],
							"size": [0.75316, 0.55688, 0.37125],
							"pivot": [-0.00533, 9.49494, -1.65853],
							"rotation": [5, 0, 0],
							"uv": {
								"north": {"uv": [29, 4], "uv_size": [0.5, 0.5]},
								"east": {"uv": [5, 29], "uv_size": [0.5, 0.5]},
								"south": {"uv": [29, 5], "uv_size": [0.5, 0.5]},
								"west": {"uv": [6, 29], "uv_size": [0.5, 0.5]},
								"up": {"uv": [29, 6], "uv_size": [0.5, 0.5]},
								"down": {"uv": [7, 29.5], "uv_size": [0.5, -0.5]}
							}
						},
						{
							"origin": [-0.37125, 10.72667, -1.24392],
							"size": [0.7425, 0.37125, 0.7425],
							"pivot": [0, 11.09792, -1.24392],
							"rotation": [-11.25, 0, 0],
							"uv": {
								"north": {"uv": [29, 7], "uv_size": [0.5, 0.5]},
								"east": {"uv": [8, 29], "uv_size": [0.5, 0.5]},
								"south": {"uv": [29, 8], "uv_size": [0.5, 0.5]},
								"west": {"uv": [9, 29], "uv_size": [0.5, 0.5]},
								"up": {"uv": [29, 9], "uv_size": [0.5, 0.5]},
								"down": {"uv": [10, 29.5], "uv_size": [0.5, -0.5]}
							}
						},
						{
							"origin": [-0.37125, 10.58895, -0.58812],
							"size": [0.7425, 0.37125, 0.7425],
							"pivot": [0, 10.58895, -0.58812],
							"rotation": [-3, 0, 0],
							"uv": {
								"north": {"uv": [29, 10], "uv_size": [0.5, 0.5]},
								"east": {"uv": [11, 29], "uv_size": [0.5, 0.5]},
								"south": {"uv": [29, 11], "uv_size": [0.5, 0.5]},
								"west": {"uv": [12, 29], "uv_size": [0.5, 0.5]},
								"up": {"uv": [29, 12], "uv_size": [0.5, 0.5]},
								"down": {"uv": [13, 29.5], "uv_size": [0.5, -0.5]}
							}
						},
						{
							"origin": [-0.37125, 10.5501, 0.15337],
							"size": [0.7425, 0.37125, 0.7425],
							"pivot": [0, 10.5501, 0.15337],
							"rotation": [4.5, 0, 0],
							"uv": {
								"north": {"uv": [29, 13], "uv_size": [0.5, 0.5]},
								"east": {"uv": [14, 29], "uv_size": [0.5, 0.5]},
								"south": {"uv": [29, 14], "uv_size": [0.5, 0.5]},
								"west": {"uv": [15, 29], "uv_size": [0.5, 0.5]},
								"up": {"uv": [29, 15], "uv_size": [0.5, 0.5]},
								"down": {"uv": [16, 29.5], "uv_size": [0.5, -0.5]}
							}
						},
						{
							"origin": [-0.37125, 10.60834, 0.89357],
							"size": [0.7425, 0.37125, 0.7425],
							"pivot": [0, 10.60834, 0.89357],
							"rotation": [12, 0, 0],
							"uv": {
								"north": {"uv": [29, 16], "uv_size": [0.5, 0.5]},
								"east": {"uv": [17, 29], "uv_size": [0.5, 0.5]},
								"south": {"uv": [29, 17], "uv_size": [0.5, 0.5]},
								"west": {"uv": [18, 29], "uv_size": [0.5, 0.5]},
								"up": {"uv": [29, 18], "uv_size": [0.5, 0.5]},
								"down": {"uv": [19, 29.5], "uv_size": [0.5, -0.5]}
							}
						},
						{
							"origin": [-0.37125, 10.75462, 1.54266],
							"size": [0.7425, 0.37125, 0.7425],
							"pivot": [0, 11.12587, 1.54266],
							"rotation": [7, 0, 0],
							"uv": {
								"north": {"uv": [29, 19], "uv_size": [0.5, 0.5]},
								"east": {"uv": [20, 29], "uv_size": [0.5, 0.5]},
								"south": {"uv": [29, 20], "uv_size": [0.5, 0.5]},
								"west": {"uv": [21, 29], "uv_size": [0.5, 0.5]},
								"up": {"uv": [29, 21], "uv_size": [0.5, 0.5]},
								"down": {"uv": [22, 29.5], "uv_size": [0.5, -0.5]}
							}
						},
						{
							"origin": [-0.37125, 10.8451, 2.27963],
							"size": [0.7425, 0.37125, 0.55686],
							"pivot": [0, 11.21635, 2.27963],
							"rotation": [-5.5, 0, 0],
							"uv": {
								"north": {"uv": [29, 22], "uv_size": [0.5, 0.5]},
								"east": {"uv": [23, 29], "uv_size": [0.5, 0.5]},
								"south": {"uv": [29, 23], "uv_size": [0.5, 0.5]},
								"west": {"uv": [24, 29], "uv_size": [0.5, 0.5]},
								"up": {"uv": [29, 24], "uv_size": [0.5, 0.5]},
								"down": {"uv": [25, 29.5], "uv_size": [0.5, -0.5]}
							}
						},
						{
							"origin": [-0.37125, 10.79173, 2.83394],
							"size": [0.7425, 0.37125, 0.7425],
							"pivot": [0, 11.16298, 2.83394],
							"rotation": [-13, 0, 0],
							"uv": {
								"north": {"uv": [29, 25], "uv_size": [0.5, 0.5]},
								"east": {"uv": [26, 29], "uv_size": [0.5, 0.5]},
								"south": {"uv": [29, 26], "uv_size": [0.5, 0.5]},
								"west": {"uv": [27, 29], "uv_size": [0.5, 0.5]},
								"up": {"uv": [29, 27], "uv_size": [0.5, 0.5]},
								"down": {"uv": [28, 29.5], "uv_size": [0.5, -0.5]}
							}
						},
						{
							"origin": [-0.37125, 10.62469, 3.55741],
							"size": [0.7425, 0.37125, 1.485],
							"pivot": [0, 10.99594, 3.55741],
							"rotation": [-18, 0, 0],
							"uv": {
								"north": {"uv": [29, 28], "uv_size": [0.5, 0.5]},
								"east": {"uv": [2, 20], "uv_size": [1.5, 0.5]},
								"south": {"uv": [29, 29], "uv_size": [0.5, 0.5]},
								"west": {"uv": [20, 2], "uv_size": [1.5, 0.5]},
								"up": {"uv": [20, 3], "uv_size": [0.5, 1.5]},
								"down": {"uv": [4, 21.5], "uv_size": [0.5, -1.5]}
							}
						},
						{
							"origin": [-0.37125, 10.18397, 4.855],
							"size": [0.7425, 0.37126, 0.83531],
							"pivot": [0, 10.18397, 4.855],
							"rotation": [-8, 0, 0],
							"uv": {
								"north": {"uv": [0, 30], "uv_size": [0.5, 0.5]},
								"east": {"uv": [23, 11], "uv_size": [1, 0.5]},
								"south": {"uv": [30, 0], "uv_size": [0.5, 0.5]},
								"west": {"uv": [12, 23], "uv_size": [1, 0.5]},
								"up": {"uv": [23, 12], "uv_size": [0.5, 1]},
								"down": {"uv": [13, 24], "uv_size": [0.5, -1]}
							}
						},
						{
							"origin": [-0.37125, 9.32523, 5.31094],
							"size": [0.7425, 0.92812, 0.37125],
							"pivot": [0, 10.06773, 5.68219],
							"rotation": [14.5, 0, 0],
							"uv": {
								"north": {"uv": [23, 13], "uv_size": [0.5, 1]},
								"east": {"uv": [14, 23], "uv_size": [0.5, 1]},
								"south": {"uv": [23, 14], "uv_size": [0.5, 1]},
								"west": {"uv": [15, 23], "uv_size": [0.5, 1]},
								"up": {"uv": [1, 30], "uv_size": [0.5, 0.5]},
								"down": {"uv": [30, 1.5], "uv_size": [0.5, -0.5]}
							}
						},
						{
							"origin": [-0.37125, 8.97763, 5.49684],
							"size": [0.7425, 0.37125, 0.37125],
							"pivot": [0, 9.34888, 5.86809],
							"rotation": [-8, 0, 0],
							"uv": {
								"north": {"uv": [2, 30], "uv_size": [0.5, 0.5]},
								"east": {"uv": [30, 2], "uv_size": [0.5, 0.5]},
								"south": {"uv": [3, 30], "uv_size": [0.5, 0.5]},
								"west": {"uv": [30, 3], "uv_size": [0.5, 0.5]},
								"up": {"uv": [4, 30], "uv_size": [0.5, 0.5]},
								"down": {"uv": [30, 4.5], "uv_size": [0.5, -0.5]}
							}
						},
						{
							"origin": [-0.36592, 8.05475, 4.84519],
							"size": [0.73184, 0.9265, 0.97125],
							"pivot": [0.00533, 8.98125, 5.81644],
							"rotation": [-40.5, 0, 0],
							"uv": {
								"north": {"uv": [5, 30], "uv_size": [0.5, 0.5]},
								"east": {"uv": [30, 5], "uv_size": [0.5, 0.5]},
								"south": {"uv": [6, 30], "uv_size": [0.5, 0.5]},
								"west": {"uv": [30, 6], "uv_size": [0.5, 0.5]},
								"up": {"uv": [7, 30], "uv_size": [0.5, 0.5]},
								"down": {"uv": [30, 7.5], "uv_size": [0.5, -0.5]}
							}
						},
						{
							"origin": [-0.37125, 8.74597, 0.9507],
							"size": [0.7425, 0.37125, 4.44114],
							"pivot": [0, 8.74597, 5.12726],
							"rotation": [-7, 0, 0],
							"uv": {
								"north": {"uv": [8, 30], "uv_size": [0.5, 0.5]},
								"east": {"uv": [13, 10], "uv_size": [4.5, 0.5]},
								"south": {"uv": [30, 8], "uv_size": [0.5, 0.5]},
								"west": {"uv": [13, 11], "uv_size": [4.5, 0.5]},
								"up": {"uv": [0, 13], "uv_size": [0.5, 4.5]},
								"down": {"uv": [1, 17.5], "uv_size": [0.5, -4.5]}
							}
						},
						{
							"origin": [-0.37125, 9.2522, -1.38606],
							"size": [0.7425, 0.37125, 2.41313],
							"pivot": [0, 9.62345, 1.02707],
							"rotation": [6.75, 0, 0],
							"uv": {
								"north": {"uv": [9, 30], "uv_size": [0.5, 0.5]},
								"east": {"uv": [17, 4], "uv_size": [2.5, 0.5]},
								"south": {"uv": [30, 9], "uv_size": [0.5, 0.5]},
								"west": {"uv": [17, 5], "uv_size": [2.5, 0.5]},
								"up": {"uv": [8, 17], "uv_size": [0.5, 2.5]},
								"down": {"uv": [9, 19.5], "uv_size": [0.5, -2.5]}
							}
						},
						{
							"origin": [-0.37077, 9.3455, -1.29275],
							"size": [0.74153, 1.57684, 4.54683],
							"inflate": -0.001,
							"uv": {
								"north": {"uv": [5, 20], "uv_size": [0.5, 1.5]},
								"east": {"uv": [0, 0], "uv_size": [4.5, 1.5]},
								"south": {"uv": [20, 5], "uv_size": [0.5, 1.5]},
								"west": {"uv": [0, 2], "uv_size": [4.5, 1.5]},
								"up": {"uv": [2, 13], "uv_size": [0.5, 4.5]},
								"down": {"uv": [3, 17.5], "uv_size": [0.5, -4.5]}
							}
						},
						{
							"origin": [-0.37077, 9.06706, 3.25505],
							"size": [0.74153, 1.2984, 2.31935],
							"inflate": -0.001,
							"uv": {
								"north": {"uv": [6, 20], "uv_size": [0.5, 1.5]},
								"east": {"uv": [0, 6], "uv_size": [2.5, 1.5]},
								"south": {"uv": [7, 20], "uv_size": [0.5, 1.5]},
								"west": {"uv": [3, 6], "uv_size": [2.5, 1.5]},
								"up": {"uv": [10, 17], "uv_size": [0.5, 2.5]},
								"down": {"uv": [11, 19.5], "uv_size": [0.5, -2.5]}
							}
						},
						{
							"origin": [-0.37077, 10.36643, 3.25505],
							"size": [0.74153, 0.37028, 1.01998],
							"inflate": -0.001,
							"uv": {
								"north": {"uv": [10, 30], "uv_size": [0.5, 0.5]},
								"east": {"uv": [23, 15], "uv_size": [1, 0.5]},
								"south": {"uv": [30, 10], "uv_size": [0.5, 0.5]},
								"west": {"uv": [16, 23], "uv_size": [1, 0.5]},
								"up": {"uv": [23, 16], "uv_size": [0.5, 1]},
								"down": {"uv": [17, 24], "uv_size": [0.5, -1]}
							}
						},
						{
							"origin": [-0.37125, 8.43303, 0.28385],
							"size": [0.7425, 0.7425, 0.27845],
							"pivot": [0, 8.80428, 0.42308],
							"rotation": [6.75, 0, 0],
							"uv": {
								"north": {"uv": [11, 30], "uv_size": [0.5, 0.5]},
								"east": {"uv": [30, 11], "uv_size": [0.5, 0.5]},
								"south": {"uv": [12, 30], "uv_size": [0.5, 0.5]},
								"west": {"uv": [30, 12], "uv_size": [0.5, 0.5]},
								"up": {"uv": [13, 30], "uv_size": [0.5, 0.5]},
								"down": {"uv": [30, 13.5], "uv_size": [0.5, -0.5]}
							}
						},
						{
							"origin": [-0.37125, 8.41923, 0.32845],
							"size": [0.7425, 0.55688, 0.27844],
							"pivot": [0, 8.41923, 0.32845],
							"rotation": [26.75, 0, 0],
							"uv": {
								"north": {"uv": [14, 30], "uv_size": [0.5, 0.5]},
								"east": {"uv": [30, 14], "uv_size": [0.5, 0.5]},
								"south": {"uv": [15, 30], "uv_size": [0.5, 0.5]},
								"west": {"uv": [30, 15], "uv_size": [0.5, 0.5]},
								"up": {"uv": [16, 30], "uv_size": [0.5, 0.5]},
								"down": {"uv": [30, 16.5], "uv_size": [0.5, -0.5]}
							}
						},
						{
							"origin": [-0.37125, 8.8237, 0.07781],
							"size": [0.7425, 0.46406, 0.37125],
							"pivot": [0, 8.91651, 0.07781],
							"rotation": [46.75, 0, 0],
							"uv": {
								"north": {"uv": [17, 30], "uv_size": [0.5, 0.5]},
								"east": {"uv": [30, 17], "uv_size": [0.5, 0.5]},
								"south": {"uv": [18, 30], "uv_size": [0.5, 0.5]},
								"west": {"uv": [30, 18], "uv_size": [0.5, 0.5]},
								"up": {"uv": [19, 30], "uv_size": [0.5, 0.5]},
								"down": {"uv": [30, 19.5], "uv_size": [0.5, -0.5]}
							}
						},
						{
							"origin": [-0.37125, 8.45196, 0.32652],
							"size": [0.7425, 0.46407, 0.27844],
							"pivot": [0, 8.45196, 0.60496],
							"rotation": [-10.75, 0, 0],
							"uv": {
								"north": {"uv": [20, 30], "uv_size": [0.5, 0.5]},
								"east": {"uv": [30, 20], "uv_size": [0.5, 0.5]},
								"south": {"uv": [21, 30], "uv_size": [0.5, 0.5]},
								"west": {"uv": [30, 21], "uv_size": [0.5, 0.5]},
								"up": {"uv": [22, 30], "uv_size": [0.5, 0.5]},
								"down": {"uv": [30, 22.5], "uv_size": [0.5, -0.5]}
							}
						},
						{
							"origin": [-0.37125, 8.81507, 0.36667],
							"size": [0.7425, 0.55687, 0.32484],
							"pivot": [0, 8.90789, 0.69151],
							"rotation": [-38.25, 0, 0],
							"uv": {
								"north": {"uv": [23, 30], "uv_size": [0.5, 0.5]},
								"east": {"uv": [30, 23], "uv_size": [0.5, 0.5]},
								"south": {"uv": [24, 30], "uv_size": [0.5, 0.5]},
								"west": {"uv": [30, 24], "uv_size": [0.5, 0.5]},
								"up": {"uv": [25, 30], "uv_size": [0.5, 0.5]},
								"down": {"uv": [30, 25.5], "uv_size": [0.5, -0.5]}
							}
						},
						{
							"origin": [-0.37125, 8.97253, -1.50266],
							"size": [0.7425, 0.26252, 0.35532],
							"pivot": [0, 8.97253, -1.24015],
							"rotation": [50, 0, 0],
							"uv": {
								"north": {"uv": [26, 30], "uv_size": [0.5, 0.5]},
								"east": {"uv": [30, 26], "uv_size": [0.5, 0.5]},
								"south": {"uv": [27, 30], "uv_size": [0.5, 0.5]},
								"west": {"uv": [30, 27], "uv_size": [0.5, 0.5]},
								"up": {"uv": [28, 30], "uv_size": [0.5, 0.5]},
								"down": {"uv": [30, 28.5], "uv_size": [0.5, -0.5]}
							}
						},
						{
							"origin": [-0.18563, 10.99594, 3.55741],
							"size": [0.37126, 0.18563, 1.485],
							"pivot": [-0.18563, 10.99594, 3.55741],
							"rotation": [-18, 0, 0],
							"uv": {
								"north": {"uv": [29, 30], "uv_size": [0.5, 0.5]},
								"east": {"uv": [20, 7], "uv_size": [1.5, 0.5]},
								"south": {"uv": [30, 29], "uv_size": [0.5, 0.5]},
								"west": {"uv": [8, 20], "uv_size": [1.5, 0.5]},
								"up": {"uv": [10, 20], "uv_size": [0.5, 1.5]},
								"down": {"uv": [20, 11.5], "uv_size": [0.5, -1.5]}
							}
						},
						{
							"origin": [-0.18563, 11.16298, 2.83394],
							"size": [0.37126, 0.18562, 0.7657],
							"pivot": [-0.18563, 11.16298, 2.83394],
							"rotation": [-13, 0, 0],
							"uv": {
								"north": {"uv": [30, 30], "uv_size": [0.5, 0.5]},
								"east": {"uv": [23, 17], "uv_size": [1, 0.5]},
								"south": {"uv": [0, 31], "uv_size": [0.5, 0.5]},
								"west": {"uv": [18, 23], "uv_size": [1, 0.5]},
								"up": {"uv": [23, 18], "uv_size": [0.5, 1]},
								"down": {"uv": [19, 24], "uv_size": [0.5, -1]}
							}
						},
						{
							"origin": [-0.18563, 11.21635, 2.25643],
							"size": [0.37126, 0.18562, 0.60328],
							"pivot": [-0.18563, 11.21635, 2.27963],
							"rotation": [-5.5, 0, 0],
							"uv": {
								"north": {"uv": [31, 0], "uv_size": [0.5, 0.5]},
								"east": {"uv": [1, 31], "uv_size": [0.5, 0.5]},
								"south": {"uv": [31, 1], "uv_size": [0.5, 0.5]},
								"west": {"uv": [2, 31], "uv_size": [0.5, 0.5]},
								"up": {"uv": [31, 2], "uv_size": [0.5, 0.5]},
								"down": {"uv": [3, 31.5], "uv_size": [0.5, -0.5]}
							}
						},
						{
							"origin": [-0.18563, 11.12587, 1.54266],
							"size": [0.37126, 0.18563, 0.76571],
							"pivot": [-0.18563, 11.12587, 1.54266],
							"rotation": [7, 0, 0],
							"uv": {
								"north": {"uv": [31, 3], "uv_size": [0.5, 0.5]},
								"east": {"uv": [23, 19], "uv_size": [1, 0.5]},
								"south": {"uv": [4, 31], "uv_size": [0.5, 0.5]},
								"west": {"uv": [20, 23], "uv_size": [1, 0.5]},
								"up": {"uv": [23, 20], "uv_size": [0.5, 1]},
								"down": {"uv": [21, 24], "uv_size": [0.5, -1]}
							}
						},
						{
							"origin": [-0.18563, 10.97959, 0.89357],
							"size": [0.37126, 0.18563, 0.76571],
							"pivot": [-0.18563, 10.60834, 0.89357],
							"rotation": [12, 0, 0],
							"uv": {
								"north": {"uv": [31, 4], "uv_size": [0.5, 0.5]},
								"east": {"uv": [23, 21], "uv_size": [1, 0.5]},
								"south": {"uv": [5, 31], "uv_size": [0.5, 0.5]},
								"west": {"uv": [22, 23], "uv_size": [1, 0.5]},
								"up": {"uv": [23, 22], "uv_size": [0.5, 1]},
								"down": {"uv": [23, 24], "uv_size": [0.5, -1]}
							}
						},
						{
							"origin": [-0.18563, 10.9602, -0.58812],
							"size": [0.37126, 0.18563, 0.7425],
							"pivot": [-0.18563, 10.58895, -0.58812],
							"rotation": [-3, 0, 0],
							"uv": {
								"north": {"uv": [31, 5], "uv_size": [0.5, 0.5]},
								"east": {"uv": [6, 31], "uv_size": [0.5, 0.5]},
								"south": {"uv": [31, 6], "uv_size": [0.5, 0.5]},
								"west": {"uv": [7, 31], "uv_size": [0.5, 0.5]},
								"up": {"uv": [31, 7], "uv_size": [0.5, 0.5]},
								"down": {"uv": [8, 31.5], "uv_size": [0.5, -0.5]}
							}
						},
						{
							"origin": [-0.18563, 10.92135, 0.15337],
							"size": [0.37126, 0.18562, 0.7425],
							"pivot": [-0.18563, 10.5501, 0.15337],
							"rotation": [4.5, 0, 0],
							"uv": {
								"north": {"uv": [31, 8], "uv_size": [0.5, 0.5]},
								"east": {"uv": [9, 31], "uv_size": [0.5, 0.5]},
								"south": {"uv": [31, 9], "uv_size": [0.5, 0.5]},
								"west": {"uv": [10, 31], "uv_size": [0.5, 0.5]},
								"up": {"uv": [31, 10], "uv_size": [0.5, 0.5]},
								"down": {"uv": [11, 31.5], "uv_size": [0.5, -0.5]}
							}
						},
						{
							"origin": [-0.18563, 11.09792, -0.87267],
							"size": [0.37126, 0.18563, 0.37125],
							"pivot": [-0.18563, 11.09792, -1.24392],
							"rotation": [-11.25, 0, 0],
							"uv": {
								"north": {"uv": [31, 11], "uv_size": [0.5, 0.5]},
								"east": {"uv": [12, 31], "uv_size": [0.5, 0.5]},
								"south": {"uv": [31, 12], "uv_size": [0.5, 0.5]},
								"west": {"uv": [13, 31], "uv_size": [0.5, 0.5]},
								"up": {"uv": [31, 13], "uv_size": [0.5, 0.5]},
								"down": {"uv": [14, 31.5], "uv_size": [0.5, -0.5]}
							}
						},
						{
							"origin": [-0.18563, 10.47231, 5.11271],
							"size": [0.37126, 0.18562, 0.37125],
							"pivot": [0, 10.65793, 5.48396],
							"rotation": [60.75, 0, 0],
							"uv": {
								"north": {"uv": [31, 14], "uv_size": [0.5, 0.5]},
								"east": {"uv": [15, 31], "uv_size": [0.5, 0.5]},
								"south": {"uv": [31, 15], "uv_size": [0.5, 0.5]},
								"west": {"uv": [16, 31], "uv_size": [0.5, 0.5]},
								"up": {"uv": [31, 16], "uv_size": [0.5, 0.5]},
								"down": {"uv": [17, 31.5], "uv_size": [0.5, -0.5]}
							}
						},
						{
							"origin": [-0.18563, 10.55523, 4.855],
							"size": [0.37126, 0.18562, 0.55688],
							"pivot": [-0.18563, 10.18397, 4.855],
							"rotation": [-8, 0, 0],
							"uv": {
								"north": {"uv": [31, 17], "uv_size": [0.5, 0.5]},
								"east": {"uv": [18, 31], "uv_size": [0.5, 0.5]},
								"south": {"uv": [31, 18], "uv_size": [0.5, 0.5]},
								"west": {"uv": [19, 31], "uv_size": [0.5, 0.5]},
								"up": {"uv": [31, 19], "uv_size": [0.5, 0.5]},
								"down": {"uv": [20, 31.5], "uv_size": [0.5, -0.5]}
							}
						},
						{
							"origin": [-0.18563, 9.63911, 5.27468],
							"size": [0.37126, 0.92813, 0.37125],
							"pivot": [0, 10.56724, 5.64593],
							"rotation": [43.25, 0, 0],
							"uv": {
								"north": {"uv": [0, 24], "uv_size": [0.5, 1]},
								"east": {"uv": [24, 0], "uv_size": [0.5, 1]},
								"south": {"uv": [1, 24], "uv_size": [0.5, 1]},
								"west": {"uv": [24, 1], "uv_size": [0.5, 1]},
								"up": {"uv": [31, 20], "uv_size": [0.5, 0.5]},
								"down": {"uv": [21, 31.5], "uv_size": [0.5, -0.5]}
							}
						},
						{
							"origin": [-0.18563, 9.51996, 5.91061],
							"size": [0.37126, 0.37125, 0.37125],
							"pivot": [0, 9.89121, 6.28186],
							"rotation": [-1.75, 0, 0],
							"uv": {
								"north": {"uv": [31, 21], "uv_size": [0.5, 0.5]},
								"east": {"uv": [22, 31], "uv_size": [0.5, 0.5]},
								"south": {"uv": [31, 22], "uv_size": [0.5, 0.5]},
								"west": {"uv": [23, 31], "uv_size": [0.5, 0.5]},
								"up": {"uv": [31, 23], "uv_size": [0.5, 0.5]},
								"down": {"uv": [24, 31.5], "uv_size": [0.5, -0.5]}
							}
						},
						{
							"origin": [-0.18563, 8.77764, 5.89927],
							"size": [0.37126, 0.7425, 0.37125],
							"pivot": [0, 9.52014, 6.27052],
							"rotation": [-26.25, 0, 0],
							"uv": {
								"north": {"uv": [31, 24], "uv_size": [0.5, 0.5]},
								"east": {"uv": [25, 31], "uv_size": [0.5, 0.5]},
								"south": {"uv": [31, 25], "uv_size": [0.5, 0.5]},
								"west": {"uv": [26, 31], "uv_size": [0.5, 0.5]},
								"up": {"uv": [31, 26], "uv_size": [0.5, 0.5]},
								"down": {"uv": [27, 31.5], "uv_size": [0.5, -0.5]}
							}
						},
						{
							"origin": [-0.18563, 8.11171, 5.57087],
							"size": [0.37126, 0.7425, 0.37125],
							"pivot": [0, 8.85421, 5.94212],
							"rotation": [-56.5, 0, 0],
							"uv": {
								"north": {"uv": [31, 27], "uv_size": [0.5, 0.5]},
								"east": {"uv": [28, 31], "uv_size": [0.5, 0.5]},
								"south": {"uv": [31, 28], "uv_size": [0.5, 0.5]},
								"west": {"uv": [29, 31], "uv_size": [0.5, 0.5]},
								"up": {"uv": [31, 29], "uv_size": [0.5, 0.5]},
								"down": {"uv": [30, 31.5], "uv_size": [0.5, -0.5]}
							}
						},
						{
							"origin": [-0.18514, 9.42763, 5.53984],
							"size": [0.37028, 0.5559, 0.37028],
							"inflate": -0.001,
							"pivot": [0, 9.89121, 6.28186],
							"rotation": [-1.75, 0, 0],
							"uv": {
								"north": {"uv": [31, 30], "uv_size": [0.5, 0.5]},
								"east": {"uv": [31, 31], "uv_size": [0.5, 0.5]},
								"south": {"uv": [0, 32], "uv_size": [0.5, 0.5]},
								"west": {"uv": [32, 0], "uv_size": [0.5, 0.5]},
								"up": {"uv": [1, 32], "uv_size": [0.5, 0.5]},
								"down": {"uv": [32, 1.5], "uv_size": [0.5, -0.5]}
							}
						},
						{
							"origin": [-0.18563, 10.83631, -1.23804],
							"size": [0.37126, 0.37125, 0.39444],
							"pivot": [0, 11.20756, -0.8436],
							"rotation": [16.25, 0, 0],
							"uv": {
								"north": {"uv": [2, 32], "uv_size": [0.5, 0.5]},
								"east": {"uv": [32, 2], "uv_size": [0.5, 0.5]},
								"south": {"uv": [3, 32], "uv_size": [0.5, 0.5]},
								"west": {"uv": [32, 3], "uv_size": [0.5, 0.5]},
								"up": {"uv": [4, 32], "uv_size": [0.5, 0.5]},
								"down": {"uv": [32, 4.5], "uv_size": [0.5, -0.5]}
							}
						},
						{
							"origin": [-0.37125, 9.14197, 1.92486],
							"size": [0.7425, 0.24452, 0.38981],
							"pivot": [0, 9.14197, 1.94342],
							"rotation": [-38, 0, 0],
							"uv": {
								"north": {"uv": [5, 32], "uv_size": [0.5, 0.5]},
								"east": {"uv": [32, 5], "uv_size": [0.5, 0.5]},
								"south": {"uv": [6, 32], "uv_size": [0.5, 0.5]},
								"west": {"uv": [32, 6], "uv_size": [0.5, 0.5]},
								"up": {"uv": [7, 32], "uv_size": [0.5, 0.5]},
								"down": {"uv": [32, 7.5], "uv_size": [0.5, -0.5]}
							}
						},
						{
							"origin": [-0.37125, 8.99941, 3.26136],
							"size": [0.7425, 0.24452, 0.38981],
							"pivot": [0, 8.99941, 3.27992],
							"rotation": [-38, 0, 0],
							"uv": {
								"north": {"uv": [8, 32], "uv_size": [0.5, 0.5]},
								"east": {"uv": [32, 8], "uv_size": [0.5, 0.5]},
								"south": {"uv": [9, 32], "uv_size": [0.5, 0.5]},
								"west": {"uv": [32, 9], "uv_size": [0.5, 0.5]},
								"up": {"uv": [10, 32], "uv_size": [0.5, 0.5]},
								"down": {"uv": [32, 10.5], "uv_size": [0.5, -0.5]}
							}
						}
					]
				},
				{
					"name": "bone2",
					"parent": "weapon2",
					"pivot": [0.04641, 11.37642, -1.81231],
					"cubes": [
						{
							"origin": [-0.18563, 9.69709, -2.70137],
							"size": [0.37126, 0.37125, 0.71929],
							"pivot": [0.04641, 10.06834, -2.70137],
							"rotation": [-27.75, 0, 0],
							"uv": {
								"north": {"uv": [2, 24], "uv_size": [0.5, 0.5]},
								"east": {"uv": [24, 2], "uv_size": [0.5, 0.5]},
								"south": {"uv": [3, 24], "uv_size": [0.5, 0.5]},
								"west": {"uv": [24, 3], "uv_size": [0.5, 0.5]},
								"up": {"uv": [4, 24], "uv_size": [0.5, 0.5]},
								"down": {"uv": [24, 4.5], "uv_size": [0.5, -0.5]}
							}
						},
						{
							"origin": [-0.19096, 9.48049, -2.54382],
							"size": [0.38192, 0.37125, 2.01867],
							"pivot": [0.04108, 9.48049, -2.3814],
							"rotation": [-74, 0, 0],
							"uv": {
								"north": {"uv": [5, 24], "uv_size": [0.5, 0.5]},
								"east": {"uv": [17, 12], "uv_size": [2, 0.5]},
								"south": {"uv": [24, 5], "uv_size": [0.5, 0.5]},
								"west": {"uv": [17, 13], "uv_size": [2, 0.5]},
								"up": {"uv": [17, 14], "uv_size": [0.5, 2]},
								"down": {"uv": [15, 19], "uv_size": [0.5, -2]}
							}
						},
						{
							"origin": [-0.18563, 7.69616, -1.86975],
							"size": [0.37126, 0.37125, 0.37125],
							"pivot": [0.04641, 7.69616, -1.86975],
							"rotation": [-29, 0, 0],
							"uv": {
								"north": {"uv": [6, 24], "uv_size": [0.5, 0.5]},
								"east": {"uv": [24, 6], "uv_size": [0.5, 0.5]},
								"south": {"uv": [7, 24], "uv_size": [0.5, 0.5]},
								"west": {"uv": [24, 7], "uv_size": [0.5, 0.5]},
								"up": {"uv": [8, 24], "uv_size": [0.5, 0.5]},
								"down": {"uv": [24, 8.5], "uv_size": [0.5, -0.5]}
							}
						},
						{
							"origin": [-0.18563, 7.51616, -1.54504],
							"size": [0.37126, 0.37125, 0.34804],
							"pivot": [0.04641, 7.51616, -1.54504],
							"rotation": [8.5, 0, 0],
							"uv": {
								"north": {"uv": [9, 24], "uv_size": [0.5, 0.5]},
								"east": {"uv": [24, 9], "uv_size": [0.5, 0.5]},
								"south": {"uv": [10, 24], "uv_size": [0.5, 0.5]},
								"west": {"uv": [24, 10], "uv_size": [0.5, 0.5]},
								"up": {"uv": [11, 24], "uv_size": [0.5, 0.5]},
								"down": {"uv": [24, 11.5], "uv_size": [0.5, -0.5]}
							}
						},
						{
							"origin": [-0.18563, 7.51616, -1.197],
							"size": [0.37126, 0.16635, 0.20325],
							"pivot": [0.04641, 7.51616, -1.54504],
							"rotation": [8.5, 0, 0],
							"uv": {
								"north": {"uv": [12, 24], "uv_size": [0.5, 0.5]},
								"east": {"uv": [24, 12], "uv_size": [0.5, 0.5]},
								"south": {"uv": [13, 24], "uv_size": [0.5, 0.5]},
								"west": {"uv": [24, 13], "uv_size": [0.5, 0.5]},
								"up": {"uv": [14, 24], "uv_size": [0.5, 0.5]},
								"down": {"uv": [24, 14.5], "uv_size": [0.5, -0.5]}
							}
						},
						{
							"origin": [-0.18563, 8.83098, -8.1719],
							"size": [0.37126, 0.37124, 1.11375],
							"pivot": [0.04641, 8.83098, -7.05815],
							"rotation": [0.75, 0, 0],
							"uv": {
								"north": {"uv": [15, 24], "uv_size": [0.5, 0.5]},
								"east": {"uv": [20, 8], "uv_size": [1, 0.5]},
								"south": {"uv": [24, 15], "uv_size": [0.5, 0.5]},
								"west": {"uv": [11, 20], "uv_size": [1, 0.5]},
								"up": {"uv": [12, 20], "uv_size": [0.5, 1]},
								"down": {"uv": [13, 21], "uv_size": [0.5, -1]}
							}
						},
						{
							"origin": [-0.18563, 8.8164, -9.28555],
							"size": [0.37126, 0.37125, 1.11374],
							"pivot": [0.04641, 8.8164, -8.17181],
							"rotation": [-4, 0, 0],
							"uv": {
								"north": {"uv": [16, 24], "uv_size": [0.5, 0.5]},
								"east": {"uv": [20, 13], "uv_size": [1, 0.5]},
								"south": {"uv": [24, 16], "uv_size": [0.5, 0.5]},
								"west": {"uv": [14, 20], "uv_size": [1, 0.5]},
								"up": {"uv": [20, 14], "uv_size": [0.5, 1]},
								"down": {"uv": [17, 21], "uv_size": [0.5, -1]}
							}
						},
						{
							"origin": [-0.18563, 8.89409, -10.95346],
							"size": [0.37126, 0.37125, 1.67063],
							"pivot": [0.04641, 8.89409, -9.28283],
							"rotation": [-7.75, 0, 0],
							"uv": {
								"north": {"uv": [17, 24], "uv_size": [0.5, 0.5]},
								"east": {"uv": [19, 9], "uv_size": [1.5, 0.5]},
								"south": {"uv": [24, 17], "uv_size": [0.5, 0.5]},
								"west": {"uv": [19, 12], "uv_size": [1.5, 0.5]},
								"up": {"uv": [19, 13], "uv_size": [0.5, 1.5]},
								"down": {"uv": [15, 20.5], "uv_size": [0.5, -1.5]}
							}
						},
						{
							"origin": [-0.18563, 9.69837, -6.87038],
							"size": [0.37126, 0.37125, 4.19976],
							"pivot": [0.04641, 9.69837, -2.67062],
							"rotation": [4.75, 0, 0],
							"uv": {
								"north": {"uv": [18, 24], "uv_size": [0.5, 0.5]},
								"east": {"uv": [13, 12], "uv_size": [4, 0.5]},
								"south": {"uv": [24, 18], "uv_size": [0.5, 0.5]},
								"west": {"uv": [13, 13], "uv_size": [4, 0.5]},
								"up": {"uv": [13, 14], "uv_size": [0.5, 4]},
								"down": {"uv": [14, 18], "uv_size": [0.5, -4]}
							}
						},
						{
							"origin": [-0.18514, 9.64749, -7.0842],
							"size": [0.37028, 0.78794, 4.38442],
							"inflate": -0.001,
							"pivot": [0, 9.92545, -5.54168],
							"rotation": [4.75, 0, 0],
							"uv": {
								"north": {"uv": [20, 17], "uv_size": [0.5, 1]},
								"east": {"uv": [5, 2], "uv_size": [4.5, 1]},
								"south": {"uv": [18, 20], "uv_size": [0.5, 1]},
								"west": {"uv": [5, 3], "uv_size": [4.5, 1]},
								"up": {"uv": [0, 8], "uv_size": [0.5, 4.5]},
								"down": {"uv": [1, 12.5], "uv_size": [0.5, -4.5]}
							}
						},
						{
							"origin": [-0.18514, 9.32959, -9.8899],
							"size": [0.37028, 0.73459, 2.80473],
							"inflate": -0.001,
							"pivot": [0, 9.92545, -5.54168],
							"rotation": [4.75, 0, 0],
							"uv": {
								"north": {"uv": [20, 18], "uv_size": [0.5, 1]},
								"east": {"uv": [6, 6], "uv_size": [3, 1]},
								"south": {"uv": [19, 20], "uv_size": [0.5, 1]},
								"west": {"uv": [6, 7], "uv_size": [3, 1]},
								"up": {"uv": [12, 15], "uv_size": [0.5, 3]},
								"down": {"uv": [17, 3], "uv_size": [0.5, -3]}
							}
						},
						{
							"origin": [-0.18514, 8.62656, -2.32754],
							"size": [0.37028, 2.08732, 0.74153],
							"inflate": -0.001,
							"pivot": [0, 9.92545, -5.54168],
							"rotation": [4.75, 0, 0],
							"uv": {
								"north": {"uv": [16, 17], "uv_size": [0.5, 2]},
								"east": {"uv": [17, 16], "uv_size": [0.5, 2]},
								"south": {"uv": [0, 18], "uv_size": [0.5, 2]},
								"west": {"uv": [18, 0], "uv_size": [0.5, 2]},
								"up": {"uv": [19, 24], "uv_size": [0.5, 0.5]},
								"down": {"uv": [24, 19.5], "uv_size": [0.5, -0.5]}
							}
						},
						{
							"origin": [-0.18514, 9.55469, -2.69879],
							"size": [0.37028, 1.06637, 0.37026],
							"inflate": -0.001,
							"pivot": [0, 9.92545, -5.54168],
							"rotation": [4.75, 0, 0],
							"uv": {
								"north": {"uv": [20, 19], "uv_size": [0.5, 1]},
								"east": {"uv": [20, 20], "uv_size": [0.5, 1]},
								"south": {"uv": [0, 21], "uv_size": [0.5, 1]},
								"west": {"uv": [1, 21], "uv_size": [0.5, 1]},
								"up": {"uv": [20, 24], "uv_size": [0.5, 0.5]},
								"down": {"uv": [24, 20.5], "uv_size": [0.5, -0.5]}
							}
						},
						{
							"origin": [-0.18563, 9.03698, -7.75044],
							"size": [0.37126, 0.37125, 0.48726],
							"pivot": [0.04641, 9.40823, -7.26318],
							"rotation": [72.25, 0, 0],
							"uv": {
								"north": {"uv": [21, 24], "uv_size": [0.5, 0.5]},
								"east": {"uv": [24, 21], "uv_size": [0.5, 0.5]},
								"south": {"uv": [22, 24], "uv_size": [0.5, 0.5]},
								"west": {"uv": [24, 22], "uv_size": [0.5, 0.5]},
								"up": {"uv": [23, 24], "uv_size": [0.5, 0.5]},
								"down": {"uv": [24, 23.5], "uv_size": [0.5, -0.5]}
							}
						},
						{
							"origin": [-0.19096, 9.36019, -7.11161],
							"size": [0.38192, 0.37125, 0.48728],
							"pivot": [0.04108, 9.36019, -6.74036],
							"rotation": [39.75, 0, 0],
							"uv": {
								"north": {"uv": [24, 24], "uv_size": [0.5, 0.5]},
								"east": {"uv": [0, 25], "uv_size": [0.5, 0.5]},
								"south": {"uv": [25, 0], "uv_size": [0.5, 0.5]},
								"west": {"uv": [1, 25], "uv_size": [0.5, 0.5]},
								"up": {"uv": [25, 1], "uv_size": [0.5, 0.5]},
								"down": {"uv": [2, 25.5], "uv_size": [0.5, -0.5]}
							}
						},
						{
							"origin": [-0.04641, 7.99567, -8.2183],
							"size": [0.09282, 0.83531, 1.16015],
							"pivot": [0.18563, 8.83098, -7.05815],
							"rotation": [0.75, 0, 0],
							"uv": {
								"north": {"uv": [2, 21], "uv_size": [0.5, 1]},
								"east": {"uv": [1, 18], "uv_size": [1, 1]},
								"south": {"uv": [3, 21], "uv_size": [0.5, 1]},
								"west": {"uv": [2, 18], "uv_size": [1, 1]},
								"up": {"uv": [21, 3], "uv_size": [0.5, 1]},
								"down": {"uv": [21, 5], "uv_size": [0.5, -1]}
							}
						},
						{
							"origin": [-0.04641, 8.20174, -7.73951],
							"size": [0.09282, 0.37125, 0.48728],
							"pivot": [-0.09282, 8.57299, -7.25223],
							"rotation": [72.25, 0, 0],
							"uv": {
								"north": {"uv": [25, 2], "uv_size": [0.5, 0.5]},
								"east": {"uv": [3, 25], "uv_size": [0.5, 0.5]},
								"south": {"uv": [25, 3], "uv_size": [0.5, 0.5]},
								"west": {"uv": [4, 25], "uv_size": [0.5, 0.5]},
								"up": {"uv": [25, 4], "uv_size": [0.5, 0.5]},
								"down": {"uv": [5, 25.5], "uv_size": [0.5, -0.5]}
							}
						},
						{
							"origin": [-0.04641, 8.52494, -7.10067],
							"size": [0.09282, 0.6497, 0.6729],
							"pivot": [-0.09282, 8.52494, -6.72942],
							"rotation": [39.75, 0, 0],
							"uv": {
								"north": {"uv": [25, 5], "uv_size": [0.5, 0.5]},
								"east": {"uv": [6, 25], "uv_size": [0.5, 0.5]},
								"south": {"uv": [25, 6], "uv_size": [0.5, 0.5]},
								"west": {"uv": [7, 25], "uv_size": [0.5, 0.5]},
								"up": {"uv": [25, 7], "uv_size": [0.5, 0.5]},
								"down": {"uv": [8, 25.5], "uv_size": [0.5, -0.5]}
							}
						},
						{
							"origin": [-0.04641, 8.86237, -6.8613],
							"size": [0.09282, 0.83532, 4.66384],
							"pivot": [-0.09282, 8.86237, -2.66152],
							"rotation": [4.75, 0, 0],
							"uv": {
								"north": {"uv": [21, 5], "uv_size": [0.5, 1]},
								"east": {"uv": [5, 4], "uv_size": [4.5, 1]},
								"south": {"uv": [21, 6], "uv_size": [0.5, 1]},
								"west": {"uv": [5, 5], "uv_size": [4.5, 1]},
								"up": {"uv": [2, 8], "uv_size": [0.5, 4.5]},
								"down": {"uv": [3, 12.5], "uv_size": [0.5, -4.5]}
							}
						},
						{
							"origin": [-0.01922, 8.16215, -7.21656],
							"size": [0.06563, 0.06562, 0.48725],
							"pivot": [0.04641, 8.22777, -6.97293],
							"rotation": [65.64405, -42.33355, 16.95459],
							"uv": {
								"north": {"uv": [25, 8], "uv_size": [0.5, 0.5]},
								"east": {"uv": [9, 25], "uv_size": [0.5, 0.5]},
								"south": {"uv": [25, 9], "uv_size": [0.5, 0.5]},
								"west": {"uv": [10, 25], "uv_size": [0.5, 0.5]},
								"up": {"uv": [25, 10], "uv_size": [0.5, 0.5]},
								"down": {"uv": [11, 25.5], "uv_size": [0.5, -0.5]}
							}
						},
						{
							"origin": [-0.01922, 8.43707, -7.09261],
							"size": [0.06563, 0.06562, 0.67288],
							"pivot": [0.04641, 8.50269, -6.75617],
							"rotation": [30.45955, -26.88182, 37.55459],
							"uv": {
								"north": {"uv": [25, 11], "uv_size": [0.5, 0.5]},
								"east": {"uv": [12, 25], "uv_size": [0.5, 0.5]},
								"south": {"uv": [25, 12], "uv_size": [0.5, 0.5]},
								"west": {"uv": [13, 25], "uv_size": [0.5, 0.5]},
								"up": {"uv": [25, 13], "uv_size": [0.5, 0.5]},
								"down": {"uv": [14, 25.5], "uv_size": [0.5, -0.5]}
							}
						},
						{
							"origin": [-0.01922, 8.64207, -6.85488],
							"size": [0.06563, 0.06563, 4.66383],
							"pivot": [0.04641, 8.7077, -4.52296],
							"rotation": [3.36261, -3.35683, 44.90144],
							"uv": {
								"north": {"uv": [25, 14], "uv_size": [0.5, 0.5]},
								"east": {"uv": [4, 8], "uv_size": [4.5, 0.5]},
								"south": {"uv": [15, 25], "uv_size": [0.5, 0.5]},
								"west": {"uv": [4, 9], "uv_size": [4.5, 0.5]},
								"up": {"uv": [9, 6], "uv_size": [0.5, 4.5]},
								"down": {"uv": [10, 4.5], "uv_size": [0.5, -4.5]}
							}
						},
						{
							"origin": [-0.04641, 7.98108, -9.33196],
							"size": [0.09282, 0.83532, 1.18337],
							"pivot": [0.18563, 8.8164, -8.17181],
							"rotation": [-4, 0, 0],
							"uv": {
								"north": {"uv": [8, 21], "uv_size": [0.5, 1]},
								"east": {"uv": [18, 2], "uv_size": [1, 1]},
								"south": {"uv": [21, 8], "uv_size": [0.5, 1]},
								"west": {"uv": [3, 18], "uv_size": [1, 1]},
								"up": {"uv": [9, 21], "uv_size": [0.5, 1]},
								"down": {"uv": [21, 10], "uv_size": [0.5, -1]}
							}
						},
						{
							"origin": [-0.04641, 8.05878, -11.18549],
							"size": [0.09282, 0.83531, 1.92587],
							"pivot": [0.18563, 8.89409, -9.28283],
							"rotation": [-7.75, 0, 0],
							"uv": {
								"north": {"uv": [21, 10], "uv_size": [0.5, 1]},
								"east": {"uv": [15, 5], "uv_size": [2, 1]},
								"south": {"uv": [11, 21], "uv_size": [0.5, 1]},
								"west": {"uv": [15, 14], "uv_size": [2, 1]},
								"up": {"uv": [4, 18], "uv_size": [0.5, 2]},
								"down": {"uv": [5, 20], "uv_size": [0.5, -2]}
							}
						},
						{
							"origin": [-0.04641, 8.32298, -12.58013],
							"size": [0.09282, 0.37125, 1.29938],
							"pivot": [0, 8.32298, -11.28075],
							"rotation": [-42.75, 0, 0],
							"uv": {
								"north": {"uv": [25, 15], "uv_size": [0.5, 0.5]},
								"east": {"uv": [19, 15], "uv_size": [1.5, 0.5]},
								"south": {"uv": [16, 25], "uv_size": [0.5, 0.5]},
								"west": {"uv": [19, 16], "uv_size": [1.5, 0.5]},
								"up": {"uv": [16, 19], "uv_size": [0.5, 1.5]},
								"down": {"uv": [19, 18.5], "uv_size": [0.5, -1.5]}
							}
						},
						{
							"origin": [-0.04641, 9.3824, -12.17928],
							"size": [0.09282, 0.18563, 0.78891],
							"pivot": [-0.09282, 9.40561, -11.32075],
							"rotation": [12.25, 0, 0],
							"uv": {
								"north": {"uv": [25, 17], "uv_size": [0.5, 0.5]},
								"east": {"uv": [21, 13], "uv_size": [1, 0.5]},
								"south": {"uv": [18, 25], "uv_size": [0.5, 0.5]},
								"west": {"uv": [14, 21], "uv_size": [1, 0.5]},
								"up": {"uv": [21, 14], "uv_size": [0.5, 1]},
								"down": {"uv": [15, 22], "uv_size": [0.5, -1]}
							}
						},
						{
							"origin": [-0.04641, 9.56803, -12.3649],
							"size": [0.09282, 0.27843, 0.97453],
							"pivot": [-0.09282, 9.40561, -11.32075],
							"rotation": [12.25, 0, 0],
							"uv": {
								"north": {"uv": [25, 18], "uv_size": [0.5, 0.5]},
								"east": {"uv": [21, 15], "uv_size": [1, 0.5]},
								"south": {"uv": [19, 25], "uv_size": [0.5, 0.5]},
								"west": {"uv": [16, 21], "uv_size": [1, 0.5]},
								"up": {"uv": [21, 16], "uv_size": [0.5, 1]},
								"down": {"uv": [17, 22], "uv_size": [0.5, -1]}
							}
						},
						{
							"origin": [-0.04641, 9.84646, -12.4345],
							"size": [0.09282, 0.11603, 1.04413],
							"pivot": [-0.09282, 9.40561, -11.32075],
							"rotation": [12.25, 0, 0],
							"uv": {
								"north": {"uv": [25, 19], "uv_size": [0.5, 0.5]},
								"east": {"uv": [21, 17], "uv_size": [1, 0.5]},
								"south": {"uv": [20, 25], "uv_size": [0.5, 0.5]},
								"west": {"uv": [18, 21], "uv_size": [1, 0.5]},
								"up": {"uv": [21, 18], "uv_size": [0.5, 1]},
								"down": {"uv": [19, 22], "uv_size": [0.5, -1]}
							}
						},
						{
							"origin": [-0.04641, 9.40561, -11.39037],
							"size": [0.09282, 0.55688, 4.66384],
							"pivot": [-0.09282, 9.40561, -11.32075],
							"rotation": [12.25, 0, 0],
							"uv": {
								"north": {"uv": [25, 20], "uv_size": [0.5, 0.5]},
								"east": {"uv": [4, 10], "uv_size": [4.5, 0.5]},
								"south": {"uv": [21, 25], "uv_size": [0.5, 0.5]},
								"west": {"uv": [10, 5], "uv_size": [4.5, 0.5]},
								"up": {"uv": [10, 6], "uv_size": [0.5, 4.5]},
								"down": {"uv": [11, 4.5], "uv_size": [0.5, -4.5]}
							}
						},
						{
							"origin": [-0.04641, 9.99648, -7.41336],
							"size": [0.09282, 0.92813, 0.46406],
							"pivot": [0.0232, 10.92461, -6.9493],
							"rotation": [61.75, 0, 0],
							"uv": {
								"north": {"uv": [21, 19], "uv_size": [0.5, 1]},
								"east": {"uv": [20, 21], "uv_size": [0.5, 1]},
								"south": {"uv": [21, 20], "uv_size": [0.5, 1]},
								"west": {"uv": [21, 21], "uv_size": [0.5, 1]},
								"up": {"uv": [25, 21], "uv_size": [0.5, 0.5]},
								"down": {"uv": [22, 25.5], "uv_size": [0.5, -0.5]}
							}
						},
						{
							"origin": [-0.04641, 9.09473, -11.84725],
							"size": [0.09282, 0.51047, 0.64968],
							"pivot": [0, 9.6052, -12.49695],
							"rotation": [-11.25, 0, 0],
							"uv": {
								"north": {"uv": [25, 22], "uv_size": [0.5, 0.5]},
								"east": {"uv": [23, 25], "uv_size": [0.5, 0.5]},
								"south": {"uv": [25, 23], "uv_size": [0.5, 0.5]},
								"west": {"uv": [24, 25], "uv_size": [0.5, 0.5]},
								"up": {"uv": [25, 24], "uv_size": [0.5, 0.5]},
								"down": {"uv": [25, 25.5], "uv_size": [0.5, -0.5]}
							}
						},
						{
							"origin": [-0.04641, 8.32298, -13.14001],
							"size": [0.09282, 0.17493, 0.55988],
							"pivot": [0, 8.32298, -11.28075],
							"rotation": [-42.75, 0, 0],
							"uv": {
								"north": {"uv": [0, 26], "uv_size": [0.5, 0.5]},
								"east": {"uv": [26, 0], "uv_size": [0.5, 0.5]},
								"south": {"uv": [1, 26], "uv_size": [0.5, 0.5]},
								"west": {"uv": [26, 1], "uv_size": [0.5, 0.5]},
								"up": {"uv": [2, 26], "uv_size": [0.5, 0.5]},
								"down": {"uv": [26, 2.5], "uv_size": [0.5, -0.5]}
							}
						},
						{
							"origin": [-0.04641, 8.32298, -11.28075],
							"size": [0.09282, 0.85852, 0.27843],
							"pivot": [0, 8.32298, -11.28075],
							"rotation": [4.75, 0, 0],
							"uv": {
								"north": {"uv": [0, 22], "uv_size": [0.5, 1]},
								"east": {"uv": [22, 0], "uv_size": [0.5, 1]},
								"south": {"uv": [1, 22], "uv_size": [0.5, 1]},
								"west": {"uv": [22, 1], "uv_size": [0.5, 1]},
								"up": {"uv": [3, 26], "uv_size": [0.5, 0.5]},
								"down": {"uv": [26, 3.5], "uv_size": [0.5, -0.5]}
							}
						},
						{
							"origin": [-0.01922, 7.92252, -8.20731],
							"size": [0.06563, 0.06563, 1.16015],
							"pivot": [0.04641, 7.98815, -7.62725],
							"rotation": [0.53035, -0.53032, 44.99755],
							"uv": {
								"north": {"uv": [4, 26], "uv_size": [0.5, 0.5]},
								"east": {"uv": [2, 22], "uv_size": [1, 0.5]},
								"south": {"uv": [26, 4], "uv_size": [0.5, 0.5]},
								"west": {"uv": [22, 2], "uv_size": [1, 0.5]},
								"up": {"uv": [3, 22], "uv_size": [0.5, 1]},
								"down": {"uv": [22, 4], "uv_size": [0.5, -1]}
							}
						},
						{
							"origin": [-0.01922, 7.95715, -9.38884],
							"size": [0.06563, 0.06563, 1.18336],
							"pivot": [0.04641, 8.02278, -8.79715],
							"rotation": [-2.83073, 2.82728, 44.93013],
							"uv": {
								"north": {"uv": [5, 26], "uv_size": [0.5, 0.5]},
								"east": {"uv": [4, 22], "uv_size": [1, 0.5]},
								"south": {"uv": [26, 5], "uv_size": [0.5, 0.5]},
								"west": {"uv": [22, 4], "uv_size": [1, 0.5]},
								"up": {"uv": [5, 22], "uv_size": [0.5, 1]},
								"down": {"uv": [22, 6], "uv_size": [0.5, -1]}
							}
						},
						{
							"origin": [-0.01922, 8.1275, -11.28955],
							"size": [0.06563, 0.06564, 1.92585],
							"pivot": [0.04641, 8.19314, -10.32661],
							"rotation": [-5.49682, 5.4717, 44.73713],
							"uv": {
								"north": {"uv": [6, 26], "uv_size": [0.5, 0.5]},
								"east": {"uv": [18, 6], "uv_size": [2, 0.5]},
								"south": {"uv": [26, 6], "uv_size": [0.5, 0.5]},
								"west": {"uv": [18, 7], "uv_size": [2, 0.5]},
								"up": {"uv": [6, 18], "uv_size": [0.5, 2]},
								"down": {"uv": [18, 10], "uv_size": [0.5, -2]}
							}
						},
						{
							"origin": [-0.01922, 8.69837, -12.9674],
							"size": [0.06563, 0.06562, 1.85925],
							"pivot": [0.04641, 8.76399, -11.75785],
							"rotation": [-33.17035, 28.6844, 36.29068],
							"uv": {
								"north": {"uv": [7, 26], "uv_size": [0.5, 0.5]},
								"east": {"uv": [18, 10], "uv_size": [2, 0.5]},
								"south": {"uv": [26, 7], "uv_size": [0.5, 0.5]},
								"west": {"uv": [18, 11], "uv_size": [2, 0.5]},
								"up": {"uv": [12, 18], "uv_size": [0.5, 2]},
								"down": {"uv": [13, 20], "uv_size": [0.5, -2]}
							}
						},
						{
							"origin": [-0.18563, 8.89409, -11.37112],
							"size": [0.37126, 0.23204, 0.41766],
							"pivot": [0.04641, 8.89409, -9.28283],
							"rotation": [-7.75, 0, 0],
							"uv": {
								"north": {"uv": [8, 26], "uv_size": [0.5, 0.5]},
								"east": {"uv": [26, 8], "uv_size": [0.5, 0.5]},
								"south": {"uv": [9, 26], "uv_size": [0.5, 0.5]},
								"west": {"uv": [26, 9], "uv_size": [0.5, 0.5]},
								"up": {"uv": [10, 26], "uv_size": [0.5, 0.5]},
								"down": {"uv": [26, 10.5], "uv_size": [0.5, -0.5]}
							}
						},
						{
							"origin": [-0.18563, 9.18757, -11.4001],
							"size": [0.37126, 0.21804, 1.00747],
							"pivot": [0.04641, 9.40561, -11.32075],
							"rotation": [12.25, 0, 0],
							"uv": {
								"north": {"uv": [11, 26], "uv_size": [0.5, 0.5]},
								"east": {"uv": [6, 22], "uv_size": [1, 0.5]},
								"south": {"uv": [26, 11], "uv_size": [0.5, 0.5]},
								"west": {"uv": [22, 6], "uv_size": [1, 0.5]},
								"up": {"uv": [7, 22], "uv_size": [0.5, 1]},
								"down": {"uv": [22, 8], "uv_size": [0.5, -1]}
							}
						},
						{
							"origin": [-0.18563, 9.03436, -10.39263],
							"size": [0.37126, 0.37125, 4.31579],
							"pivot": [0.04641, 9.40561, -11.32075],
							"rotation": [12.25, 0, 0],
							"uv": {
								"north": {"uv": [12, 26], "uv_size": [0.5, 0.5]},
								"east": {"uv": [4, 11], "uv_size": [4.5, 0.5]},
								"south": {"uv": [26, 12], "uv_size": [0.5, 0.5]},
								"west": {"uv": [11, 6], "uv_size": [4.5, 0.5]},
								"up": {"uv": [11, 7], "uv_size": [0.5, 4.5]},
								"down": {"uv": [9, 15.5], "uv_size": [0.5, -4.5]}
							}
						},
						{
							"origin": [-0.18563, 10.147, -6.56751],
							"size": [0.37126, 0.37125, 0.37125],
							"pivot": [0.04641, 10.51825, -6.19626],
							"rotation": [82.25, 0, 0],
							"uv": {
								"north": {"uv": [13, 26], "uv_size": [0.5, 0.5]},
								"east": {"uv": [26, 13], "uv_size": [0.5, 0.5]},
								"south": {"uv": [14, 26], "uv_size": [0.5, 0.5]},
								"west": {"uv": [26, 14], "uv_size": [0.5, 0.5]},
								"up": {"uv": [15, 26], "uv_size": [0.5, 0.5]},
								"down": {"uv": [26, 15.5], "uv_size": [0.5, -0.5]}
							}
						},
						{
							"origin": [-0.18563, 9.35783, -5.87844],
							"size": [0.37126, 0.7425, 0.37125],
							"pivot": [0.04641, 10.10033, -5.87844],
							"rotation": [92.25, 0, 0],
							"uv": {
								"north": {"uv": [16, 26], "uv_size": [0.5, 0.5]},
								"east": {"uv": [26, 16], "uv_size": [0.5, 0.5]},
								"south": {"uv": [17, 26], "uv_size": [0.5, 0.5]},
								"west": {"uv": [26, 17], "uv_size": [0.5, 0.5]},
								"up": {"uv": [18, 26], "uv_size": [0.5, 0.5]},
								"down": {"uv": [26, 18.5], "uv_size": [0.5, -0.5]}
							}
						},
						{
							"origin": [-0.18563, 9.38698, -5.13653],
							"size": [0.37126, 0.7425, 0.37125],
							"pivot": [0.04641, 10.12948, -5.13653],
							"rotation": [97.75, 0, 0],
							"uv": {
								"north": {"uv": [19, 26], "uv_size": [0.5, 0.5]},
								"east": {"uv": [26, 19], "uv_size": [0.5, 0.5]},
								"south": {"uv": [20, 26], "uv_size": [0.5, 0.5]},
								"west": {"uv": [26, 20], "uv_size": [0.5, 0.5]},
								"up": {"uv": [21, 26], "uv_size": [0.5, 0.5]},
								"down": {"uv": [26, 21.5], "uv_size": [0.5, -0.5]}
							}
						},
						{
							"origin": [-0.18563, 8.37336, -4.40079],
							"size": [0.37126, 1.85625, 0.37125],
							"pivot": [0.04641, 10.22961, -4.40079],
							"rotation": [105, 0, 0],
							"uv": {
								"north": {"uv": [14, 18], "uv_size": [0.5, 2]},
								"east": {"uv": [18, 14], "uv_size": [0.5, 2]},
								"south": {"uv": [18, 16], "uv_size": [0.5, 2]},
								"west": {"uv": [17, 18], "uv_size": [0.5, 2]},
								"up": {"uv": [22, 26], "uv_size": [0.5, 0.5]},
								"down": {"uv": [26, 22.5], "uv_size": [0.5, -0.5]}
							}
						},
						{
							"origin": [-0.18563, 10.33879, -2.60782],
							"size": [0.37126, 0.37125, 0.37125],
							"pivot": [0.04641, 10.71004, -2.60782],
							"rotation": [125, 0, 0],
							"uv": {
								"north": {"uv": [23, 26], "uv_size": [0.5, 0.5]},
								"east": {"uv": [26, 23], "uv_size": [0.5, 0.5]},
								"south": {"uv": [24, 26], "uv_size": [0.5, 0.5]},
								"west": {"uv": [26, 24], "uv_size": [0.5, 0.5]},
								"up": {"uv": [25, 26], "uv_size": [0.5, 0.5]},
								"down": {"uv": [26, 25.5], "uv_size": [0.5, -0.5]}
							}
						},
						{
							"origin": [-0.18563, 10.99505, -2.88789],
							"size": [0.37126, 0.23203, 0.37126],
							"pivot": [0.04641, 11.22708, -2.51663],
							"rotation": [90, 0, 0],
							"uv": {
								"north": {"uv": [26, 26], "uv_size": [0.5, 0.5]},
								"east": {"uv": [0, 27], "uv_size": [0.5, 0.5]},
								"south": {"uv": [27, 0], "uv_size": [0.5, 0.5]},
								"west": {"uv": [1, 27], "uv_size": [0.5, 0.5]},
								"up": {"uv": [27, 1], "uv_size": [0.5, 0.5]},
								"down": {"uv": [2, 27.5], "uv_size": [0.5, -0.5]}
							}
						},
						{
							"origin": [-0.18563, 10.39178, -2.2846],
							"size": [0.37126, 0.46405, 0.37125],
							"pivot": [0.04641, 10.85583, -2.2846],
							"rotation": [112.5, 0, 0],
							"uv": {
								"north": {"uv": [27, 2], "uv_size": [0.5, 0.5]},
								"east": {"uv": [3, 27], "uv_size": [0.5, 0.5]},
								"south": {"uv": [27, 3], "uv_size": [0.5, 0.5]},
								"west": {"uv": [4, 27], "uv_size": [0.5, 0.5]},
								"up": {"uv": [27, 4], "uv_size": [0.5, 0.5]},
								"down": {"uv": [5, 27.5], "uv_size": [0.5, -0.5]}
							}
						},
						{
							"origin": [-0.19096, 11.19079, -2.36918],
							"size": [0.38192, 0.18563, 0.37125],
							"pivot": [0.04108, 11.37642, -1.99793],
							"rotation": [90, 0, 0],
							"uv": {
								"north": {"uv": [27, 5], "uv_size": [0.5, 0.5]},
								"east": {"uv": [6, 27], "uv_size": [0.5, 0.5]},
								"south": {"uv": [27, 6], "uv_size": [0.5, 0.5]},
								"west": {"uv": [7, 27], "uv_size": [0.5, 0.5]},
								"up": {"uv": [27, 7], "uv_size": [0.5, 0.5]},
								"down": {"uv": [8, 27.5], "uv_size": [0.5, -0.5]}
							}
						},
						{
							"origin": [-0.18563, 10.72673, -2.18356],
							"size": [0.37126, 0.64969, 0.37125],
							"pivot": [0.04641, 11.37642, -1.81231],
							"rotation": [67.5, 0, 0],
							"uv": {
								"north": {"uv": [27, 8], "uv_size": [0.5, 0.5]},
								"east": {"uv": [9, 27], "uv_size": [0.5, 0.5]},
								"south": {"uv": [27, 9], "uv_size": [0.5, 0.5]},
								"west": {"uv": [10, 27], "uv_size": [0.5, 0.5]},
								"up": {"uv": [27, 10], "uv_size": [0.5, 0.5]},
								"down": {"uv": [11, 27.5], "uv_size": [0.5, -0.5]}
							}
						},
						{
							"origin": [-0.1803, 10.78481, -3.58166],
							"size": [0.3606, 0.37125, 2.41313],
							"pivot": [0.00533, 10.78481, -1.35416],
							"rotation": [85.75, 0, 0],
							"uv": {
								"north": {"uv": [27, 11], "uv_size": [0.5, 0.5]},
								"east": {"uv": [17, 3], "uv_size": [2.5, 0.5]},
								"south": {"uv": [12, 27], "uv_size": [0.5, 0.5]},
								"west": {"uv": [4, 17], "uv_size": [2.5, 0.5]},
								"up": {"uv": [7, 17], "uv_size": [0.5, 2.5]},
								"down": {"uv": [17, 9.5], "uv_size": [0.5, -2.5]}
							}
						},
						{
							"origin": [-0.1803, 8.21969, -2.26071],
							"size": [0.3606, 0.37125, 0.37125],
							"pivot": [0.00533, 8.59094, -1.88946],
							"rotation": [98.25, 0, 0],
							"uv": {
								"north": {"uv": [27, 12], "uv_size": [0.5, 0.5]},
								"east": {"uv": [13, 27], "uv_size": [0.5, 0.5]},
								"south": {"uv": [27, 13], "uv_size": [0.5, 0.5]},
								"west": {"uv": [14, 27], "uv_size": [0.5, 0.5]},
								"up": {"uv": [27, 14], "uv_size": [0.5, 0.5]},
								"down": {"uv": [15, 27.5], "uv_size": [0.5, -0.5]}
							}
						},
						{
							"origin": [-0.18563, 7.85229, -2.20744],
							"size": [0.37126, 0.37125, 0.37125],
							"pivot": [0, 8.22354, -1.83619],
							"rotation": [118.25, 0, 0],
							"uv": {
								"north": {"uv": [27, 15], "uv_size": [0.5, 0.5]},
								"east": {"uv": [16, 27], "uv_size": [0.5, 0.5]},
								"south": {"uv": [27, 16], "uv_size": [0.5, 0.5]},
								"west": {"uv": [17, 27], "uv_size": [0.5, 0.5]},
								"up": {"uv": [27, 17], "uv_size": [0.5, 0.5]},
								"down": {"uv": [18, 27.5], "uv_size": [0.5, -0.5]}
							}
						},
						{
							"origin": [-0.18563, 7.52525, -2.19414],
							"size": [0.37126, 0.27843, 0.53367],
							"pivot": [0, 7.89649, -1.66047],
							"rotation": [133.25, 0, 0],
							"uv": {
								"north": {"uv": [27, 18], "uv_size": [0.5, 0.5]},
								"east": {"uv": [19, 27], "uv_size": [0.5, 0.5]},
								"south": {"uv": [27, 19], "uv_size": [0.5, 0.5]},
								"west": {"uv": [20, 27], "uv_size": [0.5, 0.5]},
								"up": {"uv": [27, 20], "uv_size": [0.5, 0.5]},
								"down": {"uv": [21, 27.5], "uv_size": [0.5, -0.5]}
							}
						},
						{
							"origin": [-0.25988, 11.82192, -1.81231],
							"size": [0.51976, 0.22275, 0.22275],
							"pivot": [1.22512, 11.82192, -2.92606],
							"rotation": [-45, 0, 0],
							"uv": {
								"north": {"uv": [27, 21], "uv_size": [0.5, 0.5]},
								"east": {"uv": [22, 27], "uv_size": [0.5, 0.5]},
								"south": {"uv": [27, 22], "uv_size": [0.5, 0.5]},
								"west": {"uv": [23, 27], "uv_size": [0.5, 0.5]},
								"up": {"uv": [27, 23], "uv_size": [0.5, 0.5]},
								"down": {"uv": [24, 27.5], "uv_size": [0.5, -0.5]}
							}
						},
						{
							"origin": [-0.4455, 10.70817, -0.47581],
							"size": [0.891, 0.37125, 0.37125],
							"pivot": [1.0395, 10.70817, -1.44106],
							"rotation": [-45, 0, 0],
							"uv": {
								"north": {"uv": [8, 22], "uv_size": [1, 0.5]},
								"east": {"uv": [27, 24], "uv_size": [0.5, 0.5]},
								"south": {"uv": [22, 8], "uv_size": [1, 0.5]},
								"west": {"uv": [25, 27], "uv_size": [0.5, 0.5]},
								"up": {"uv": [9, 22], "uv_size": [1, 0.5]},
								"down": {"uv": [22, 9.5], "uv_size": [1, -0.5]}
							}
						},
						{
							"origin": [-0.4455, 10.8824, 1.41211],
							"size": [0.891, 0.37125, 0.37125],
							"pivot": [1.0395, 10.8824, 0.44686],
							"rotation": [-45, 0, 0],
							"uv": {
								"north": {"uv": [10, 22], "uv_size": [1, 0.5]},
								"east": {"uv": [27, 25], "uv_size": [0.5, 0.5]},
								"south": {"uv": [22, 10], "uv_size": [1, 0.5]},
								"west": {"uv": [26, 27], "uv_size": [0.5, 0.5]},
								"up": {"uv": [11, 22], "uv_size": [1, 0.5]},
								"down": {"uv": [22, 11.5], "uv_size": [1, -0.5]}
							}
						},
						{
							"origin": [-0.25988, 10.47057, 6.07304],
							"size": [0.51976, 0.297, 0.297],
							"pivot": [0.85387, 10.47057, 5.10779],
							"rotation": [-45, 0, 0],
							"uv": {
								"north": {"uv": [27, 26], "uv_size": [0.5, 0.5]},
								"east": {"uv": [27, 27], "uv_size": [0.5, 0.5]},
								"south": {"uv": [0, 28], "uv_size": [0.5, 0.5]},
								"west": {"uv": [28, 0], "uv_size": [0.5, 0.5]},
								"up": {"uv": [1, 28], "uv_size": [0.5, 0.5]},
								"down": {"uv": [28, 1.5], "uv_size": [0.5, -0.5]}
							}
						}
					]
				},
				{
					"name": "bone3",
					"parent": "weapon2",
					"pivot": [0.18563, 9.38877, -11.39831],
					"cubes": [
						{
							"origin": [-0.04641, 7.98815, -8.16091],
							"size": [0.09282, 0.84684, 1.11375],
							"pivot": [0.04641, 7.98815, -7.62725],
							"rotation": [0.7398, -0.1233, 9.46153],
							"uv": {
								"north": {"uv": [12, 22], "uv_size": [0.5, 1]},
								"east": {"uv": [18, 18], "uv_size": [1, 1]},
								"south": {"uv": [22, 12], "uv_size": [0.5, 1]},
								"west": {"uv": [19, 0], "uv_size": [1, 1]},
								"up": {"uv": [13, 22], "uv_size": [0.5, 1]},
								"down": {"uv": [22, 14], "uv_size": [0.5, -1]}
							}
						},
						{
							"origin": [0.18563, 7.97054, -8.17181],
							"size": [0, 0.84587, 0.04063],
							"pivot": [0.18563, 8.81641, -8.17181],
							"rotation": [-2.0102, -0.1233, 9.46153],
							"uv": {
								"north": {"uv": [0, 0], "uv_size": [0, 1]},
								"east": {"uv": [14, 22], "uv_size": [0.5, 1]},
								"south": {"uv": [0, 0], "uv_size": [0, 1]},
								"west": {"uv": [22, 14], "uv_size": [0.5, 1]},
								"up": {"uv": [0, 0], "uv_size": [0, 0.5]},
								"down": {"uv": [0, 0.5], "uv_size": [0, -0.5]}
							}
						},
						{
							"origin": [0.04641, 8.02278, -9.34243],
							"size": [0, 0.84684, 1.11375],
							"pivot": [0.04641, 8.02278, -8.79715],
							"rotation": [-3.94575, 0.65708, 9.43969],
							"uv": {
								"north": {"uv": [0, 0], "uv_size": [0, 1]},
								"east": {"uv": [1, 19], "uv_size": [1, 1]},
								"south": {"uv": [0, 0], "uv_size": [0, 1]},
								"west": {"uv": [19, 1], "uv_size": [1, 1]},
								"up": {"uv": [0, 0], "uv_size": [0, 1]},
								"down": {"uv": [0, 1], "uv_size": [0, -1]}
							}
						},
						{
							"origin": [0.18563, 7.97008, -8.20136],
							"size": [0, 0.84633, 0.02955],
							"pivot": [0.18563, 8.81641, -8.17181],
							"rotation": [-1.94575, 0.65708, 9.43969],
							"uv": {
								"north": {"uv": [0, 0], "uv_size": [0, 1]},
								"east": {"uv": [15, 22], "uv_size": [0.5, 1]},
								"south": {"uv": [0, 0], "uv_size": [0, 1]},
								"west": {"uv": [22, 15], "uv_size": [0.5, 1]},
								"up": {"uv": [0, 0], "uv_size": [0, 0.5]},
								"down": {"uv": [0, 0.5], "uv_size": [0, -0.5]}
							}
						},
						{
							"origin": [0.18563, 8.04778, -9.28283],
							"size": [0, 0.84631, 0.02954],
							"pivot": [0.18563, 8.89409, -9.28283],
							"rotation": [-5.94575, 0.65708, 9.43969],
							"uv": {
								"north": {"uv": [0, 0], "uv_size": [0, 1]},
								"east": {"uv": [16, 22], "uv_size": [0.5, 1]},
								"south": {"uv": [0, 0], "uv_size": [0, 1]},
								"west": {"uv": [22, 16], "uv_size": [0.5, 1]},
								"up": {"uv": [0, 0], "uv_size": [0, 0.5]},
								"down": {"uv": [0, 0.5], "uv_size": [0, -0.5]}
							}
						},
						{
							"origin": [0.04641, 8.19314, -11.28955],
							"size": [0, 0.84682, 1.90265],
							"pivot": [0.04641, 8.19314, -10.32661],
							"rotation": [-7.64581, 1.27031, 9.37743],
							"uv": {
								"north": {"uv": [0, 0], "uv_size": [0, 1]},
								"east": {"uv": [15, 15], "uv_size": [2, 1]},
								"south": {"uv": [0, 0], "uv_size": [0, 1]},
								"west": {"uv": [16, 6], "uv_size": [2, 1]},
								"up": {"uv": [0, 0], "uv_size": [0, 2]},
								"down": {"uv": [0, 2], "uv_size": [0, -2]}
							}
						},
						{
							"origin": [0.18563, 8.04765, -9.3087],
							"size": [0, 0.84644, 0.02587],
							"pivot": [0.18563, 8.89409, -9.28283],
							"rotation": [-5.89581, 1.27031, 9.37743],
							"uv": {
								"north": {"uv": [0, 0], "uv_size": [0, 1]},
								"east": {"uv": [17, 22], "uv_size": [0.5, 1]},
								"south": {"uv": [0, 0], "uv_size": [0, 1]},
								"west": {"uv": [22, 17], "uv_size": [0.5, 1]},
								"up": {"uv": [0, 0], "uv_size": [0, 0.5]},
								"down": {"uv": [0, 0.5], "uv_size": [0, -0.5]}
							}
						},
						{
							"origin": [0.04641, 9.0003, -11.46849],
							"size": [0, 0.03966, 0.17894],
							"pivot": [0.04641, 8.19314, -10.32661],
							"rotation": [-7.64581, 1.27031, 9.37743],
							"uv": {
								"north": {"uv": [0, 0], "uv_size": [0, 0.5]},
								"east": {"uv": [2, 28], "uv_size": [0.5, 0.5]},
								"south": {"uv": [0, 0], "uv_size": [0, 0.5]},
								"west": {"uv": [28, 2], "uv_size": [0.5, 0.5]},
								"up": {"uv": [0, 0], "uv_size": [0, 0.5]},
								"down": {"uv": [0, 0.5], "uv_size": [0, -0.5]}
							}
						},
						{
							"origin": [0.04641, 8.32298, -11.28075],
							"size": [0, 0.82676, 0.18329],
							"pivot": [0.04641, 8.32298, -11.28075],
							"rotation": [4.85419, 1.27031, 9.37743],
							"uv": {
								"north": {"uv": [0, 0], "uv_size": [0, 1]},
								"east": {"uv": [18, 22], "uv_size": [0.5, 1]},
								"south": {"uv": [0, 0], "uv_size": [0, 1]},
								"west": {"uv": [22, 18], "uv_size": [0.5, 1]},
								"up": {"uv": [0, 0], "uv_size": [0, 0.5]},
								"down": {"uv": [0, 0.5], "uv_size": [0, -0.5]}
							}
						},
						{
							"origin": [0.18563, 9.19165, -12.59105],
							"size": [0, 0.18563, 1.02094],
							"pivot": [0.18563, 9.37728, -11.57011],
							"rotation": [-17.69509, 9.14943, 10.03401],
							"uv": {
								"north": {"uv": [0, 0], "uv_size": [0, 0.5]},
								"east": {"uv": [19, 22], "uv_size": [1, 0.5]},
								"south": {"uv": [0, 0], "uv_size": [0, 0.5]},
								"west": {"uv": [22, 19], "uv_size": [1, 0.5]},
								"up": {"uv": [0, 0], "uv_size": [0, 1]},
								"down": {"uv": [0, 1], "uv_size": [0, -1]}
							}
						},
						{
							"origin": [0.18563, 8.98282, -12.17339],
							"size": [0, 0.20883, 0.60328],
							"pivot": [0.18563, 9.37728, -11.57011],
							"rotation": [-17.69509, 9.14943, 10.03401],
							"uv": {
								"north": {"uv": [0, 0], "uv_size": [0, 0.5]},
								"east": {"uv": [3, 28], "uv_size": [0.5, 0.5]},
								"south": {"uv": [0, 0], "uv_size": [0, 0.5]},
								"west": {"uv": [28, 3], "uv_size": [0.5, 0.5]},
								"up": {"uv": [0, 0], "uv_size": [0, 0.5]},
								"down": {"uv": [0, 0.5], "uv_size": [0, -0.5]}
							}
						},
						{
							"origin": [0.18563, 8.50281, -11.53766],
							"size": [0, 0.67289, 0.18563],
							"pivot": [0.18563, 9.1757, -11.35203],
							"rotation": [4.80491, 9.14943, 10.03401],
							"uv": {
								"north": {"uv": [0, 0], "uv_size": [0, 0.5]},
								"east": {"uv": [4, 28], "uv_size": [0.5, 0.5]},
								"south": {"uv": [0, 0], "uv_size": [0, 0.5]},
								"west": {"uv": [28, 4], "uv_size": [0.5, 0.5]},
								"up": {"uv": [0, 0], "uv_size": [0, 0.5]},
								"down": {"uv": [0, 0.5], "uv_size": [0, -0.5]}
							}
						},
						{
							"origin": [0.18563, 8.68844, -11.65369],
							"size": [0, 0.34805, 0.11603],
							"pivot": [0.18563, 9.1757, -11.35203],
							"rotation": [4.80491, 9.14943, 10.03401],
							"uv": {
								"north": {"uv": [0, 0], "uv_size": [0, 0.5]},
								"east": {"uv": [5, 28], "uv_size": [0.5, 0.5]},
								"south": {"uv": [0, 0], "uv_size": [0, 0.5]},
								"west": {"uv": [28, 5], "uv_size": [0.5, 0.5]},
								"up": {"uv": [0, 0], "uv_size": [0, 0.5]},
								"down": {"uv": [0, 0.5], "uv_size": [0, -0.5]}
							}
						},
						{
							"origin": [0.18563, 8.38679, -11.44485],
							"size": [0, 0.11602, 0.09282],
							"pivot": [0.18563, 9.1757, -11.35203],
							"rotation": [4.80491, 9.14943, 10.03401],
							"uv": {
								"north": {"uv": [0, 0], "uv_size": [0, 0.5]},
								"east": {"uv": [6, 28], "uv_size": [0.5, 0.5]},
								"south": {"uv": [0, 0], "uv_size": [0, 0.5]},
								"west": {"uv": [28, 6], "uv_size": [0.5, 0.5]},
								"up": {"uv": [0, 0], "uv_size": [0, 0.5]},
								"down": {"uv": [0, 0.5], "uv_size": [0, -0.5]}
							}
						},
						{
							"origin": [0.04641, 8.92642, -12.03628],
							"size": [0, 0.43188, 0.29696],
							"pivot": [0.04641, 8.76399, -11.75785],
							"rotation": [-41.94509, 9.14943, 10.03401],
							"uv": {
								"north": {"uv": [0, 0], "uv_size": [0, 0.5]},
								"east": {"uv": [7, 28], "uv_size": [0.5, 0.5]},
								"south": {"uv": [0, 0], "uv_size": [0, 0.5]},
								"west": {"uv": [28, 7], "uv_size": [0.5, 0.5]},
								"up": {"uv": [0, 0], "uv_size": [0, 0.5]},
								"down": {"uv": [0, 0.5], "uv_size": [0, -0.5]}
							}
						},
						{
							"origin": [0.04641, 8.76399, -12.9644],
							"size": [0, 0.17666, 1.60101],
							"pivot": [0.04641, 8.76399, -11.75785],
							"rotation": [-41.94509, 9.14943, 10.03401],
							"uv": {
								"north": {"uv": [0, 0], "uv_size": [0, 0.5]},
								"east": {"uv": [18, 19], "uv_size": [1.5, 0.5]},
								"south": {"uv": [0, 0], "uv_size": [0, 0.5]},
								"west": {"uv": [0, 20], "uv_size": [1.5, 0.5]},
								"up": {"uv": [0, 0], "uv_size": [0, 1.5]},
								"down": {"uv": [0, 1.5], "uv_size": [0, -1.5]}
							}
						},
						{
							"origin": [0.04641, 8.76399, -11.36339],
							"size": [0, 0.06065, 0.25524],
							"pivot": [0.04641, 8.76399, -11.75785],
							"rotation": [-41.94509, 9.14943, 10.03401],
							"uv": {
								"north": {"uv": [0, 0], "uv_size": [0, 0.5]},
								"east": {"uv": [8, 28], "uv_size": [0.5, 0.5]},
								"south": {"uv": [0, 0], "uv_size": [0, 0.5]},
								"west": {"uv": [28, 8], "uv_size": [0.5, 0.5]},
								"up": {"uv": [0, 0], "uv_size": [0, 0.5]},
								"down": {"uv": [0, 0.5], "uv_size": [0, -0.5]}
							}
						},
						{
							"origin": [0.04641, 9.68505, -12.46958],
							"size": [0, 0.13921, 0.97454],
							"pivot": [0.04641, 9.82426, -12.01713],
							"rotation": [11.84458, 3.14802, -14.67336],
							"uv": {
								"north": {"uv": [0, 0], "uv_size": [0, 0.5]},
								"east": {"uv": [20, 22], "uv_size": [1, 0.5]},
								"south": {"uv": [0, 0], "uv_size": [0, 0.5]},
								"west": {"uv": [22, 20], "uv_size": [1, 0.5]},
								"up": {"uv": [0, 0], "uv_size": [0, 1]},
								"down": {"uv": [0, 1], "uv_size": [0, -1]}
							}
						},
						{
							"origin": [0.18563, 9.36558, -12.34963],
							"size": [0, 0.20882, 0.95132],
							"pivot": [0.18563, 9.38877, -11.39831],
							"rotation": [-13.10518, 2.94978, -13.72888],
							"uv": {
								"north": {"uv": [0, 0], "uv_size": [0, 0.5]},
								"east": {"uv": [21, 22], "uv_size": [1, 0.5]},
								"south": {"uv": [0, 0], "uv_size": [0, 0.5]},
								"west": {"uv": [22, 21], "uv_size": [1, 0.5]},
								"up": {"uv": [0, 0], "uv_size": [0, 1]},
								"down": {"uv": [0, 1], "uv_size": [0, -1]}
							}
						},
						{
							"origin": [0.18563, 9.5744, -12.02479],
							"size": [0, 0.11603, 0.13922],
							"pivot": [0.18563, 9.38877, -11.39831],
							"rotation": [-13.10518, 2.94978, -13.72888],
							"uv": {
								"north": {"uv": [0, 0], "uv_size": [0, 0.5]},
								"east": {"uv": [9, 28], "uv_size": [0.5, 0.5]},
								"south": {"uv": [0, 0], "uv_size": [0, 0.5]},
								"west": {"uv": [28, 9], "uv_size": [0.5, 0.5]},
								"up": {"uv": [0, 0], "uv_size": [0, 0.5]},
								"down": {"uv": [0, 0.5], "uv_size": [0, -0.5]}
							}
						},
						{
							"origin": [0.18563, 9.5744, -11.88557],
							"size": [0, 0.20883, 0.48726],
							"pivot": [0.18563, 9.38877, -11.39831],
							"rotation": [-13.10518, 2.94978, -13.72888],
							"uv": {
								"north": {"uv": [0, 0], "uv_size": [0, 0.5]},
								"east": {"uv": [10, 28], "uv_size": [0.5, 0.5]},
								"south": {"uv": [0, 0], "uv_size": [0, 0.5]},
								"west": {"uv": [28, 10], "uv_size": [0.5, 0.5]},
								"up": {"uv": [0, 0], "uv_size": [0, 0.5]},
								"down": {"uv": [0, 0.5], "uv_size": [0, -0.5]}
							}
						},
						{
							"origin": [-0.04641, 9.92473, -11.57718],
							"size": [0.09282, 0.57401, 4.67358],
							"pivot": [0.04641, 10.49874, -8.91067],
							"rotation": [11.89482, 2.94978, -13.72888],
							"uv": {
								"north": {"uv": [11, 28], "uv_size": [0.5, 0.5]},
								"east": {"uv": [12, 0], "uv_size": [4.5, 0.5]},
								"south": {"uv": [28, 11], "uv_size": [0.5, 0.5]},
								"west": {"uv": [12, 1], "uv_size": [4.5, 0.5]},
								"up": {"uv": [10, 11], "uv_size": [0.5, 4.5]},
								"down": {"uv": [4, 16.5], "uv_size": [0.5, -4.5]}
							}
						},
						{
							"origin": [-0.13922, 9.92473, -11.57718],
							"size": [0.09281, 0.20276, 4.67358],
							"pivot": [0.04641, 10.49874, -8.91067],
							"rotation": [11.89482, 2.94978, -13.72888],
							"uv": {
								"north": {"uv": [12, 28], "uv_size": [0.5, 0.5]},
								"east": {"uv": [12, 2], "uv_size": [4.5, 0.5]},
								"south": {"uv": [28, 12], "uv_size": [0.5, 0.5]},
								"west": {"uv": [12, 3], "uv_size": [4.5, 0.5]},
								"up": {"uv": [5, 12], "uv_size": [0.5, 4.5]},
								"down": {"uv": [6, 16.5], "uv_size": [0.5, -4.5]}
							}
						},
						{
							"origin": [0.18563, 9.17995, -12.14081],
							"size": [0, 0.20882, 0.81212],
							"pivot": [0.18563, 9.38877, -11.39831],
							"rotation": [-7.60308, 9.41798, -1.25129],
							"uv": {
								"north": {"uv": [0, 0], "uv_size": [0, 0.5]},
								"east": {"uv": [22, 22], "uv_size": [1, 0.5]},
								"south": {"uv": [0, 0], "uv_size": [0, 0.5]},
								"west": {"uv": [0, 23], "uv_size": [1, 0.5]},
								"up": {"uv": [0, 0], "uv_size": [0, 1]},
								"down": {"uv": [0, 1], "uv_size": [0, -1]}
							}
						},
						{
							"origin": [-0.18563, 9.17995, -12.14081],
							"size": [0, 0.20882, 0.81212],
							"pivot": [-0.18563, 9.38877, -11.39831],
							"rotation": [-7.6031, -9.418, 1.2513],
							"uv": {
								"north": {"uv": [0, 0], "uv_size": [0, 0.5]},
								"east": {"uv": [23, 0], "uv_size": [1, 0.5]},
								"south": {"uv": [0, 0], "uv_size": [0, 0.5]},
								"west": {"uv": [1, 23], "uv_size": [1, 0.5]},
								"up": {"uv": [0, 0], "uv_size": [0, 1]},
								"down": {"uv": [0, 1], "uv_size": [0, -1]}
							}
						},
						{
							"origin": [0.04641, 9.92473, -11.57718],
							"size": [0.09281, 0.20276, 4.67358],
							"pivot": [-0.04641, 10.49874, -8.91067],
							"rotation": [11.8948, -2.9498, 13.7289],
							"uv": {
								"north": {"uv": [13, 28], "uv_size": [0.5, 0.5]},
								"east": {"uv": [12, 4], "uv_size": [4.5, 0.5]},
								"south": {"uv": [28, 13], "uv_size": [0.5, 0.5]},
								"west": {"uv": [12, 7], "uv_size": [4.5, 0.5]},
								"up": {"uv": [7, 12], "uv_size": [0.5, 4.5]},
								"down": {"uv": [8, 16.5], "uv_size": [0.5, -4.5]}
							}
						},
						{
							"origin": [-0.04641, 9.92473, -11.57718],
							"size": [0.09282, 0.57401, 4.67358],
							"pivot": [-0.04641, 10.49874, -8.91067],
							"rotation": [11.8948, -2.9498, 13.7289],
							"uv": {
								"north": {"uv": [14, 28], "uv_size": [0.5, 0.5]},
								"east": {"uv": [16.5, 1], "uv_size": [-4.5, 0.5]},
								"south": {"uv": [28, 14], "uv_size": [0.5, 0.5]},
								"west": {"uv": [12, 9], "uv_size": [4.5, 0.5]},
								"up": {"uv": [12, 10], "uv_size": [0.5, 4.5]},
								"down": {"uv": [11, 16.5], "uv_size": [0.5, -4.5]}
							}
						},
						{
							"origin": [-0.18563, 9.5744, -11.88557],
							"size": [0, 0.20883, 0.48726],
							"pivot": [-0.18563, 9.38877, -11.39831],
							"rotation": [-13.1052, -2.9498, 13.7289],
							"uv": {
								"north": {"uv": [0, 0], "uv_size": [0, 0.5]},
								"east": {"uv": [15, 28], "uv_size": [0.5, 0.5]},
								"south": {"uv": [0, 0], "uv_size": [0, 0.5]},
								"west": {"uv": [28, 15], "uv_size": [0.5, 0.5]},
								"up": {"uv": [0, 0], "uv_size": [0, 0.5]},
								"down": {"uv": [0, 0.5], "uv_size": [0, -0.5]}
							}
						},
						{
							"origin": [-0.18563, 9.5744, -12.02479],
							"size": [0, 0.11603, 0.13922],
							"pivot": [-0.18563, 9.38877, -11.39831],
							"rotation": [-13.1052, -2.9498, 13.7289],
							"uv": {
								"north": {"uv": [0, 0], "uv_size": [0, 0.5]},
								"east": {"uv": [16, 28], "uv_size": [0.5, 0.5]},
								"south": {"uv": [0, 0], "uv_size": [0, 0.5]},
								"west": {"uv": [28, 16], "uv_size": [0.5, 0.5]},
								"up": {"uv": [0, 0], "uv_size": [0, 0.5]},
								"down": {"uv": [0, 0.5], "uv_size": [0, -0.5]}
							}
						},
						{
							"origin": [-0.18563, 9.36558, -12.34963],
							"size": [0, 0.20882, 0.95132],
							"pivot": [-0.18563, 9.38877, -11.39831],
							"rotation": [-13.1052, -2.9498, 13.7289],
							"uv": {
								"north": {"uv": [0, 0], "uv_size": [0, 0.5]},
								"east": {"uv": [23, 1], "uv_size": [1, 0.5]},
								"south": {"uv": [0, 0], "uv_size": [0, 0.5]},
								"west": {"uv": [2, 23], "uv_size": [1, 0.5]},
								"up": {"uv": [0, 0], "uv_size": [0, 1]},
								"down": {"uv": [0, 1], "uv_size": [0, -1]}
							}
						},
						{
							"origin": [-0.04641, 9.68505, -12.46958],
							"size": [0, 0.13921, 0.97454],
							"pivot": [-0.04641, 9.82426, -12.01713],
							"rotation": [11.8446, -3.148, 14.6734],
							"uv": {
								"north": {"uv": [0, 0], "uv_size": [0, 0.5]},
								"east": {"uv": [23, 2], "uv_size": [1, 0.5]},
								"south": {"uv": [0, 0], "uv_size": [0, 0.5]},
								"west": {"uv": [3, 23], "uv_size": [1, 0.5]},
								"up": {"uv": [0, 0], "uv_size": [0, 1]},
								"down": {"uv": [0, 1], "uv_size": [0, -1]}
							}
						},
						{
							"origin": [-0.04641, 8.76399, -11.36339],
							"size": [0, 0.06065, 0.25524],
							"pivot": [-0.04641, 8.76399, -11.75785],
							"rotation": [-41.9451, -9.1494, -10.034],
							"uv": {
								"north": {"uv": [0, 0], "uv_size": [0, 0.5]},
								"east": {"uv": [17, 28], "uv_size": [0.5, 0.5]},
								"south": {"uv": [0, 0], "uv_size": [0, 0.5]},
								"west": {"uv": [28, 17], "uv_size": [0.5, 0.5]},
								"up": {"uv": [0, 0], "uv_size": [0, 0.5]},
								"down": {"uv": [0, 0.5], "uv_size": [0, -0.5]}
							}
						},
						{
							"origin": [-0.04641, 8.76399, -12.9644],
							"size": [0, 0.17666, 1.60101],
							"pivot": [-0.04641, 8.76399, -11.75785],
							"rotation": [-41.9451, -9.1494, -10.034],
							"uv": {
								"north": {"uv": [0, 0], "uv_size": [0, 0.5]},
								"east": {"uv": [20, 0], "uv_size": [1.5, 0.5]},
								"south": {"uv": [0, 0], "uv_size": [0, 0.5]},
								"west": {"uv": [20, 1], "uv_size": [1.5, 0.5]},
								"up": {"uv": [0, 0], "uv_size": [0, 1.5]},
								"down": {"uv": [0, 1.5], "uv_size": [0, -1.5]}
							}
						},
						{
							"origin": [-0.04641, 8.92642, -12.03628],
							"size": [0, 0.43188, 0.29696],
							"pivot": [-0.04641, 8.76399, -11.75785],
							"rotation": [-41.9451, -9.1494, -10.034],
							"uv": {
								"north": {"uv": [0, 0], "uv_size": [0, 0.5]},
								"east": {"uv": [18, 28], "uv_size": [0.5, 0.5]},
								"south": {"uv": [0, 0], "uv_size": [0, 0.5]},
								"west": {"uv": [28, 18], "uv_size": [0.5, 0.5]},
								"up": {"uv": [0, 0], "uv_size": [0, 0.5]},
								"down": {"uv": [0, 0.5], "uv_size": [0, -0.5]}
							}
						},
						{
							"origin": [-0.18563, 8.38679, -11.44485],
							"size": [0, 0.11602, 0.09282],
							"pivot": [-0.18563, 9.1757, -11.35203],
							"rotation": [4.8049, -9.1494, -10.034],
							"uv": {
								"north": {"uv": [0, 0], "uv_size": [0, 0.5]},
								"east": {"uv": [19, 28], "uv_size": [0.5, 0.5]},
								"south": {"uv": [0, 0], "uv_size": [0, 0.5]},
								"west": {"uv": [28, 19], "uv_size": [0.5, 0.5]},
								"up": {"uv": [0, 0], "uv_size": [0, 0.5]},
								"down": {"uv": [0, 0.5], "uv_size": [0, -0.5]}
							}
						},
						{
							"origin": [-0.18563, 8.68844, -11.65369],
							"size": [0, 0.34805, 0.11603],
							"pivot": [-0.18563, 9.1757, -11.35203],
							"rotation": [4.8049, -9.1494, -10.034],
							"uv": {
								"north": {"uv": [0, 0], "uv_size": [0, 0.5]},
								"east": {"uv": [20, 28], "uv_size": [0.5, 0.5]},
								"south": {"uv": [0, 0], "uv_size": [0, 0.5]},
								"west": {"uv": [28, 20], "uv_size": [0.5, 0.5]},
								"up": {"uv": [0, 0], "uv_size": [0, 0.5]},
								"down": {"uv": [0, 0.5], "uv_size": [0, -0.5]}
							}
						},
						{
							"origin": [-0.18563, 8.50281, -11.53766],
							"size": [0, 0.67289, 0.18563],
							"pivot": [-0.18563, 9.1757, -11.35203],
							"rotation": [4.8049, -9.1494, -10.034],
							"uv": {
								"north": {"uv": [0, 0], "uv_size": [0, 0.5]},
								"east": {"uv": [21, 28], "uv_size": [0.5, 0.5]},
								"south": {"uv": [0, 0], "uv_size": [0, 0.5]},
								"west": {"uv": [28, 21], "uv_size": [0.5, 0.5]},
								"up": {"uv": [0, 0], "uv_size": [0, 0.5]},
								"down": {"uv": [0, 0.5], "uv_size": [0, -0.5]}
							}
						},
						{
							"origin": [-0.18563, 8.98282, -12.17339],
							"size": [0, 0.20883, 0.60328],
							"pivot": [-0.18563, 9.37728, -11.57011],
							"rotation": [-17.6951, -9.1494, -10.034],
							"uv": {
								"north": {"uv": [0, 0], "uv_size": [0, 0.5]},
								"east": {"uv": [22, 28], "uv_size": [0.5, 0.5]},
								"south": {"uv": [0, 0], "uv_size": [0, 0.5]},
								"west": {"uv": [28, 22], "uv_size": [0.5, 0.5]},
								"up": {"uv": [0, 0], "uv_size": [0, 0.5]},
								"down": {"uv": [0, 0.5], "uv_size": [0, -0.5]}
							}
						},
						{
							"origin": [-0.18563, 9.19165, -12.59105],
							"size": [0, 0.18563, 1.02094],
							"pivot": [-0.18563, 9.37728, -11.57011],
							"rotation": [-17.6951, -9.1494, -10.034],
							"uv": {
								"north": {"uv": [0, 0], "uv_size": [0, 0.5]},
								"east": {"uv": [23, 3], "uv_size": [1, 0.5]},
								"south": {"uv": [0, 0], "uv_size": [0, 0.5]},
								"west": {"uv": [4, 23], "uv_size": [1, 0.5]},
								"up": {"uv": [0, 0], "uv_size": [0, 1]},
								"down": {"uv": [0, 1], "uv_size": [0, -1]}
							}
						},
						{
							"origin": [-0.04641, 8.32298, -11.28075],
							"size": [0, 0.82676, 0.18329],
							"pivot": [-0.04641, 8.32298, -11.28075],
							"rotation": [4.8542, -1.2703, -9.3774],
							"uv": {
								"north": {"uv": [0, 0], "uv_size": [0, 1]},
								"east": {"uv": [23, 4], "uv_size": [0.5, 1]},
								"south": {"uv": [0, 0], "uv_size": [0, 1]},
								"west": {"uv": [5, 23], "uv_size": [0.5, 1]},
								"up": {"uv": [0, 0], "uv_size": [0, 0.5]},
								"down": {"uv": [0, 0.5], "uv_size": [0, -0.5]}
							}
						},
						{
							"origin": [-0.04641, 9.0003, -11.46849],
							"size": [0, 0.03966, 0.17894],
							"pivot": [-0.04641, 8.19314, -10.32661],
							"rotation": [-7.6458, -1.2703, -9.3774],
							"uv": {
								"north": {"uv": [0, 0], "uv_size": [0, 0.5]},
								"east": {"uv": [23, 28], "uv_size": [0.5, 0.5]},
								"south": {"uv": [0, 0], "uv_size": [0, 0.5]},
								"west": {"uv": [28, 23], "uv_size": [0.5, 0.5]},
								"up": {"uv": [0, 0], "uv_size": [0, 0.5]},
								"down": {"uv": [0, 0.5], "uv_size": [0, -0.5]}
							}
						},
						{
							"origin": [-0.18563, 8.04765, -9.3087],
							"size": [0, 0.84644, 0.02587],
							"pivot": [-0.18563, 8.89409, -9.28283],
							"rotation": [-5.8958, -1.2703, -9.3774],
							"uv": {
								"north": {"uv": [0, 0], "uv_size": [0, 1]},
								"east": {"uv": [23, 5], "uv_size": [0.5, 1]},
								"south": {"uv": [0, 0], "uv_size": [0, 1]},
								"west": {"uv": [6, 23], "uv_size": [0.5, 1]},
								"up": {"uv": [0, 0], "uv_size": [0, 0.5]},
								"down": {"uv": [0, 0.5], "uv_size": [0, -0.5]}
							}
						},
						{
							"origin": [-0.04641, 8.19314, -11.28955],
							"size": [0, 0.84682, 1.90265],
							"pivot": [-0.04641, 8.19314, -10.32661],
							"rotation": [-7.6458, -1.2703, -9.3774],
							"uv": {
								"north": {"uv": [0, 0], "uv_size": [0, 1]},
								"east": {"uv": [18, 6], "uv_size": [-2, 1]},
								"south": {"uv": [0, 0], "uv_size": [0, 1]},
								"west": {"uv": [15, 16], "uv_size": [2, 1]},
								"up": {"uv": [0, 0], "uv_size": [0, 2]},
								"down": {"uv": [0, 2], "uv_size": [0, -2]}
							}
						},
						{
							"origin": [-0.18563, 8.04778, -9.28283],
							"size": [0, 0.84631, 0.02954],
							"pivot": [-0.18563, 8.89409, -9.28283],
							"rotation": [-5.9457, -0.6571, -9.4397],
							"uv": {
								"north": {"uv": [0, 0], "uv_size": [0, 1]},
								"east": {"uv": [23, 6], "uv_size": [0.5, 1]},
								"south": {"uv": [0, 0], "uv_size": [0, 1]},
								"west": {"uv": [7, 23], "uv_size": [0.5, 1]},
								"up": {"uv": [0, 0], "uv_size": [0, 0.5]},
								"down": {"uv": [0, 0.5], "uv_size": [0, -0.5]}
							}
						},
						{
							"origin": [-0.18563, 7.97008, -8.20136],
							"size": [0, 0.84633, 0.02955],
							"pivot": [-0.18563, 8.81641, -8.17181],
							"rotation": [-1.9457, -0.6571, -9.4397],
							"uv": {
								"north": {"uv": [0, 0], "uv_size": [0, 1]},
								"east": {"uv": [23, 7], "uv_size": [0.5, 1]},
								"south": {"uv": [0, 0], "uv_size": [0, 1]},
								"west": {"uv": [8, 23], "uv_size": [0.5, 1]},
								"up": {"uv": [0, 0], "uv_size": [0, 0.5]},
								"down": {"uv": [0, 0.5], "uv_size": [0, -0.5]}
							}
						},
						{
							"origin": [-0.04641, 8.02278, -9.34243],
							"size": [0, 0.84684, 1.11375],
							"pivot": [-0.04641, 8.02278, -8.79715],
							"rotation": [-3.9457, -0.6571, -9.4397],
							"uv": {
								"north": {"uv": [0, 0], "uv_size": [0, 1]},
								"east": {"uv": [19, 1], "uv_size": [1, 1]},
								"south": {"uv": [0, 0], "uv_size": [0, 1]},
								"west": {"uv": [19, 2], "uv_size": [1, 1]},
								"up": {"uv": [0, 0], "uv_size": [0, 1]},
								"down": {"uv": [0, 1], "uv_size": [0, -1]}
							}
						},
						{
							"origin": [-0.18563, 7.97054, -8.17181],
							"size": [0, 0.84587, 0.04063],
							"pivot": [-0.18563, 8.81641, -8.17181],
							"rotation": [-2.0102, 0.1233, -9.4615],
							"uv": {
								"north": {"uv": [0, 0], "uv_size": [0, 1]},
								"east": {"uv": [23, 8], "uv_size": [0.5, 1]},
								"south": {"uv": [0, 0], "uv_size": [0, 1]},
								"west": {"uv": [9, 23], "uv_size": [0.5, 1]},
								"up": {"uv": [0, 0], "uv_size": [0, 0.5]},
								"down": {"uv": [0, 0.5], "uv_size": [0, -0.5]}
							}
						},
						{
							"origin": [-0.04641, 7.98815, -8.16091],
							"size": [0.09282, 0.84684, 1.11375],
							"pivot": [-0.04641, 7.98815, -7.62725],
							"rotation": [0.7398, 0.1233, -9.4615],
							"uv": {
								"north": {"uv": [23, 9], "uv_size": [0.5, 1]},
								"east": {"uv": [20, 0], "uv_size": [-1, 1]},
								"south": {"uv": [10, 23], "uv_size": [0.5, 1]},
								"west": {"uv": [19, 8], "uv_size": [1, 1]},
								"up": {"uv": [23, 10], "uv_size": [0.5, 1]},
								"down": {"uv": [11, 24], "uv_size": [0.5, -1]}
							}
						},
						{
							"origin": [0.04641, 8.7077, -7.16597],
							"size": [0, 0.8454, 4.97492],
							"pivot": [0.04641, 8.7077, -4.52296],
							"rotation": [4.68544, -0.78133, 9.44639],
							"uv": {
								"north": {"uv": [0, 0], "uv_size": [0, 1]},
								"east": {"uv": [0, 4], "uv_size": [5, 1]},
								"south": {"uv": [0, 0], "uv_size": [0, 1]},
								"west": {"uv": [0, 5], "uv_size": [5, 1]},
								"up": {"uv": [0, 0], "uv_size": [0, 5]},
								"down": {"uv": [0, 5], "uv_size": [0, -5]}
							}
						},
						{
							"origin": [-0.04641, 8.7077, -7.16597],
							"size": [0, 0.8454, 4.97492],
							"pivot": [-0.04641, 8.7077, -4.52296],
							"rotation": [4.68544, 0.78133, -9.44639],
							"uv": {
								"north": {"uv": [0, 0], "uv_size": [0, 1]},
								"east": {"uv": [5, 0], "uv_size": [5, 1]},
								"south": {"uv": [0, 0], "uv_size": [0, 1]},
								"west": {"uv": [5, 1], "uv_size": [5, 1]},
								"up": {"uv": [0, 0], "uv_size": [0, 5]},
								"down": {"uv": [0, 5], "uv_size": [0, -5]}
							}
						}
					]
				},
				{
					"name": "constraint",
					"parent": "bone",
					"pivot": [-0.01558, 8.125, 1.9375]
				},
				{
					"name": "lefthand",
					"parent": "bone",
					"pivot": [-6, 19, 0]
				},
				{
					"name": "lefthand_pos",
					"parent": "lefthand",
					"pivot": [0, 8, 0],
					"cubes": [
						{
							"origin": [-7, 8, -2],
							"size": [3, 12, 4],
							"uv": {
								"north": {"uv": [12.228, 0], "uv_size": [3.614, 12]},
								"east": {"uv": [5, 12], "uv_size": [3.614, 12]},
								"south": {"uv": [8.614, 12], "uv_size": [3.614, 12]},
								"west": {"uv": [12.228, 12], "uv_size": [3.614, 12]},
								"up": {"uv": [15.842, 8], "uv_size": [3.614, 4]},
								"down": {"uv": [15.842, 16], "uv_size": [3.614, -4]}
							}
						}
					]
				},
				{
					"name": "camera",
					"pivot": [3.4563, 3.4656, -0.7687]
				},
				{
					"name": "view",
					"pivot": [0, 0, 0]
				},
				{
					"name": "refit_view",
					"parent": "view",
					"pivot": [22.475, 5.55, 0.2],
					"rotation": [0, 90, 0]
				},
				{
					"name": "iron_view",
					"parent": "view",
					"pivot": [-0.15326, 9.42188, 6.93493],
					"rotation": [0, -1, 0]
				},
				{
					"name": "idle_view",
					"parent": "view",
					"pivot": [3.4563, 3.4656, -0.7687]
				},
				{
					"name": "positioning",
					"pivot": [-0.01558, 4.125, 4.9375]
				},
				{
					"name": "ground",
					"parent": "positioning",
					"pivot": [0, 0, 0]
				},
				{
					"name": "thirdperson_hand",
					"parent": "positioning",
					"pivot": [-0.01558, 6.125, -2.0625]
				},
				{
					"name": "fixed",
					"parent": "positioning",
					"pivot": [0.79692, 5.125, -1.0625],
					"rotation": [0, 90, 0]
				},
				{
					"name": "bone38",
					"pivot": [62, -11.35, -167.5]
				},
				{
					"name": "bone39",
					"parent": "bone38",
					"pivot": [-65, -11.35, -167.5]
				}
			]
		}
	]
}