{
	"format_version": "1.12.0",
	"minecraft:geometry": [
		{
			"description": {
				"identifier": "geometry.unknown",
				"texture_width": 32,
				"texture_height": 32,
				"visible_bounds_width": 2,
				"visible_bounds_height": 1.5,
				"visible_bounds_offset": [0, 0.25, 0]
			},
			"bones": [
				{
					"name": "arrow1",
					"pivot": [0, 0, 0.63683],
					"cubes": [
						{
							"origin": [-0.1, -0.1, -2.59908],
							"size": [0.2, 0.2, 5.53229],
							"uv": {
								"north": {"uv": [5, 14], "uv_size": [0.5, 0.5]},
								"east": {"uv": [0, 0], "uv_size": [5.5, 0.5]},
								"south": {"uv": [14, 5], "uv_size": [0.5, 0.5]},
								"west": {"uv": [0, 1], "uv_size": [5.5, 0.5]},
								"up": {"uv": [0, 2], "uv_size": [0.5, 5.5]},
								"down": {"uv": [1, 7.5], "uv_size": [0.5, -5.5]}
							}
						},
						{
							"origin": [-0.25, -0.025, 1.80092],
							"size": [0.5, 0.05, 0.73229],
							"uv": {
								"east": {"uv": [6, 14], "uv_size": [0.5, 0.5]},
								"west": {"uv": [14, 6], "uv_size": [0.5, 0.5]},
								"up": {"uv": [7, 14], "uv_size": [0.5, 0.5]},
								"down": {"uv": [14, 7.5], "uv_size": [0.5, -0.5]}
							}
						},
						{
							"origin": [-0.0308, -0.025, 2.1843],
							"size": [0.2, 0.05, 0.43229],
							"pivot": [0, 0, 2.37179],
							"rotation": [0, 22.5, -180],
							"uv": {
								"south": {"uv": [8, 14], "uv_size": [0.5, 0.5]},
								"west": {"uv": [14, 8], "uv_size": [0.5, 0.5]},
								"up": {"uv": [9, 14], "uv_size": [0.5, 0.5]},
								"down": {"uv": [14, 9.5], "uv_size": [0.5, -0.5]}
							}
						},
						{
							"origin": [-0.0308, -0.025, 2.1843],
							"size": [0.2, 0.05, 0.43229],
							"pivot": [0, 0, 2.37179],
							"rotation": [0, 22.5, -90],
							"uv": {
								"south": {"uv": [10, 14], "uv_size": [0.5, 0.5]},
								"west": {"uv": [14, 10], "uv_size": [0.5, 0.5]},
								"up": {"uv": [11, 14], "uv_size": [0.5, 0.5]},
								"down": {"uv": [14, 11.5], "uv_size": [0.5, -0.5]}
							}
						},
						{
							"origin": [-0.25, -0.025, 1.80092],
							"size": [0.5, 0.05, 0.73229],
							"pivot": [0, 0, 2.16706],
							"rotation": [0, 0, -90],
							"uv": {
								"east": {"uv": [12, 14], "uv_size": [0.5, 0.5]},
								"west": {"uv": [14, 12], "uv_size": [0.5, 0.5]},
								"up": {"uv": [13, 14], "uv_size": [0.5, 0.5]},
								"down": {"uv": [14, 13.5], "uv_size": [0.5, -0.5]}
							}
						},
						{
							"origin": [-0.1, 0.0499, 1.42335],
							"size": [0.2, 0.05, 0.43229],
							"pivot": [0, 0.0749, 1.6395],
							"rotation": [0, 22.5, -90],
							"uv": {
								"south": {"uv": [14, 14], "uv_size": [0.5, 0.5]},
								"west": {"uv": [0, 15], "uv_size": [0.5, 0.5]},
								"up": {"uv": [15, 0], "uv_size": [0.5, 0.5]},
								"down": {"uv": [1, 15.5], "uv_size": [0.5, -0.5]}
							}
						},
						{
							"origin": [-0.1, -0.0999, 1.42335],
							"size": [0.2, 0.05, 0.43229],
							"pivot": [0, -0.0749, 1.6395],
							"rotation": [0, 22.5, 90],
							"uv": {
								"south": {"uv": [15, 1], "uv_size": [0.5, 0.5]},
								"west": {"uv": [2, 15], "uv_size": [0.5, 0.5]},
								"up": {"uv": [15, 2], "uv_size": [0.5, 0.5]},
								"down": {"uv": [3, 15.5], "uv_size": [0.5, -0.5]}
							}
						},
						{
							"origin": [-0.0308, -0.025, 2.1843],
							"size": [0.2, 0.05, 0.43229],
							"pivot": [0, 0, 2.37179],
							"rotation": [0, 22.5, 90],
							"uv": {
								"south": {"uv": [15, 3], "uv_size": [0.5, 0.5]},
								"west": {"uv": [4, 15], "uv_size": [0.5, 0.5]},
								"up": {"uv": [15, 4], "uv_size": [0.5, 0.5]},
								"down": {"uv": [5, 15.5], "uv_size": [0.5, -0.5]}
							}
						},
						{
							"origin": [-0.0308, -0.025, 1.45201],
							"size": [0.2, 0.05, 0.43229],
							"pivot": [0, 0, 1.6395],
							"rotation": [0, 22.5, -180],
							"uv": {
								"south": {"uv": [15, 5], "uv_size": [0.5, 0.5]},
								"west": {"uv": [6, 15], "uv_size": [0.5, 0.5]},
								"up": {"uv": [15, 6], "uv_size": [0.5, 0.5]},
								"down": {"uv": [7, 15.5], "uv_size": [0.5, -0.5]}
							}
						},
						{
							"origin": [-0.0308, -0.025, 2.1843],
							"size": [0.2, 0.05, 0.43229],
							"pivot": [0, 0, 2.37179],
							"rotation": [0, 22.5, 0],
							"uv": {
								"south": {"uv": [15, 7], "uv_size": [0.5, 0.5]},
								"west": {"uv": [8, 15], "uv_size": [0.5, 0.5]},
								"up": {"uv": [15, 8], "uv_size": [0.5, 0.5]},
								"down": {"uv": [9, 15.5], "uv_size": [0.5, -0.5]}
							}
						},
						{
							"origin": [-0.0308, -0.025, 1.45201],
							"size": [0.2, 0.05, 0.43229],
							"pivot": [0, 0, 1.6395],
							"rotation": [0, 22.5, 0],
							"uv": {
								"south": {"uv": [15, 9], "uv_size": [0.5, 0.5]},
								"west": {"uv": [10, 15], "uv_size": [0.5, 0.5]},
								"up": {"uv": [15, 10], "uv_size": [0.5, 0.5]},
								"down": {"uv": [11, 15.5], "uv_size": [0.5, -0.5]}
							}
						},
						{
							"origin": [-0.125, -0.125, -1.85312],
							"size": [0.25, 0.25, 1.94037],
							"uv": {
								"north": {"uv": [15, 11], "uv_size": [0.5, 0.5]},
								"east": {"uv": [2, 10], "uv_size": [2, 0.5]},
								"south": {"uv": [12, 15], "uv_size": [0.5, 0.5]},
								"west": {"uv": [10, 4], "uv_size": [2, 0.5]},
								"up": {"uv": [10, 5], "uv_size": [0.5, 2]},
								"down": {"uv": [10, 9], "uv_size": [0.5, -2]}
							}
						},
						{
							"origin": [0.0192, -0.025, -2.54799],
							"size": [0.125, 0.05, 0.43229],
							"pivot": [-0.025, 0, -2.3605],
							"rotation": [0, 17.5, 0],
							"uv": {
								"south": {"uv": [15, 12], "uv_size": [0.5, 0.5]},
								"west": {"uv": [13, 15], "uv_size": [0.5, 0.5]},
								"up": {"uv": [15, 13], "uv_size": [0.5, 0.5]},
								"down": {"uv": [14, 15.5], "uv_size": [0.5, -0.5]}
							}
						},
						{
							"origin": [0.0692, -0.025, -2.54799],
							"size": [0.125, 0.05, 0.43229],
							"pivot": [0.025, 0, -2.3605],
							"rotation": [0, 17.5, -180],
							"uv": {
								"south": {"uv": [15, 14], "uv_size": [0.5, 0.5]},
								"west": {"uv": [15, 15], "uv_size": [0.5, 0.5]},
								"up": {"uv": [0, 16], "uv_size": [0.5, 0.5]},
								"down": {"uv": [16, 0.5], "uv_size": [0.5, -0.5]}
							}
						},
						{
							"origin": [-0.025, -0.0749, -2.57665],
							"size": [0.125, 0.05, 0.43229],
							"pivot": [0, -0.0499, -2.3605],
							"rotation": [0, 17.5, 90],
							"uv": {
								"south": {"uv": [1, 16], "uv_size": [0.5, 0.5]},
								"west": {"uv": [16, 1], "uv_size": [0.5, 0.5]},
								"up": {"uv": [2, 16], "uv_size": [0.5, 0.5]},
								"down": {"uv": [16, 2.5], "uv_size": [0.5, -0.5]}
							}
						},
						{
							"origin": [-0.025, 0.0249, -2.57665],
							"size": [0.125, 0.05, 0.43229],
							"pivot": [0, 0.0499, -2.3605],
							"rotation": [0, 17.5, -90],
							"uv": {
								"south": {"uv": [3, 16], "uv_size": [0.5, 0.5]},
								"west": {"uv": [16, 3], "uv_size": [0.5, 0.5]},
								"up": {"uv": [4, 16], "uv_size": [0.5, 0.5]},
								"down": {"uv": [16, 4.5], "uv_size": [0.5, -0.5]}
							}
						}
					]
				}
			]
		}
	]
}