{
  "materials": [
    {
      "item": {
        "tag": "forge:ingots/iron"
      },
      "count": 5
    },
    {
      "item": {
        "tag": "forge:ingots/gold"
      },
      "count": 2
    },
    {
      "item": {
        "tag": "forge:gems/quartz"
      },
      "count": 3
    },
    {
      "item": {
        "tag": "forge:gems/diamond"
      },
      "count": 2
    },
    {
      "item": {
        "item": "minecraft:netherite_ingot"
      },
      "count": 1
    }
  ],
  "result": {
    "type": "attachment",
    "id": "cib:change"
  },
  "type": "tacz:gun_smith_table_crafting"
}