{
	"format_version": "1.12.0",
	"minecraft:geometry": [
		{
			"description": {
				"identifier": "geometry.unknown",
				"texture_width": 16,
				"texture_height": 16,
				"visible_bounds_width": 2,
				"visible_bounds_height": 1.5,
				"visible_bounds_offset": [0, 0.25, 0]
			},
			"bones": [
				{
					"name": "root",
					"pivot": [0, 0, 1.25],
					"cubes": [
						{
							"origin": [-0.375, -0.25, 0],
							"size": [0.75, 0.25, 2.5],
							"uv": {
								"north": {"uv": [12, 9], "uv_size": [1, 0.5]},
								"east": {"uv": [9, 8], "uv_size": [2.5, 0.5]},
								"south": {"uv": [12, 10], "uv_size": [1, 0.5]},
								"west": {"uv": [9, 9], "uv_size": [2.5, 0.5]},
								"up": {"uv": [5, 0], "uv_size": [1, 2.5]},
								"down": {"uv": [5, 5.5], "uv_size": [1, -2.5]}
							}
						},
						{
							"origin": [-0.5, -4.75, 0.75],
							"size": [1, 4, 1],
							"uv": {
								"north": {"uv": [0, 4], "uv_size": [1, 4]},
								"east": {"uv": [4, 0], "uv_size": [1, 4]},
								"south": {"uv": [1, 4], "uv_size": [1, 4]},
								"west": {"uv": [2, 4], "uv_size": [1, 4]},
								"up": {"uv": [3, 12], "uv_size": [1, 1]},
								"down": {"uv": [4, 13], "uv_size": [1, -1]}
							}
						},
						{
							"origin": [0.16384, -0.81687, 0.75],
							"size": [0.25, 0.5, 1],
							"pivot": [0.28884, -0.56687, 1.25],
							"rotation": [0, 0, -22.5],
							"uv": {
								"north": {"uv": [15, 7], "uv_size": [0.5, 0.5]},
								"east": {"uv": [14, 1], "uv_size": [1, 0.5]},
								"south": {"uv": [8, 15], "uv_size": [0.5, 0.5]},
								"west": {"uv": [14, 2], "uv_size": [1, 0.5]},
								"up": {"uv": [3, 14], "uv_size": [0.5, 1]},
								"down": {"uv": [14, 4], "uv_size": [0.5, -1]}
							}
						},
						{
							"origin": [-0.41384, -0.81687, 0.75],
							"size": [0.25, 0.5, 1],
							"pivot": [-0.28884, -0.56687, 1.25],
							"rotation": [0, 0, 22.5],
							"uv": {
								"north": {"uv": [15, 8], "uv_size": [0.5, 0.5]},
								"east": {"uv": [4, 14], "uv_size": [1, 0.5]},
								"south": {"uv": [9, 15], "uv_size": [0.5, 0.5]},
								"west": {"uv": [14, 4], "uv_size": [1, 0.5]},
								"up": {"uv": [5, 14], "uv_size": [0.5, 1]},
								"down": {"uv": [14, 6], "uv_size": [0.5, -1]}
							}
						},
						{
							"origin": [-0.375, -0.75, 0.75],
							"size": [0.75, 0.5, 1],
							"uv": {
								"north": {"uv": [12, 13], "uv_size": [1, 0.5]},
								"east": {"uv": [13, 12], "uv_size": [1, 0.5]},
								"south": {"uv": [13, 13], "uv_size": [1, 0.5]},
								"west": {"uv": [14, 0], "uv_size": [1, 0.5]},
								"up": {"uv": [8, 12], "uv_size": [1, 1]},
								"down": {"uv": [12, 9], "uv_size": [1, -1]}
							}
						},
						{
							"origin": [-0.375, -4.875, 0.75],
							"size": [0.75, 0.25, 1],
							"uv": {
								"north": {"uv": [12, 11], "uv_size": [1, 0.5]},
								"east": {"uv": [12, 12], "uv_size": [1, 0.5]},
								"south": {"uv": [13, 0], "uv_size": [1, 0.5]},
								"west": {"uv": [13, 1], "uv_size": [1, 0.5]},
								"up": {"uv": [6, 12], "uv_size": [1, 1]},
								"down": {"uv": [7, 13], "uv_size": [1, -1]}
							}
						},
						{
							"origin": [0.19508, -5.00758, 0.75],
							"size": [0.17678, 0.25, 1],
							"pivot": [0.125, -4.72411, 1.25],
							"rotation": [0, 0, -45],
							"uv": {
								"north": {"uv": [15, 3], "uv_size": [0.5, 0.5]},
								"east": {"uv": [3, 13], "uv_size": [1, 0.5]},
								"south": {"uv": [4, 15], "uv_size": [0.5, 0.5]},
								"west": {"uv": [4, 13], "uv_size": [1, 0.5]},
								"up": {"uv": [5, 13], "uv_size": [0.5, 1]},
								"down": {"uv": [13, 6], "uv_size": [0.5, -1]}
							}
						},
						{
							"origin": [-0.37186, -5.00758, 0.75],
							"size": [0.17678, 0.25, 1],
							"pivot": [-0.125, -4.72411, 1.25],
							"rotation": [0, 0, 45],
							"uv": {
								"north": {"uv": [15, 4], "uv_size": [0.5, 0.5]},
								"east": {"uv": [6, 13], "uv_size": [1, 0.5]},
								"south": {"uv": [5, 15], "uv_size": [0.5, 0.5]},
								"west": {"uv": [13, 6], "uv_size": [1, 0.5]},
								"up": {"uv": [7, 13], "uv_size": [0.5, 1]},
								"down": {"uv": [13, 8], "uv_size": [0.5, -1]}
							}
						},
						{
							"origin": [-0.37186, -5.00758, 0.5],
							"size": [0.17678, 0.25, 0.75],
							"pivot": [-0.125, -4.72411, 1],
							"rotation": [-90, -45, 90],
							"uv": {
								"north": {"uv": [15, 6], "uv_size": [0.5, 0.5]},
								"east": {"uv": [10, 13], "uv_size": [1, 0.5]},
								"south": {"uv": [7, 15], "uv_size": [0.5, 0.5]},
								"west": {"uv": [13, 10], "uv_size": [1, 0.5]},
								"up": {"uv": [11, 13], "uv_size": [0.5, 1]},
								"down": {"uv": [13, 12], "uv_size": [0.5, -1]}
							}
						},
						{
							"origin": [-0.05492, -5.00758, 1],
							"size": [0.17678, 0.25, 0.75],
							"pivot": [-0.125, -4.72411, 1.5],
							"rotation": [90, -45, -90],
							"uv": {
								"north": {"uv": [15, 5], "uv_size": [0.5, 0.5]},
								"east": {"uv": [8, 13], "uv_size": [1, 0.5]},
								"south": {"uv": [6, 15], "uv_size": [0.5, 0.5]},
								"west": {"uv": [13, 8], "uv_size": [1, 0.5]},
								"up": {"uv": [9, 13], "uv_size": [0.5, 1]},
								"down": {"uv": [13, 10], "uv_size": [0.5, -1]}
							}
						},
						{
							"origin": [0.00628, -4.75, 0.98483],
							"size": [0.25, 4, 0.17678],
							"pivot": [-0.11872, -3.25, 0.66161],
							"rotation": [0, 45, 0],
							"uv": {
								"north": {"uv": [6, 0], "uv_size": [0.5, 4]},
								"east": {"uv": [6, 4], "uv_size": [0.5, 4]},
								"south": {"uv": [5, 6], "uv_size": [0.5, 4]},
								"west": {"uv": [7, 0], "uv_size": [0.5, 4]},
								"up": {"uv": [13, 14], "uv_size": [0.5, 0.5]},
								"down": {"uv": [14, 13.5], "uv_size": [0.5, -0.5]}
							}
						},
						{
							"origin": [0.22411, -4.75, 1.63572],
							"size": [0.25, 4, 0.17678],
							"pivot": [0.34911, -3.25, 1.72411],
							"rotation": [0, -45, 0],
							"uv": {
								"north": {"uv": [7, 4], "uv_size": [0.5, 4]},
								"east": {"uv": [0, 8], "uv_size": [0.5, 4]},
								"south": {"uv": [8, 0], "uv_size": [0.5, 4]},
								"west": {"uv": [1, 8], "uv_size": [0.5, 4]},
								"up": {"uv": [14, 14], "uv_size": [0.5, 0.5]},
								"down": {"uv": [0, 15.5], "uv_size": [0.5, -0.5]}
							}
						},
						{
							"origin": [-0.25628, -4.75, 0.98483],
							"size": [0.25, 4, 0.17678],
							"pivot": [0.11872, -3.25, 0.66161],
							"rotation": [0, -45, 0],
							"uv": {
								"north": {"uv": [6, 8], "uv_size": [0.5, 4]},
								"east": {"uv": [7, 8], "uv_size": [0.5, 4]},
								"south": {"uv": [8, 8], "uv_size": [0.5, 4]},
								"west": {"uv": [9, 0], "uv_size": [0.5, 4]},
								"up": {"uv": [15, 1], "uv_size": [0.5, 0.5]},
								"down": {"uv": [2, 15.5], "uv_size": [0.5, -0.5]}
							}
						},
						{
							"origin": [-0.47411, -4.75, 1.63572],
							"size": [0.25, 4, 0.17678],
							"pivot": [-0.34911, -3.25, 1.72411],
							"rotation": [0, 45, 0],
							"uv": {
								"north": {"uv": [2, 8], "uv_size": [0.5, 4]},
								"east": {"uv": [3, 8], "uv_size": [0.5, 4]},
								"south": {"uv": [4, 8], "uv_size": [0.5, 4]},
								"west": {"uv": [8, 4], "uv_size": [0.5, 4]},
								"up": {"uv": [15, 0], "uv_size": [0.5, 0.5]},
								"down": {"uv": [1, 15.5], "uv_size": [0.5, -0.5]}
							}
						},
						{
							"origin": [-0.375, -4.75, 0.625],
							"size": [0.75, 4, 1.25],
							"uv": {
								"north": {"uv": [3, 4], "uv_size": [1, 4]},
								"east": {"uv": [0, 0], "uv_size": [1.5, 4]},
								"south": {"uv": [4, 4], "uv_size": [1, 4]},
								"west": {"uv": [2, 0], "uv_size": [1.5, 4]},
								"up": {"uv": [9, 4], "uv_size": [1, 1.5]},
								"down": {"uv": [9, 7.5], "uv_size": [1, -1.5]}
							}
						},
						{
							"origin": [-0.375, -0.81687, 0.71116],
							"size": [0.75, 0.5, 0.25],
							"pivot": [0, -0.56687, 0.83616],
							"rotation": [-22.5, 0, 0],
							"uv": {
								"north": {"uv": [6, 14], "uv_size": [1, 0.5]},
								"east": {"uv": [15, 9], "uv_size": [0.5, 0.5]},
								"south": {"uv": [14, 6], "uv_size": [1, 0.5]},
								"west": {"uv": [10, 15], "uv_size": [0.5, 0.5]},
								"up": {"uv": [7, 14], "uv_size": [1, 0.5]},
								"down": {"uv": [14, 7.5], "uv_size": [1, -0.5]}
							}
						},
						{
							"origin": [-0.375, -0.81687, 1.53884],
							"size": [0.75, 0.5, 0.25],
							"pivot": [0, -0.56687, 1.66384],
							"rotation": [22.5, 0, 0],
							"uv": {
								"north": {"uv": [8, 14], "uv_size": [1, 0.5]},
								"east": {"uv": [15, 10], "uv_size": [0.5, 0.5]},
								"south": {"uv": [14, 8], "uv_size": [1, 0.5]},
								"west": {"uv": [11, 15], "uv_size": [0.5, 0.5]},
								"up": {"uv": [9, 14], "uv_size": [1, 0.5]},
								"down": {"uv": [14, 9.5], "uv_size": [1, -0.5]}
							}
						},
						{
							"origin": [0.17678, -0.02145, 0],
							"size": [0.35355, 0.25, 2.5],
							"pivot": [0.55178, 0.10355, 1.25],
							"rotation": [0, 0, -45],
							"uv": {
								"north": {"uv": [11, 14], "uv_size": [0.5, 0.5]},
								"east": {"uv": [10, 5], "uv_size": [2.5, 0.5]},
								"south": {"uv": [14, 11], "uv_size": [0.5, 0.5]},
								"west": {"uv": [10, 6], "uv_size": [2.5, 0.5]},
								"up": {"uv": [9, 10], "uv_size": [0.5, 2.5]},
								"down": {"uv": [10, 12.5], "uv_size": [0.5, -2.5]}
							}
						},
						{
							"origin": [-0.53033, -0.02145, 0],
							"size": [0.35355, 0.25, 2.5],
							"pivot": [-0.55178, 0.10355, 1.25],
							"rotation": [0, 0, 45],
							"uv": {
								"north": {"uv": [12, 14], "uv_size": [0.5, 0.5]},
								"east": {"uv": [10, 7], "uv_size": [2.5, 0.5]},
								"south": {"uv": [14, 12], "uv_size": [0.5, 0.5]},
								"west": {"uv": [11, 2], "uv_size": [2.5, 0.5]},
								"up": {"uv": [11, 10], "uv_size": [0.5, 2.5]},
								"down": {"uv": [0, 14.5], "uv_size": [0.5, -2.5]}
							}
						},
						{
							"origin": [-0.625, 0, 0],
							"size": [0.25, 0.25, 2.5],
							"uv": {
								"north": {"uv": [10, 14], "uv_size": [0.5, 0.5]},
								"east": {"uv": [10, 0], "uv_size": [2.5, 0.5]},
								"south": {"uv": [14, 10], "uv_size": [0.5, 0.5]},
								"west": {"uv": [10, 1], "uv_size": [2.5, 0.5]},
								"up": {"uv": [10, 2], "uv_size": [0.5, 2.5]},
								"down": {"uv": [5, 12.5], "uv_size": [0.5, -2.5]}
							}
						},
						{
							"origin": [0.375, 0, 0],
							"size": [0.25, 0.25, 2.5],
							"uv": {
								"north": {"uv": [15, 2], "uv_size": [0.5, 0.5]},
								"east": {"uv": [11, 3], "uv_size": [2.5, 0.5]},
								"south": {"uv": [3, 15], "uv_size": [0.5, 0.5]},
								"west": {"uv": [11, 4], "uv_size": [2.5, 0.5]},
								"up": {"uv": [1, 12], "uv_size": [0.5, 2.5]},
								"down": {"uv": [2, 14.5], "uv_size": [0.5, -2.5]}
							}
						}
					]
				}
			]
		}
	]
}