{
	"format_version": "1.12.0",
	"minecraft:geometry": [
		{
			"description": {
				"identifier": "geometry.p2_peacekeeper - Converted",
				"texture_width": 32,
				"texture_height": 32,
				"visible_bounds_width": 2,
				"visible_bounds_height": 1.5,
				"visible_bounds_offset": [0, 0.25, 0]
			},
			"bones": [
				{
					"name": "laser_de",
					"pivot": [0, 0.87579, 0.6302],
					"rotation": [0, 0, -180],
					"cubes": [
						{
							"origin": [-0.5, 0.84407, -0.12525],
							"size": [1, 0.75, 2.75],
							"uv": {
								"north": {"uv": [2, 7], "uv_size": [1, 1]},
								"east": {"uv": [0, 0], "uv_size": [3, 1]},
								"west": {"uv": [0, 1], "uv_size": [3, 1]},
								"up": {"uv": [0, 2], "uv_size": [1, 3]},
								"down": {"uv": [1, 5], "uv_size": [1, -3]}
							}
						},
						{
							"origin": [-0.5, 1.09407, 2.62475],
							"size": [1, 0.25, 0.25],
							"uv": {
								"east": {"uv": [7, 18], "uv_size": [0.5, 0.5]},
								"south": {"uv": [15, 3], "uv_size": [1, 0.5]},
								"west": {"uv": [18, 7], "uv_size": [0.5, 0.5]}
							}
						},
						{
							"origin": [-0.499, 1.18874, 2.49975],
							"size": [0.998, 0.35355, 0.25],
							"pivot": [0, 1.4173, 2.62475],
							"rotation": [45, 0, 0],
							"uv": {
								"east": {"uv": [8, 18], "uv_size": [0.5, 0.5]},
								"south": {"uv": [15, 8], "uv_size": [1, 0.5]},
								"west": {"uv": [18, 8], "uv_size": [0.5, 0.5]}
							}
						},
						{
							"origin": [-0.499, 0.86552, 2.57297],
							"size": [0.998, 0.35355, 0.25],
							"pivot": [0, 1.09407, 2.69797],
							"rotation": [-45, 0, 0],
							"uv": {
								"east": {"uv": [9, 18], "uv_size": [0.5, 0.5]},
								"south": {"uv": [11, 15], "uv_size": [1, 0.5]},
								"west": {"uv": [18, 9], "uv_size": [0.5, 0.5]}
							}
						},
						{
							"origin": [-0.68306, 1.78602, -0.50025],
							"size": [0.125, 0.17678, 1],
							"pivot": [-0.23483, 1.91102, -1.00025],
							"rotation": [0, 0, -45],
							"uv": {
								"north": {"uv": [11, 18], "uv_size": [0.5, 0.5]},
								"east": {"uv": [15, 14], "uv_size": [1, 0.5]},
								"south": {"uv": [18, 11], "uv_size": [0.5, 0.5]},
								"west": {"uv": [15, 15], "uv_size": [1, 0.5]}
							}
						},
						{
							"origin": [0.55806, 1.78602, -0.50025],
							"size": [0.125, 0.17678, 1],
							"pivot": [0.23483, 1.91102, -1.00025],
							"rotation": [0, 0, 45],
							"uv": {
								"north": {"uv": [13, 18], "uv_size": [0.5, 0.5]},
								"east": {"uv": [4, 16], "uv_size": [1, 0.5]},
								"south": {"uv": [18, 13], "uv_size": [0.5, 0.5]},
								"west": {"uv": [16, 4], "uv_size": [1, 0.5]}
							}
						},
						{
							"origin": [-0.5, 1.40657, -0.37525],
							"size": [1, 0.0625, 2.5],
							"uv": {
								"north": {"uv": [12, 16], "uv_size": [1, 0.5]},
								"south": {"uv": [16, 12], "uv_size": [1, 0.5]},
								"down": {"uv": [3, 2.5], "uv_size": [1, -2.5]}
							}
						},
						{
							"origin": [-0.5, 1.46907, -0.50025],
							"size": [1, 0.125, 0.375],
							"uv": {
								"north": {"uv": [10, 16], "uv_size": [1, 0.5]},
								"east": {"uv": [16, 18], "uv_size": [0.5, 0.5]},
								"west": {"uv": [18, 16], "uv_size": [0.5, 0.5]},
								"up": {"uv": [11, 16], "uv_size": [1, 0.5]},
								"down": {"uv": [16, 11.5], "uv_size": [1, -0.5]}
							}
						},
						{
							"origin": [-0.62474, 1.59277, -0.37525],
							"size": [0.25, 0.125, 2.5],
							"pivot": [0.00026, 1.59277, 0.87475],
							"rotation": [0, 0, -22.5],
							"uv": {
								"north": {"uv": [17, 18], "uv_size": [0.5, 0.5]},
								"south": {"uv": [18, 17], "uv_size": [0.5, 0.5]},
								"up": {"uv": [3, 8], "uv_size": [0.5, 2.5]},
								"down": {"uv": [4, 10.5], "uv_size": [0.5, -2.5]}
							}
						},
						{
							"origin": [0.37474, 1.59277, -0.37525],
							"size": [0.25, 0.125, 2.5],
							"pivot": [-0.00026, 1.59277, 0.87475],
							"rotation": [0, 0, 22.5],
							"uv": {
								"north": {"uv": [18, 18], "uv_size": [0.5, 0.5]},
								"south": {"uv": [0, 19], "uv_size": [0.5, 0.5]},
								"up": {"uv": [0, 9], "uv_size": [0.5, 2.5]},
								"down": {"uv": [1, 11.5], "uv_size": [0.5, -2.5]}
							}
						},
						{
							"origin": [-0.375, 0.96907, -0.37525],
							"size": [0.75, 0.23438, 2.5],
							"uv": {
								"north": {"uv": [13, 16], "uv_size": [1, 0.5]},
								"up": {"uv": [3, 3], "uv_size": [1, 2.5]},
								"down": {"uv": [4, 2.5], "uv_size": [1, -2.5]}
							}
						},
						{
							"origin": [-0.53033, 1.19763, -0.37525],
							"size": [0.35355, 0.17188, 2.5],
							"pivot": [-0.55178, 1.32263, 0.87475],
							"rotation": [0, 0, 45],
							"uv": {
								"north": {"uv": [19, 0], "uv_size": [0.5, 0.5]},
								"south": {"uv": [1, 19], "uv_size": [0.5, 0.5]},
								"up": {"uv": [2, 9], "uv_size": [0.5, 2.5]},
								"down": {"uv": [8, 11.5], "uv_size": [0.5, -2.5]}
							}
						},
						{
							"origin": [0.17678, 1.19763, -0.37525],
							"size": [0.35355, 0.17188, 2.5],
							"pivot": [0.55178, 1.32263, 0.87475],
							"rotation": [0, 0, -45],
							"uv": {
								"north": {"uv": [19, 1], "uv_size": [0.5, 0.5]},
								"south": {"uv": [2, 19], "uv_size": [0.5, 0.5]},
								"up": {"uv": [9, 9], "uv_size": [0.5, 2.5]},
								"down": {"uv": [5, 12.5], "uv_size": [0.5, -2.5]}
							}
						},
						{
							"origin": [-0.625, 1.21907, -0.37525],
							"size": [0.125, 0.25, 2.5],
							"uv": {
								"north": {"uv": [19, 2], "uv_size": [0.5, 0.5]},
								"east": {"uv": [10, 9], "uv_size": [2.5, 0.5]},
								"south": {"uv": [3, 19], "uv_size": [0.5, 0.5]},
								"west": {"uv": [10, 10], "uv_size": [2.5, 0.5]}
							}
						},
						{
							"origin": [0.5, 1.21907, -0.37525],
							"size": [0.125, 0.25, 2.5],
							"uv": {
								"north": {"uv": [19, 3], "uv_size": [0.5, 0.5]},
								"east": {"uv": [11, 0], "uv_size": [2.5, 0.5]},
								"south": {"uv": [4, 19], "uv_size": [0.5, 0.5]},
								"west": {"uv": [11, 1], "uv_size": [2.5, 0.5]}
							}
						},
						{
							"origin": [-0.43235, 0.75739, -0.12525],
							"size": [0.8647, 0.125, 0.75],
							"uv": {
								"north": {"uv": [14, 16], "uv_size": [1, 0.5]},
								"south": {"uv": [15, 16], "uv_size": [1, 0.5]}
							}
						},
						{
							"origin": [-0.375, 0.71907, 1.12475],
							"size": [0.75, 0.125, 1.5],
							"uv": {
								"north": {"uv": [16, 16], "uv_size": [1, 0.5]},
								"south": {"uv": [0, 17], "uv_size": [1, 0.5]}
							}
						},
						{
							"origin": [-0.2071, -0.21843, 1.12475],
							"size": [0.4142, 1, 1.5],
							"uv": {
								"north": {"uv": [17, 0], "uv_size": [0.5, 1]},
								"south": {"uv": [1, 17], "uv_size": [0.5, 1]},
								"down": {"uv": [9, 14.5], "uv_size": [0.5, -1.5]}
							}
						},
						{
							"origin": [-0.2071, -0.21843, -0.12525],
							"size": [0.4142, 1, 0.75],
							"uv": {
								"north": {"uv": [17, 1], "uv_size": [0.5, 1]},
								"south": {"uv": [2, 17], "uv_size": [0.5, 1]},
								"down": {"uv": [3, 18], "uv_size": [0.5, -1]}
							}
						},
						{
							"origin": [-0.2071, -0.21843, 1.12475],
							"size": [0.4142, 1, 1.5],
							"pivot": [0, 0.28157, 1.06225],
							"rotation": [0, 0, 45],
							"uv": {
								"north": {"uv": [17, 3], "uv_size": [0.5, 1]},
								"south": {"uv": [4, 17], "uv_size": [0.5, 1]},
								"up": {"uv": [13, 9], "uv_size": [0.5, 1.5]},
								"down": {"uv": [13, 12.5], "uv_size": [0.5, -1.5]}
							}
						},
						{
							"origin": [-0.2071, -0.21843, -0.12525],
							"size": [0.4142, 1, 0.75],
							"pivot": [0, 0.28157, 1.06225],
							"rotation": [0, 0, 45],
							"uv": {
								"north": {"uv": [17, 4], "uv_size": [0.5, 1]},
								"south": {"uv": [5, 17], "uv_size": [0.5, 1]},
								"up": {"uv": [17, 5], "uv_size": [0.5, 1]},
								"down": {"uv": [6, 18], "uv_size": [0.5, -1]}
							}
						},
						{
							"origin": [-0.2071, -0.21843, 1.12475],
							"size": [0.4142, 1, 1.5],
							"pivot": [0, 0.28157, 1.06225],
							"rotation": [0, 0, 90],
							"uv": {
								"north": {"uv": [17, 6], "uv_size": [0.5, 1]},
								"south": {"uv": [7, 17], "uv_size": [0.5, 1]},
								"up": {"uv": [12, 13], "uv_size": [0.5, 1.5]},
								"down": {"uv": [13, 14.5], "uv_size": [0.5, -1.5]}
							}
						},
						{
							"origin": [-0.2071, -0.21843, -0.12525],
							"size": [0.4142, 1, 0.75],
							"pivot": [0, 0.28157, 1.06225],
							"rotation": [0, 0, 90],
							"uv": {
								"north": {"uv": [17, 7], "uv_size": [0.5, 1]},
								"south": {"uv": [8, 17], "uv_size": [0.5, 1]},
								"up": {"uv": [17, 8], "uv_size": [0.5, 1]},
								"down": {"uv": [9, 18], "uv_size": [0.5, -1]}
							}
						},
						{
							"origin": [-0.2071, -0.21843, 1.12475],
							"size": [0.4142, 1, 1.5],
							"pivot": [0, 0.28157, 1.06225],
							"rotation": [0, 0, 135],
							"uv": {
								"north": {"uv": [17, 9], "uv_size": [0.5, 1]},
								"south": {"uv": [10, 17], "uv_size": [0.5, 1]},
								"up": {"uv": [14, 0], "uv_size": [0.5, 1.5]},
								"down": {"uv": [14, 3.5], "uv_size": [0.5, -1.5]}
							}
						},
						{
							"origin": [-0.2071, -0.21843, -0.12525],
							"size": [0.4142, 1, 0.75],
							"pivot": [0, 0.28157, 1.06225],
							"rotation": [0, 0, 135],
							"uv": {
								"north": {"uv": [17, 10], "uv_size": [0.5, 1]},
								"south": {"uv": [11, 17], "uv_size": [0.5, 1]},
								"up": {"uv": [17, 11], "uv_size": [0.5, 1]},
								"down": {"uv": [12, 18], "uv_size": [0.5, -1]}
							}
						},
						{
							"origin": [-0.28898, -0.09011, -0.12525],
							"size": [0.25, 0.375, 0.75],
							"pivot": [0.21102, 0.47239, 0.24975],
							"rotation": [0, 0, 67.5],
							"uv": {
								"north": {"uv": [19, 4], "uv_size": [0.5, 0.5]},
								"south": {"uv": [5, 19], "uv_size": [0.5, 0.5]},
								"down": {"uv": [14, 18], "uv_size": [0.5, -1]}
							}
						},
						{
							"origin": [-0.28898, -0.09011, 1.12475],
							"size": [0.25, 0.375, 1.5],
							"pivot": [0.21102, 0.47239, 0.24975],
							"rotation": [0, 0, 67.5],
							"uv": {
								"north": {"uv": [19, 5], "uv_size": [0.5, 0.5]},
								"south": {"uv": [6, 19], "uv_size": [0.5, 0.5]},
								"down": {"uv": [6, 15.5], "uv_size": [0.5, -1.5]}
							}
						},
						{
							"origin": [0.03898, -0.09011, -0.12525],
							"size": [0.25, 0.375, 0.75],
							"pivot": [-0.21102, 0.47239, 0.24975],
							"rotation": [0, 0, -67.5],
							"uv": {
								"north": {"uv": [19, 6], "uv_size": [0.5, 0.5]},
								"south": {"uv": [7, 19], "uv_size": [0.5, 0.5]},
								"down": {"uv": [16, 18], "uv_size": [0.5, -1]}
							}
						},
						{
							"origin": [0.03898, -0.09011, 1.12475],
							"size": [0.25, 0.375, 1.5],
							"pivot": [-0.21102, 0.47239, 0.24975],
							"rotation": [0, 0, -67.5],
							"uv": {
								"north": {"uv": [19, 7], "uv_size": [0.5, 0.5]},
								"south": {"uv": [8, 19], "uv_size": [0.5, 0.5]},
								"down": {"uv": [14, 9.5], "uv_size": [0.5, -1.5]}
							}
						},
						{
							"origin": [-0.49682, 0.71432, 1.12475],
							"size": [0.17678, 0.125, 1.5],
							"pivot": [-0.40843, 0.77682, 1.06225],
							"rotation": [0, 0, -67.5],
							"uv": {
								"north": {"uv": [19, 8], "uv_size": [0.5, 0.5]},
								"south": {"uv": [9, 19], "uv_size": [0.5, 0.5]},
								"up": {"uv": [14, 11], "uv_size": [0.5, 1.5]}
							}
						},
						{
							"origin": [-0.49682, 0.71432, -0.12525],
							"size": [0.17678, 0.125, 0.75],
							"pivot": [-0.40843, 0.77682, 1.06225],
							"rotation": [0, 0, -67.5],
							"uv": {
								"north": {"uv": [19, 9], "uv_size": [0.5, 0.5]},
								"south": {"uv": [10, 19], "uv_size": [0.5, 0.5]},
								"up": {"uv": [0, 18], "uv_size": [0.5, 1]}
							}
						},
						{
							"origin": [0.32004, 0.71432, -0.12525],
							"size": [0.17678, 0.125, 0.75],
							"pivot": [0.40843, 0.77682, 1.06225],
							"rotation": [0, 0, 67.5],
							"uv": {
								"north": {"uv": [19, 10], "uv_size": [0.5, 0.5]},
								"south": {"uv": [11, 19], "uv_size": [0.5, 0.5]},
								"up": {"uv": [2, 18], "uv_size": [0.5, 1]}
							}
						},
						{
							"origin": [0.32004, 0.71432, 1.12475],
							"size": [0.17678, 0.125, 1.5],
							"pivot": [0.40843, 0.77682, 1.06225],
							"rotation": [0, 0, 67.5],
							"uv": {
								"north": {"uv": [19, 11], "uv_size": [0.5, 0.5]},
								"south": {"uv": [12, 19], "uv_size": [0.5, 0.5]},
								"up": {"uv": [15, 1], "uv_size": [0.5, 1.5]}
							}
						},
						{
							"origin": [-0.18639, -0.16843, 0.62475],
							"size": [0.37278, 0.9, 2.25],
							"pivot": [0, 0.28157, 1.12475],
							"rotation": [0, 0, 45],
							"uv": {
								"south": {"uv": [18, 3], "uv_size": [0.5, 1]},
								"up": {"uv": [10, 11], "uv_size": [0.5, 2.5]},
								"down": {"uv": [11, 13.5], "uv_size": [0.5, -2.5]}
							}
						},
						{
							"origin": [-0.18639, -0.16843, 0.62475],
							"size": [0.37278, 0.9, 2.25],
							"pivot": [0, 0.28157, 1.12475],
							"rotation": [0, 0, 135],
							"uv": {
								"south": {"uv": [18, 4], "uv_size": [0.5, 1]},
								"up": {"uv": [0, 12], "uv_size": [0.5, 2.5]},
								"down": {"uv": [1, 14.5], "uv_size": [0.5, -2.5]}
							}
						},
						{
							"origin": [-0.18639, -0.16843, 0.62475],
							"size": [0.37278, 0.9, 2.25],
							"pivot": [0, 0.28157, 1.12475],
							"rotation": [0, 0, 90],
							"uv": {
								"south": {"uv": [18, 5], "uv_size": [0.5, 1]},
								"up": {"uv": [2, 12], "uv_size": [0.5, 2.5]},
								"down": {"uv": [12, 4.5], "uv_size": [0.5, -2.5]}
							}
						},
						{
							"origin": [-0.18639, -0.16843, 0.62475],
							"size": [0.37278, 0.9, 2.25],
							"uv": {
								"south": {"uv": [18, 6], "uv_size": [0.5, 1]},
								"up": {"uv": [12, 5], "uv_size": [0.5, 2.5]},
								"down": {"uv": [8, 14.5], "uv_size": [0.5, -2.5]}
							}
						},
						{
							"origin": [-0.18639, 0.60657, -0.50025],
							"size": [0.37278, 0.125, 0.375],
							"pivot": [0, 0.28157, -0.12525],
							"rotation": [0, 0, 90],
							"uv": {
								"north": {"uv": [19, 12], "uv_size": [0.5, 0.5]},
								"up": {"uv": [19, 14], "uv_size": [0.5, 0.5]},
								"down": {"uv": [15, 19.5], "uv_size": [0.5, -0.5]}
							}
						},
						{
							"origin": [-0.18639, 0.60657, -0.50025],
							"size": [0.37278, 0.125, 0.375],
							"uv": {
								"north": {"uv": [19, 15], "uv_size": [0.5, 0.5]},
								"up": {"uv": [19, 17], "uv_size": [0.5, 0.5]},
								"down": {"uv": [18, 19.5], "uv_size": [0.5, -0.5]}
							}
						},
						{
							"origin": [-0.18639, 0.60657, -0.50025],
							"size": [0.37278, 0.125, 0.375],
							"pivot": [0, 0.28157, -0.12525],
							"rotation": [0, 0, 45],
							"uv": {
								"north": {"uv": [19, 18], "uv_size": [0.5, 0.5]},
								"up": {"uv": [1, 20], "uv_size": [0.5, 0.5]},
								"down": {"uv": [20, 1.5], "uv_size": [0.5, -0.5]}
							}
						},
						{
							"origin": [-0.18639, -0.16843, -0.50025],
							"size": [0.37278, 0.125, 0.375],
							"pivot": [0, 0.28157, -0.12525],
							"rotation": [0, 0, 135],
							"uv": {
								"north": {"uv": [2, 20], "uv_size": [0.5, 0.5]},
								"up": {"uv": [4, 20], "uv_size": [0.5, 0.5]},
								"down": {"uv": [20, 4.5], "uv_size": [0.5, -0.5]}
							}
						},
						{
							"origin": [-0.18639, 0.60657, -0.50025],
							"size": [0.37278, 0.125, 0.375],
							"pivot": [0, 0.28157, -0.12525],
							"rotation": [0, 0, -90],
							"uv": {
								"north": {"uv": [5, 20], "uv_size": [0.5, 0.5]},
								"up": {"uv": [7, 20], "uv_size": [0.5, 0.5]},
								"down": {"uv": [20, 7.5], "uv_size": [0.5, -0.5]}
							}
						},
						{
							"origin": [-0.18639, 0.60657, -0.50025],
							"size": [0.37278, 0.125, 0.375],
							"pivot": [0, 0.28157, -0.12525],
							"rotation": [0, 0, -135],
							"uv": {
								"north": {"uv": [8, 20], "uv_size": [0.5, 0.5]},
								"up": {"uv": [10, 20], "uv_size": [0.5, 0.5]},
								"down": {"uv": [20, 10.5], "uv_size": [0.5, -0.5]}
							}
						},
						{
							"origin": [-0.18639, 0.60657, -0.50025],
							"size": [0.37278, 0.125, 0.375],
							"pivot": [0, 0.28157, -0.12525],
							"rotation": [0, 0, -180],
							"uv": {
								"north": {"uv": [11, 20], "uv_size": [0.5, 0.5]},
								"up": {"uv": [13, 20], "uv_size": [0.5, 0.5]},
								"down": {"uv": [20, 13.5], "uv_size": [0.5, -0.5]}
							}
						},
						{
							"origin": [-0.18639, -0.16843, -0.50025],
							"size": [0.37278, 0.125, 0.375],
							"pivot": [0, 0.28157, -0.12525],
							"rotation": [0, 0, -45],
							"uv": {
								"north": {"uv": [14, 20], "uv_size": [0.5, 0.5]},
								"up": {"uv": [16, 20], "uv_size": [0.5, 0.5]},
								"down": {"uv": [20, 16.5], "uv_size": [0.5, -0.5]}
							}
						},
						{
							"origin": [-0.09319, 0.99407, -0.62525],
							"size": [0.18639, 0.45, 0.5],
							"uv": {
								"north": {"uv": [17, 20], "uv_size": [0.5, 0.5]},
								"up": {"uv": [19, 20], "uv_size": [0.5, 0.5]},
								"down": {"uv": [20, 19.5], "uv_size": [0.5, -0.5]}
							}
						},
						{
							"origin": [-0.09319, 0.99407, -0.62525],
							"size": [0.18639, 0.45, 0.5],
							"pivot": [0, 1.21907, -0.37525],
							"rotation": [0, 0, 90],
							"uv": {
								"north": {"uv": [20, 20], "uv_size": [0.5, 0.5]},
								"up": {"uv": [21, 1], "uv_size": [0.5, 0.5]},
								"down": {"uv": [2, 21.5], "uv_size": [0.5, -0.5]}
							}
						},
						{
							"origin": [-0.09319, 0.99407, -0.62525],
							"size": [0.18639, 0.45, 0.5],
							"pivot": [0, 1.21907, -0.37525],
							"rotation": [0, 0, 135],
							"uv": {
								"north": {"uv": [21, 2], "uv_size": [0.5, 0.5]},
								"up": {"uv": [21, 4], "uv_size": [0.5, 0.5]},
								"down": {"uv": [5, 21.5], "uv_size": [0.5, -0.5]}
							}
						},
						{
							"origin": [-0.09319, 0.99407, -0.62525],
							"size": [0.18639, 0.45, 0.5],
							"pivot": [0, 1.21907, -0.37525],
							"rotation": [0, 0, 45],
							"uv": {
								"north": {"uv": [21, 5], "uv_size": [0.5, 0.5]},
								"up": {"uv": [21, 7], "uv_size": [0.5, 0.5]},
								"down": {"uv": [8, 21.5], "uv_size": [0.5, -0.5]}
							}
						},
						{
							"origin": [-0.04659, 1.10657, -0.62525],
							"size": [0.0932, 0.225, 0.15],
							"inflate": 0.001,
							"pivot": [0, 1.21907, -0.55025],
							"rotation": [0, 0, 135],
							"uv": {
								"north": {"uv": [2, 2], "uv_size": [0.5, 0.5]}
							}
						},
						{
							"origin": [-0.04659, 1.10657, -0.62525],
							"size": [0.0932, 0.225, 0.15],
							"inflate": 0.001,
							"uv": {
								"north": {"uv": [2, 3], "uv_size": [0.5, 0.5]}
							}
						},
						{
							"origin": [-0.0466, 1.10657, -0.62525],
							"size": [0.0932, 0.225, 0.15],
							"inflate": 0.001,
							"pivot": [0, 1.21907, -0.55025],
							"rotation": [0, 0, 45],
							"uv": {
								"north": {"uv": [2, 4], "uv_size": [0.5, 0.5]}
							}
						},
						{
							"origin": [-0.0466, 1.10657, -0.62525],
							"size": [0.0932, 0.225, 0.15],
							"inflate": 0.001,
							"pivot": [0, 1.21907, -0.55025],
							"rotation": [0, 0, 90],
							"uv": {
								"north": {"uv": [4, 3], "uv_size": [0.5, 0.5]}
							}
						},
						{
							"origin": [-0.28661, 2.76595, -0.50025],
							"size": [0.17678, 0.09329, 1],
							"pivot": [0.17678, 2.09407, -1.00025],
							"rotation": [0, 0, -90],
							"uv": {
								"north": {"uv": [12, 18], "uv_size": [0.5, 0.5]},
								"south": {"uv": [18, 12], "uv_size": [0.5, 0.5]},
								"up": {"uv": [3, 16], "uv_size": [0.5, 1]},
								"down": {"uv": [16, 4], "uv_size": [0.5, -1]}
							}
						},
						{
							"origin": [-0.55806, 2.10924, -0.50025],
							"size": [0.125, 0.125, 1],
							"pivot": [-0.05806, 1.98424, -1.00025],
							"rotation": [0, 0, -45],
							"uv": {
								"north": {"uv": [10, 18], "uv_size": [0.5, 0.5]},
								"south": {"uv": [18, 10], "uv_size": [0.5, 0.5]},
								"west": {"uv": [13, 15], "uv_size": [1, 0.5]},
								"up": {"uv": [15, 13], "uv_size": [0.5, 1]},
								"down": {"uv": [14, 16], "uv_size": [0.5, -1]}
							}
						},
						{
							"origin": [0.43306, 2.10924, -0.50025],
							"size": [0.125, 0.125, 1],
							"pivot": [0.05806, 1.98424, -1.00025],
							"rotation": [0, 0, 45],
							"uv": {
								"north": {"uv": [15, 18], "uv_size": [0.5, 0.5]},
								"east": {"uv": [8, 16], "uv_size": [1, 0.5]},
								"south": {"uv": [18, 15], "uv_size": [0.5, 0.5]},
								"up": {"uv": [9, 16], "uv_size": [0.5, 1]},
								"down": {"uv": [16, 10], "uv_size": [0.5, -1]}
							}
						},
						{
							"origin": [0.10983, 2.76595, -0.50025],
							"size": [0.17678, 0.09329, 1],
							"pivot": [-0.17678, 2.09407, -1.00025],
							"rotation": [0, 0, 90],
							"uv": {
								"north": {"uv": [14, 18], "uv_size": [0.5, 0.5]},
								"south": {"uv": [18, 14], "uv_size": [0.5, 0.5]},
								"up": {"uv": [7, 16], "uv_size": [0.5, 1]},
								"down": {"uv": [16, 8], "uv_size": [0.5, -1]}
							}
						}
					]
				},
				{
					"name": "laser_beam",
					"pivot": [-0.001, 0.53292, -0.62525]
				}
			]
		}
	]
}