{
	"format_version": "1.12.0",
	"minecraft:geometry": [
		{
			"description": {
				"identifier": "geometry.unknown",
				"texture_width": 64,
				"texture_height": 64,
				"visible_bounds_width": 13,
				"visible_bounds_height": 7,
				"visible_bounds_offset": [0, 0.5, 0]
			},
			"bones": [
				{
					"name": "division",
					"pivot": [0.00003, 1.67331, -108.93828],
					"cubes": [
						{
							"origin": [-2.4805, 10.53381, -109.19791],
							"size": [4.96116, 3.6117, 0.51925],
							"pivot": [0.00009, 1.67475, -106.71328],
							"rotation": [0, 0, 22.5],
							"uv": {
								"south": {"uv": [24, 24], "uv_size": [4, 3]}
							}
						},
						{
							"origin": [-2.48067, 10.53381, -109.19791],
							"size": [4.96134, 3.6117, 0.51925],
							"pivot": [0.00009, 1.67475, -106.71328],
							"rotation": [0, 0, 45],
							"uv": {
								"south": {"uv": [24, 27], "uv_size": [4, 3]}
							}
						},
						{
							"origin": [-2.48067, 10.53381, -109.19791],
							"size": [4.96116, 3.6117, 0.51925],
							"pivot": [0.00009, 1.67475, -106.71328],
							"rotation": [0, 0, 67.5],
							"uv": {
								"south": {"uv": [28, 24], "uv_size": [4, 3]}
							}
						},
						{
							"origin": [-8.73067, 10.53381, -109.19791],
							"size": [17.46116, 39.8617, 0.51925],
							"pivot": [0.00009, 1.67475, -106.71328],
							"rotation": [0, 0, 90],
							"uv": {
								"south": {"uv": [24, 0], "uv_size": [14, 12]}
							}
						},
						{
							"origin": [-31.25951, -29.58503, -109.19791],
							"size": [39.99, 97.4417, 0.51925],
							"pivot": [0.00009, 19.13591, -106.71328],
							"rotation": [0, 0, 90],
							"uv": {
								"south": {"uv": [0, 0], "uv_size": [12, 38]}
							}
						},
						{
							"origin": [-38.75987, -29.6335, -109.19791],
							"size": [40.03884, 97.4417, 0.51925],
							"pivot": [-32.45144, -13.36409, -106.71328],
							"rotation": [0, 0, 90],
							"uv": {
								"south": {"uv": [12, 0], "uv_size": [12, 38]}
							}
						},
						{
							"origin": [-2.48067, 10.53381, -109.19791],
							"size": [4.96116, 3.6117, 0.51925],
							"pivot": [0.00009, 1.67475, -106.71328],
							"rotation": [0, 0, 112.5],
							"uv": {
								"south": {"uv": [28, 27], "uv_size": [4, 3]}
							}
						},
						{
							"origin": [-2.48067, 10.53362, -109.19791],
							"size": [4.96116, 3.61189, 0.51925],
							"pivot": [0.00009, 1.67475, -106.71328],
							"rotation": [0, 0, 135],
							"uv": {
								"south": {"uv": [24, 30], "uv_size": [4, 3]}
							}
						},
						{
							"origin": [-2.4805, -10.7962, -109.19791],
							"size": [4.96116, 3.6117, 0.51925],
							"pivot": [0.00009, 1.67475, -106.71328],
							"rotation": [0, 0, -22.5],
							"uv": {
								"south": {"uv": [28, 30], "uv_size": [4, 3]}
							}
						},
						{
							"origin": [-2.4805, -10.7962, -109.19791],
							"size": [4.96116, 3.6117, 0.51925],
							"pivot": [0.00009, 1.67475, -106.71328],
							"rotation": [0, 0, 22.5],
							"uv": {
								"south": {"uv": [32, 24], "uv_size": [4, 3]}
							}
						},
						{
							"origin": [-2.48067, -10.7962, -109.19791],
							"size": [4.96134, 3.6117, 0.51925],
							"pivot": [0.00009, 1.67475, -106.71328],
							"rotation": [0, 0, 45],
							"uv": {
								"south": {"uv": [32, 27], "uv_size": [4, 3]}
							}
						},
						{
							"origin": [-2.48067, -10.7962, -109.19791],
							"size": [4.96116, 3.6117, 0.51925],
							"pivot": [0.00009, 1.67475, -106.71328],
							"rotation": [0, 0, 67.5],
							"uv": {
								"south": {"uv": [32, 30], "uv_size": [4, 3]}
							}
						},
						{
							"origin": [-8.73067, -47.04619, -109.19791],
							"size": [17.46116, 39.86169, 0.51925],
							"pivot": [0.00009, 1.67475, -106.71328],
							"rotation": [0, 0, 90],
							"uv": {
								"south": {"uv": [24, 12], "uv_size": [14, 12]}
							}
						},
						{
							"origin": [-2.48067, -10.7962, -109.19791],
							"size": [4.96116, 3.6117, 0.51925],
							"pivot": [0.00009, 1.67475, -106.71328],
							"rotation": [0, 0, 112.5],
							"uv": {
								"south": {"uv": [24, 33], "uv_size": [4, 3]}
							}
						},
						{
							"origin": [-2.48067, -10.79638, -109.19791],
							"size": [4.96116, 3.61188, 0.51925],
							"pivot": [0.00009, 1.67475, -106.71328],
							"rotation": [0, 0, 135],
							"uv": {
								"south": {"uv": [28, 33], "uv_size": [4, 3]}
							}
						},
						{
							"origin": [-2.4805, 10.53381, -109.19791],
							"size": [4.96116, 3.6117, 0.51925],
							"pivot": [0.00009, 1.67475, -106.71328],
							"rotation": [0, 0, -22.5],
							"uv": {
								"south": {"uv": [32, 33], "uv_size": [4, 3]}
							}
						}
					]
				},
				{
					"name": "bone_illuminated",
					"parent": "division",
					"pivot": [0, 1.66051, -108.93828],
					"cubes": [
						{
							"origin": [-0.23057, -7.18423, -109.19791],
							"size": [0.46116, 3.3433, 0.51925],
							"pivot": [0.00001, 1.67492, -108.93828],
							"rotation": [0, 0, -90],
							"uv": {
								"south": {"uv": [39, 29], "uv_size": [0.5, 2]}
							}
						},
						{
							"origin": [-0.10557, -4.71593, -109.19791],
							"size": [0.21115, 12.78171, 0.51925],
							"uv": {
								"south": {"uv": [24, 36], "uv_size": [0.5, 10]}
							}
						},
						{
							"origin": [5.63, 1.43966, -109.19791],
							"size": [3.115, 0.44169, 0.51925],
							"pivot": [0, 1.66051, -108.93828],
							"rotation": [0, 0, 90],
							"uv": {
								"south": {"uv": [40, 20], "uv_size": [2, 0.5]}
							}
						},
						{
							"origin": [-0.10557, -4.46593, -109.19791],
							"size": [0.21115, 12.28171, 0.51925],
							"pivot": [0, 1.67492, -108.93828],
							"rotation": [0, 0, -90],
							"uv": {
								"south": {"uv": [36, 24], "uv_size": [0.5, 10]}
							}
						},
						{
							"origin": [-0.23059, -7.18423, -109.19791],
							"size": [0.46116, 3.3433, 0.51925],
							"pivot": [-0.00001, 1.67492, -108.93828],
							"rotation": [0, 0, 90],
							"uv": {
								"south": {"uv": [20, 40], "uv_size": [0.5, 2]}
							}
						},
						{
							"origin": [-8.745, 1.43966, -109.19791],
							"size": [3.115, 0.44169, 0.51925],
							"pivot": [0, 1.66051, -108.93828],
							"rotation": [0, 0, 90],
							"uv": {
								"south": {"uv": [40, 21], "uv_size": [2, 0.5]}
							}
						}
					]
				},
				{
					"name": "views",
					"pivot": [0, 1.67332, 10.54609]
				},
				{
					"name": "scope_view",
					"parent": "views",
					"pivot": [0, 1.67332, 10.54609]
				},
				{
					"name": "scope_body",
					"pivot": [0.06264, 1.42737, -1.80692],
					"cubes": [
						{
							"origin": [-0.16406, 0.84986, 0.73749],
							"size": [0.32813, 0.21209, 0.80469],
							"uv": {
								"north": {"uv": [43, 16], "uv_size": [0.5, 0.5]},
								"up": {"uv": [17, 43], "uv_size": [0.5, 0.5]},
								"down": {"uv": [43, 17.5], "uv_size": [0.5, -0.5]}
							}
						},
						{
							"origin": [-0.16406, 2.28736, 0.73749],
							"size": [0.32813, 0.21209, 0.80469],
							"uv": {
								"north": {"uv": [18, 43], "uv_size": [0.5, 0.5]},
								"up": {"uv": [43, 18], "uv_size": [0.5, 0.5]},
								"down": {"uv": [19, 43.5], "uv_size": [0.5, -0.5]}
							}
						},
						{
							"origin": [-0.16406, 0.84986, 0.73749],
							"size": [0.32813, 0.21209, 0.80469],
							"pivot": [-0.00001, 1.67466, 1.13984],
							"rotation": [0, 0, -22.5],
							"uv": {
								"north": {"uv": [43, 19], "uv_size": [0.5, 0.5]},
								"up": {"uv": [43, 20], "uv_size": [0.5, 0.5]},
								"down": {"uv": [21, 43.5], "uv_size": [0.5, -0.5]}
							}
						},
						{
							"origin": [-0.16406, 2.28736, 0.73749],
							"size": [0.32813, 0.21209, 0.80469],
							"pivot": [-0.00001, 1.67466, 1.13984],
							"rotation": [0, 0, -22.5],
							"uv": {
								"north": {"uv": [43, 21], "uv_size": [0.5, 0.5]},
								"up": {"uv": [22, 43], "uv_size": [0.5, 0.5]},
								"down": {"uv": [43, 22.5], "uv_size": [0.5, -0.5]}
							}
						},
						{
							"origin": [-0.16406, 0.84986, 0.73749],
							"size": [0.32813, 0.21209, 0.80469],
							"pivot": [-0.00001, 1.67466, 1.13984],
							"rotation": [0, 0, 22.5],
							"uv": {
								"north": {"uv": [23, 43], "uv_size": [0.5, 0.5]},
								"up": {"uv": [43, 23], "uv_size": [0.5, 0.5]},
								"down": {"uv": [43, 24.5], "uv_size": [0.5, -0.5]}
							}
						},
						{
							"origin": [-0.16406, 2.28736, 0.73749],
							"size": [0.32813, 0.21209, 0.80469],
							"pivot": [-0.00001, 1.67466, 1.13984],
							"rotation": [0, 0, 22.5],
							"uv": {
								"north": {"uv": [25, 43], "uv_size": [0.5, 0.5]},
								"up": {"uv": [43, 25], "uv_size": [0.5, 0.5]},
								"down": {"uv": [26, 43.5], "uv_size": [0.5, -0.5]}
							}
						},
						{
							"origin": [-0.16407, 0.84986, 0.73749],
							"size": [0.32813, 0.21209, 0.80469],
							"pivot": [-0.00001, 1.67466, 1.13984],
							"rotation": [0, 0, 45],
							"uv": {
								"north": {"uv": [43, 26], "uv_size": [0.5, 0.5]},
								"up": {"uv": [27, 43], "uv_size": [0.5, 0.5]},
								"down": {"uv": [43, 27.5], "uv_size": [0.5, -0.5]}
							}
						},
						{
							"origin": [-0.16407, 2.28736, 0.73749],
							"size": [0.32813, 0.21209, 0.80469],
							"pivot": [-0.00001, 1.67466, 1.13984],
							"rotation": [0, 0, 45],
							"uv": {
								"north": {"uv": [28, 43], "uv_size": [0.5, 0.5]},
								"up": {"uv": [43, 28], "uv_size": [0.5, 0.5]},
								"down": {"uv": [29, 43.5], "uv_size": [0.5, -0.5]}
							}
						},
						{
							"origin": [-0.16407, 0.84986, 0.73749],
							"size": [0.32813, 0.21209, 0.80469],
							"pivot": [-0.00001, 1.67466, 1.13984],
							"rotation": [0, 0, 67.5],
							"uv": {
								"north": {"uv": [43, 29], "uv_size": [0.5, 0.5]},
								"up": {"uv": [30, 43], "uv_size": [0.5, 0.5]},
								"down": {"uv": [43, 30.5], "uv_size": [0.5, -0.5]}
							}
						},
						{
							"origin": [-0.16407, 2.28736, 0.73749],
							"size": [0.32813, 0.21209, 0.80469],
							"pivot": [-0.00001, 1.67466, 1.13984],
							"rotation": [0, 0, 67.5],
							"uv": {
								"north": {"uv": [31, 43], "uv_size": [0.5, 0.5]},
								"up": {"uv": [43, 31], "uv_size": [0.5, 0.5]},
								"down": {"uv": [32, 43.5], "uv_size": [0.5, -0.5]}
							}
						},
						{
							"origin": [-0.16407, 0.84986, 0.73749],
							"size": [0.32813, 0.21209, 0.80469],
							"pivot": [-0.00001, 1.67466, 1.13984],
							"rotation": [0, 0, 90],
							"uv": {
								"north": {"uv": [43, 32], "uv_size": [0.5, 0.5]},
								"up": {"uv": [33, 43], "uv_size": [0.5, 0.5]},
								"down": {"uv": [43, 33.5], "uv_size": [0.5, -0.5]}
							}
						},
						{
							"origin": [-0.16407, 2.28736, 0.73749],
							"size": [0.32813, 0.21209, 0.80469],
							"pivot": [-0.00001, 1.67466, 1.13984],
							"rotation": [0, 0, 90],
							"uv": {
								"north": {"uv": [34, 43], "uv_size": [0.5, 0.5]},
								"up": {"uv": [43, 34], "uv_size": [0.5, 0.5]},
								"down": {"uv": [35, 43.5], "uv_size": [0.5, -0.5]}
							}
						},
						{
							"origin": [-0.16407, 0.84986, 0.73749],
							"size": [0.32813, 0.21209, 0.80469],
							"pivot": [-0.00001, 1.67466, 1.13984],
							"rotation": [0, 0, 112.5],
							"uv": {
								"north": {"uv": [43, 35], "uv_size": [0.5, 0.5]},
								"up": {"uv": [36, 43], "uv_size": [0.5, 0.5]},
								"down": {"uv": [43, 36.5], "uv_size": [0.5, -0.5]}
							}
						},
						{
							"origin": [-0.16407, 2.28736, 0.73749],
							"size": [0.32813, 0.21209, 0.80469],
							"pivot": [-0.00001, 1.67466, 1.13984],
							"rotation": [0, 0, 112.5],
							"uv": {
								"north": {"uv": [37, 43], "uv_size": [0.5, 0.5]},
								"up": {"uv": [43, 37], "uv_size": [0.5, 0.5]},
								"down": {"uv": [38, 43.5], "uv_size": [0.5, -0.5]}
							}
						},
						{
							"origin": [-0.16407, 0.84986, 0.73749],
							"size": [0.32813, 0.21209, 0.80469],
							"pivot": [-0.00001, 1.67466, 1.13984],
							"rotation": [0, 0, 135],
							"uv": {
								"north": {"uv": [43, 38], "uv_size": [0.5, 0.5]},
								"up": {"uv": [39, 43], "uv_size": [0.5, 0.5]},
								"down": {"uv": [43, 39.5], "uv_size": [0.5, -0.5]}
							}
						},
						{
							"origin": [-0.16407, 2.28736, 0.73749],
							"size": [0.32813, 0.21209, 0.80469],
							"pivot": [-0.00001, 1.67466, 1.13984],
							"rotation": [0, 0, 135],
							"uv": {
								"north": {"uv": [40, 43], "uv_size": [0.5, 0.5]},
								"up": {"uv": [43, 40], "uv_size": [0.5, 0.5]},
								"down": {"uv": [41, 43.5], "uv_size": [0.5, -0.5]}
							}
						},
						{
							"origin": [-0.15586, 2.3161, -4.36738],
							"size": [0.31172, 0.14211, 5.76445],
							"pivot": [-0.00001, 1.67466, -1.48516],
							"rotation": [0, 0, 22.5],
							"uv": {
								"up": {"uv": [37, 24], "uv_size": [0.5, 4.5]},
								"down": {"uv": [37, 33.5], "uv_size": [0.5, -4.5]}
							}
						},
						{
							"origin": [-0.15586, 2.3161, -4.36738],
							"size": [0.31172, 0.14211, 5.76445],
							"uv": {
								"up": {"uv": [31, 37], "uv_size": [0.5, 4.5]},
								"down": {"uv": [32, 41.5], "uv_size": [0.5, -4.5]}
							}
						},
						{
							"origin": [-0.15586, 2.3161, -4.36738],
							"size": [0.31172, 0.14211, 5.76445],
							"pivot": [-0.00001, 1.67466, -1.48516],
							"rotation": [0, 0, -22.5],
							"uv": {
								"up": {"uv": [33, 37], "uv_size": [0.5, 4.5]},
								"down": {"uv": [34, 41.5], "uv_size": [0.5, -4.5]}
							}
						},
						{
							"origin": [-0.15587, 0.89108, -4.36738],
							"size": [0.31173, 0.14211, 5.76445],
							"pivot": [-0.00001, 1.67466, -1.48516],
							"rotation": [0, 0, 135],
							"uv": {
								"up": {"uv": [37, 34], "uv_size": [0.5, 4.5]},
								"down": {"uv": [35, 41.5], "uv_size": [0.5, -4.5]}
							}
						},
						{
							"origin": [-0.15587, 0.8911, -4.36738],
							"size": [0.31173, 0.14211, 5.76445],
							"pivot": [-0.00001, 1.67466, -1.48516],
							"rotation": [0, 0, 112.5],
							"uv": {
								"up": {"uv": [36, 37], "uv_size": [0.5, 4.5]},
								"down": {"uv": [0, 42.5], "uv_size": [0.5, -4.5]}
							}
						},
						{
							"origin": [-0.15587, 0.8911, -4.36738],
							"size": [0.31173, 0.14211, 5.76445],
							"pivot": [-0.00001, 1.67466, -1.48516],
							"rotation": [0, 0, 90],
							"uv": {
								"up": {"uv": [38, 0], "uv_size": [0.5, 4.5]},
								"down": {"uv": [1, 42.5], "uv_size": [0.5, -4.5]}
							}
						},
						{
							"origin": [-0.15587, 0.8911, -4.36738],
							"size": [0.31173, 0.14211, 5.76445],
							"pivot": [-0.00001, 1.67466, -1.48516],
							"rotation": [0, 0, 67.5],
							"uv": {
								"up": {"uv": [2, 38], "uv_size": [0.5, 4.5]},
								"down": {"uv": [3, 42.5], "uv_size": [0.5, -4.5]}
							}
						},
						{
							"origin": [-0.15587, 0.8911, -4.36738],
							"size": [0.31173, 0.14211, 5.76445],
							"pivot": [-0.00001, 1.67466, -1.48516],
							"rotation": [0, 0, 45],
							"uv": {
								"up": {"uv": [4, 38], "uv_size": [0.5, 4.5]},
								"down": {"uv": [5, 42.5], "uv_size": [0.5, -4.5]}
							}
						},
						{
							"origin": [-0.15586, 0.8911, -4.36738],
							"size": [0.31172, 0.14211, 5.76445],
							"pivot": [-0.00001, 1.67466, -1.48516],
							"rotation": [0, 0, 22.5],
							"uv": {
								"up": {"uv": [38, 5], "uv_size": [0.5, 4.5]},
								"down": {"uv": [6, 42.5], "uv_size": [0.5, -4.5]}
							}
						},
						{
							"origin": [-0.15586, 0.8911, -4.36738],
							"size": [0.31172, 0.14211, 5.76445],
							"uv": {
								"up": {"uv": [7, 38], "uv_size": [0.5, 4.5]},
								"down": {"uv": [8, 42.5], "uv_size": [0.5, -4.5]}
							}
						},
						{
							"origin": [-0.15586, 0.8911, -4.36738],
							"size": [0.31172, 0.14211, 5.76445],
							"pivot": [-0.00001, 1.67466, -1.48516],
							"rotation": [0, 0, -22.5],
							"uv": {
								"up": {"uv": [9, 38], "uv_size": [0.5, 4.5]},
								"down": {"uv": [10, 42.5], "uv_size": [0.5, -4.5]}
							}
						},
						{
							"origin": [-0.15587, 2.3161, -4.36738],
							"size": [0.31173, 0.14211, 5.76445],
							"pivot": [-0.00001, 1.67466, -1.48516],
							"rotation": [0, 0, 135],
							"uv": {
								"up": {"uv": [38, 10], "uv_size": [0.5, 4.5]},
								"down": {"uv": [11, 42.5], "uv_size": [0.5, -4.5]}
							}
						},
						{
							"origin": [-0.15587, 2.3161, -4.36738],
							"size": [0.31173, 0.14211, 5.76445],
							"pivot": [-0.00001, 1.67466, -1.48516],
							"rotation": [0, 0, 112.5],
							"uv": {
								"up": {"uv": [12, 38], "uv_size": [0.5, 4.5]},
								"down": {"uv": [13, 42.5], "uv_size": [0.5, -4.5]}
							}
						},
						{
							"origin": [-0.15587, 2.3161, -4.36738],
							"size": [0.31173, 0.14211, 5.76445],
							"pivot": [-0.00001, 1.67466, -1.48516],
							"rotation": [0, 0, 90],
							"uv": {
								"up": {"uv": [14, 38], "uv_size": [0.5, 4.5]},
								"down": {"uv": [15, 42.5], "uv_size": [0.5, -4.5]}
							}
						},
						{
							"origin": [-0.15587, 2.3161, -4.36738],
							"size": [0.31173, 0.14211, 5.76445],
							"pivot": [-0.00001, 1.67466, -1.48516],
							"rotation": [0, 0, 67.5],
							"uv": {
								"up": {"uv": [38, 15], "uv_size": [0.5, 4.5]},
								"down": {"uv": [16, 42.5], "uv_size": [0.5, -4.5]}
							}
						},
						{
							"origin": [-0.15587, 2.3161, -4.36738],
							"size": [0.31173, 0.14211, 5.76445],
							"pivot": [-0.00001, 1.67466, -1.48516],
							"rotation": [0, 0, 45],
							"uv": {
								"up": {"uv": [17, 38], "uv_size": [0.5, 4.5]},
								"down": {"uv": [18, 42.5], "uv_size": [0.5, -4.5]}
							}
						},
						{
							"origin": [-0.16406, 2.34986, -2.54376],
							"size": [0.32813, 0.14959, 3.14844],
							"uv": {
								"north": {"uv": [43, 41], "uv_size": [0.5, 0.5]},
								"south": {"uv": [42, 43], "uv_size": [0.5, 0.5]},
								"up": {"uv": [38, 22], "uv_size": [0.5, 2.5]},
								"down": {"uv": [23, 40.5], "uv_size": [0.5, -2.5]}
							}
						},
						{
							"origin": [-0.16406, 2.34986, -2.54376],
							"size": [0.32813, 0.14959, 3.14844],
							"pivot": [0, 1.67466, -2.26641],
							"rotation": [0, 0, -22.5],
							"uv": {
								"north": {"uv": [43, 42], "uv_size": [0.5, 0.5]},
								"south": {"uv": [43, 43], "uv_size": [0.5, 0.5]},
								"up": {"uv": [25, 38], "uv_size": [0.5, 2.5]},
								"down": {"uv": [38, 27.5], "uv_size": [0.5, -2.5]}
							}
						},
						{
							"origin": [-0.16406, 0.84986, -2.54376],
							"size": [0.32813, 0.14959, 3.14844],
							"pivot": [0, 1.67466, -2.26641],
							"rotation": [0, 0, 135],
							"uv": {
								"north": {"uv": [0, 44], "uv_size": [0.5, 0.5]},
								"south": {"uv": [44, 0], "uv_size": [0.5, 0.5]},
								"up": {"uv": [26, 38], "uv_size": [0.5, 2.5]},
								"down": {"uv": [27, 40.5], "uv_size": [0.5, -2.5]}
							}
						},
						{
							"origin": [-0.16406, 0.84986, -2.54376],
							"size": [0.32813, 0.14959, 3.14844],
							"pivot": [0, 1.67466, -2.26641],
							"rotation": [0, 0, 112.5],
							"uv": {
								"north": {"uv": [1, 44], "uv_size": [0.5, 0.5]},
								"south": {"uv": [44, 1], "uv_size": [0.5, 0.5]},
								"up": {"uv": [28, 38], "uv_size": [0.5, 2.5]},
								"down": {"uv": [38, 30.5], "uv_size": [0.5, -2.5]}
							}
						},
						{
							"origin": [-0.16406, 0.84986, -2.23126],
							"size": [0.64063, 0.14959, 2.83594],
							"pivot": [0, 1.67466, -2.26641],
							"rotation": [0, 0, 90],
							"uv": {
								"north": {"uv": [2, 44], "uv_size": [0.5, 0.5]},
								"south": {"uv": [44, 2], "uv_size": [0.5, 0.5]},
								"down": {"uv": [29, 40.5], "uv_size": [0.5, -2.5]}
							}
						},
						{
							"origin": [-0.28962, 0.84051, -2.23126],
							"size": [0.57813, 0.27459, 2.83594],
							"pivot": [-0.12556, 1.6653, -2.26641],
							"rotation": [0, 0, 45],
							"uv": {
								"north": {"uv": [3, 44], "uv_size": [0.5, 0.5]},
								"east": {"uv": [38, 31], "uv_size": [2.5, 0.5]},
								"south": {"uv": [44, 3], "uv_size": [0.5, 0.5]},
								"west": {"uv": [38, 32], "uv_size": [2.5, 0.5]},
								"up": {"uv": [30, 38], "uv_size": [0.5, 2.5]},
								"down": {"uv": [38, 35.5], "uv_size": [0.5, -2.5]}
							}
						},
						{
							"origin": [-0.11285, 0.66372, -2.23126],
							"size": [0.20313, 0.2746, 2.83594],
							"pivot": [0.05121, 1.48852, -2.26641],
							"rotation": [0, 0, 22.5],
							"uv": {
								"north": {"uv": [4, 44], "uv_size": [0.5, 0.5]},
								"east": {"uv": [38, 36], "uv_size": [2.5, 0.5]},
								"south": {"uv": [44, 4], "uv_size": [0.5, 0.5]},
								"west": {"uv": [38, 37], "uv_size": [2.5, 0.5]},
								"up": {"uv": [38, 38], "uv_size": [0.5, 2.5]},
								"down": {"uv": [39, 2.5], "uv_size": [0.5, -2.5]}
							}
						},
						{
							"origin": [-0.22834, 0.71156, -2.23126],
							"size": [0.45668, 0.2746, 2.83594],
							"uv": {
								"north": {"uv": [5, 44], "uv_size": [0.5, 0.5]},
								"east": {"uv": [39, 3], "uv_size": [2.5, 0.5]},
								"south": {"uv": [44, 5], "uv_size": [0.5, 0.5]},
								"west": {"uv": [39, 4], "uv_size": [2.5, 0.5]},
								"up": {"uv": [39, 5], "uv_size": [0.5, 2.5]},
								"down": {"uv": [39, 10.5], "uv_size": [0.5, -2.5]}
							}
						},
						{
							"origin": [-0.09027, 0.66372, -2.23126],
							"size": [0.20313, 0.2746, 2.83594],
							"pivot": [-0.05121, 1.48852, -2.26641],
							"rotation": [0, 0, -22.5],
							"uv": {
								"north": {"uv": [6, 44], "uv_size": [0.5, 0.5]},
								"east": {"uv": [39, 11], "uv_size": [2.5, 0.5]},
								"south": {"uv": [44, 6], "uv_size": [0.5, 0.5]},
								"west": {"uv": [39, 12], "uv_size": [2.5, 0.5]},
								"up": {"uv": [39, 13], "uv_size": [0.5, 2.5]},
								"down": {"uv": [39, 18.5], "uv_size": [0.5, -2.5]}
							}
						},
						{
							"origin": [0.49184, 0.93517, -2.23126],
							"size": [0.57813, 0.2746, 2.83594],
							"pivot": [0.6559, 1.13497, -0.96953],
							"rotation": [0, 0, 135],
							"uv": {
								"north": {"uv": [7, 44], "uv_size": [0.5, 0.5]},
								"east": {"uv": [39, 19], "uv_size": [2.5, 0.5]},
								"south": {"uv": [44, 7], "uv_size": [0.5, 0.5]},
								"west": {"uv": [39, 22], "uv_size": [2.5, 0.5]},
								"up": {"uv": [39, 23], "uv_size": [0.5, 2.5]},
								"down": {"uv": [39, 28.5], "uv_size": [0.5, -2.5]}
							}
						},
						{
							"origin": [-0.16406, 2.34986, -2.23126],
							"size": [0.64063, 0.14959, 2.83594],
							"pivot": [0, 1.67466, -2.26641],
							"rotation": [0, 0, 90],
							"uv": {
								"north": {"uv": [8, 44], "uv_size": [0.5, 0.5]},
								"south": {"uv": [44, 8], "uv_size": [0.5, 0.5]},
								"up": {"uv": [39, 33], "uv_size": [0.5, 2.5]}
							}
						},
						{
							"origin": [-0.27344, 0.09986, -2.23126],
							"size": [0.875, 1.64959, 1.74219],
							"pivot": [0, 0.92466, -2.26641],
							"rotation": [0, 0, 90],
							"uv": {
								"north": {"uv": [40, 23], "uv_size": [0.5, 1.5]},
								"south": {"uv": [40, 25], "uv_size": [0.5, 1.5]},
								"up": {"uv": [40, 27], "uv_size": [0.5, 1.5]},
								"down": {"uv": [40, 30.5], "uv_size": [0.5, -1.5]}
							}
						},
						{
							"origin": [-0.18751, 0.42361, -0.80356],
							"size": [0.3125, 1.64959, 0.74219],
							"pivot": [-0.00001, 1.24841, -0.18247],
							"rotation": [0, -45, 90],
							"uv": {
								"up": {"uv": [9, 44], "uv_size": [0.5, 0.5]},
								"down": {"uv": [44, 9.5], "uv_size": [0.5, -0.5]}
							}
						},
						{
							"origin": [-0.47005, 0.78891, -0.85377],
							"size": [0.3125, 1.0845, 0.99219],
							"pivot": [-0.28255, 1.04861, 0.01733],
							"rotation": [0, -45, 90],
							"uv": {
								"west": {"uv": [36, 34], "uv_size": [1, 1]}
							}
						},
						{
							"origin": [-0.28735, -0.17583, -0.55768],
							"size": [0.3125, 0.39959, 0.99219],
							"pivot": [-0.1311, 0.64897, 0.06342],
							"rotation": [-35.26439, -30, 144.73561],
							"uv": {
								"west": {"uv": [42, 29], "uv_size": [1, 0.5]}
							}
						},
						{
							"origin": [-0.02515, -0.17583, -0.55768],
							"size": [0.3125, 0.39959, 0.99219],
							"pivot": [0.1311, 0.64897, 0.06342],
							"rotation": [-35.26439, 30, -144.73561],
							"uv": {
								"east": {"uv": [42, 30], "uv_size": [1, 0.5]}
							}
						},
						{
							"origin": [-0.125, 0.15455, -2.51251],
							"size": [0.25, 1.64959, 0.36719],
							"pivot": [0, 0.97935, -2.32891],
							"rotation": [0, -22.5, 90],
							"uv": {
								"east": {"uv": [40, 33], "uv_size": [0.5, 1.5]},
								"up": {"uv": [10, 44], "uv_size": [0.5, 0.5]},
								"down": {"uv": [44, 10.5], "uv_size": [0.5, -0.5]}
							}
						},
						{
							"origin": [-0.125, 0.3108, -2.35626],
							"size": [0.25, 1.64959, 0.36719],
							"pivot": [0, 1.1356, -2.17266],
							"rotation": [0, -67.5, 90],
							"uv": {
								"east": {"uv": [40, 38], "uv_size": [0.5, 1.5]},
								"up": {"uv": [11, 44], "uv_size": [0.5, 0.5]},
								"down": {"uv": [44, 11.5], "uv_size": [0.5, -0.5]}
							}
						},
						{
							"origin": [-0.4375, -0.64297, -1.29341],
							"size": [0.875, 1.6496, 0.71094],
							"pivot": [0, 0.18183, -1.45356],
							"rotation": [0, -35, 90],
							"uv": {
								"west": {"uv": [40, 40], "uv_size": [0.5, 1.5]},
								"up": {"uv": [12, 44], "uv_size": [0.5, 0.5]},
								"down": {"uv": [44, 12.5], "uv_size": [0.5, -0.5]}
							}
						},
						{
							"origin": [-0.11719, 0.09986, -4.16094],
							"size": [0.8125, 1.64959, 1.92969],
							"pivot": [0, 0.92466, -4.00859],
							"rotation": [0, 0, 90],
							"uv": {
								"north": {"uv": [41, 0], "uv_size": [0.5, 1.5]},
								"east": {"uv": [19, 38], "uv_size": [1.5, 1.5]},
								"west": {"uv": [38, 20], "uv_size": [1.5, 1.5]},
								"up": {"uv": [41, 5], "uv_size": [0.5, 1.5]},
								"down": {"uv": [41, 8.5], "uv_size": [0.5, -1.5]}
							}
						},
						{
							"origin": [0.10156, -0.18139, -4.19219],
							"size": [0.59375, 1.49334, 3.77344],
							"pivot": [0, 0.54966, -4.00859],
							"rotation": [0, 0, 90],
							"uv": {
								"north": {"uv": [31, 42], "uv_size": [0.5, 1]},
								"east": {"uv": [31, 36], "uv_size": [3, 1]},
								"south": {"uv": [42, 31], "uv_size": [0.5, 1]},
								"west": {"uv": [34, 36], "uv_size": [3, 1]},
								"up": {"uv": [21, 38], "uv_size": [0.5, 3]},
								"down": {"uv": [22, 41], "uv_size": [0.5, -3]}
							}
						},
						{
							"origin": [-0.69647, -0.1773, -1.52813],
							"size": [0.92419, 1.90316, 0.38281],
							"pivot": [-0.23439, 0.68053, -1.33673],
							"rotation": [0, -22.5, 90],
							"uv": {
								"east": {"uv": [41, 9], "uv_size": [0.5, 1.5]},
								"west": {"uv": [41, 13], "uv_size": [0.5, 1.5]},
								"down": {"uv": [13, 44.5], "uv_size": [0.5, -0.5]}
							}
						},
						{
							"origin": [-0.69647, -0.1773, -1.52813],
							"size": [0.92419, 1.90316, 0.38281],
							"pivot": [-0.23439, 0.68053, -1.33673],
							"rotation": [0, 22.5, 90],
							"uv": {
								"east": {"uv": [41, 15], "uv_size": [0.5, 1.5]},
								"west": {"uv": [41, 17], "uv_size": [0.5, 1.5]},
								"down": {"uv": [44, 13.5], "uv_size": [0.5, -0.5]}
							}
						},
						{
							"origin": [-0.69647, -0.1773, -1.52813],
							"size": [0.92419, 1.90316, 0.38281],
							"pivot": [-0.23439, 0.68053, -1.33673],
							"rotation": [0, 67.5, 90],
							"uv": {
								"east": {"uv": [21, 41], "uv_size": [0.5, 1.5]},
								"west": {"uv": [22, 41], "uv_size": [0.5, 1.5]},
								"down": {"uv": [14, 44.5], "uv_size": [0.5, -0.5]}
							}
						},
						{
							"origin": [-0.69647, -0.1773, -1.52813],
							"size": [0.92419, 1.90316, 0.38281],
							"pivot": [-0.23439, 0.68053, -1.33673],
							"rotation": [-180, 67.5, -90],
							"uv": {
								"east": {"uv": [23, 41], "uv_size": [0.5, 1.5]},
								"west": {"uv": [41, 23], "uv_size": [0.5, 1.5]},
								"down": {"uv": [44, 14.5], "uv_size": [0.5, -0.5]}
							}
						},
						{
							"origin": [1.11469, -0.23699, -2.11484],
							"size": [0.73936, 0.39754, 0.30624],
							"pivot": [1.48436, 0.52428, -1.96173],
							"rotation": [0, 67.5, 90],
							"uv": {
								"east": {"uv": [15, 44], "uv_size": [0.5, 0.5]},
								"west": {"uv": [44, 15], "uv_size": [0.5, 0.5]},
								"up": {"uv": [16, 44], "uv_size": [0.5, 0.5]}
							}
						},
						{
							"origin": [1.11469, -0.23699, -2.11486],
							"size": [0.73936, 0.39754, 0.30625],
							"pivot": [1.48436, 0.52428, -1.96173],
							"rotation": [0, 22.5, 90],
							"uv": {
								"east": {"uv": [44, 16], "uv_size": [0.5, 0.5]},
								"west": {"uv": [17, 44], "uv_size": [0.5, 0.5]},
								"up": {"uv": [44, 17], "uv_size": [0.5, 0.5]}
							}
						},
						{
							"origin": [1.11469, -0.23699, -2.11484],
							"size": [0.73936, 0.39754, 0.30624],
							"pivot": [1.48436, 0.52428, -1.96173],
							"rotation": [0, -22.5, 90],
							"uv": {
								"east": {"uv": [18, 44], "uv_size": [0.5, 0.5]},
								"west": {"uv": [44, 18], "uv_size": [0.5, 0.5]},
								"up": {"uv": [19, 44], "uv_size": [0.5, 0.5]}
							}
						},
						{
							"origin": [1.11469, -0.23699, -2.11484],
							"size": [0.73936, 0.39754, 0.30624],
							"pivot": [1.48436, 0.52428, -1.96173],
							"rotation": [-180, 67.5, -90],
							"uv": {
								"east": {"uv": [44, 19], "uv_size": [0.5, 0.5]},
								"west": {"uv": [20, 44], "uv_size": [0.5, 0.5]},
								"up": {"uv": [44, 20], "uv_size": [0.5, 0.5]}
							}
						},
						{
							"origin": [0.91771, 0.48528, -1.16074],
							"size": [0.50831, 0.51549, 0.21054],
							"pivot": [1.17186, 0.96178, -1.05548],
							"rotation": [0, 22.5, 90],
							"uv": {
								"east": {"uv": [21, 44], "uv_size": [0.5, 0.5]},
								"west": {"uv": [44, 21], "uv_size": [0.5, 0.5]},
								"up": {"uv": [22, 44], "uv_size": [0.5, 0.5]}
							}
						},
						{
							"origin": [0.91771, 0.48528, -1.16074],
							"size": [0.50831, 0.51549, 0.21054],
							"pivot": [1.17186, 0.96178, -1.05548],
							"rotation": [0, -22.5, 90],
							"uv": {
								"east": {"uv": [44, 22], "uv_size": [0.5, 0.5]},
								"west": {"uv": [23, 44], "uv_size": [0.5, 0.5]},
								"up": {"uv": [44, 23], "uv_size": [0.5, 0.5]}
							}
						},
						{
							"origin": [0.91771, 0.48528, -1.16074],
							"size": [0.50831, 0.51549, 0.21054],
							"pivot": [1.17186, 0.96178, -1.05548],
							"rotation": [-180, 67.5, -90],
							"uv": {
								"east": {"uv": [44, 24], "uv_size": [0.5, 0.5]},
								"west": {"uv": [25, 44], "uv_size": [0.5, 0.5]},
								"up": {"uv": [44, 25], "uv_size": [0.5, 0.5]}
							}
						},
						{
							"origin": [0.91771, 0.48528, -1.16074],
							"size": [0.50831, 0.51549, 0.21054],
							"pivot": [1.17186, 0.96178, -1.05548],
							"rotation": [0, 67.5, 90],
							"uv": {
								"east": {"uv": [26, 44], "uv_size": [0.5, 0.5]},
								"west": {"uv": [44, 26], "uv_size": [0.5, 0.5]},
								"up": {"uv": [27, 44], "uv_size": [0.5, 0.5]}
							}
						},
						{
							"origin": [-0.08746, -0.83917, -4.16094],
							"size": [0.15778, 1.64959, 3.08951],
							"pivot": [0, -0.01438, -3.97377],
							"rotation": [0, 0, 90],
							"uv": {
								"north": {"uv": [25, 41], "uv_size": [0.5, 1.5]},
								"east": {"uv": [25, 36], "uv_size": [2.5, 1.5]},
								"west": {"uv": [28, 36], "uv_size": [2.5, 1.5]},
								"up": {"uv": [37, 39], "uv_size": [0.5, 2.5]},
								"down": {"uv": [39, 40.5], "uv_size": [0.5, -2.5]}
							}
						},
						{
							"origin": [-0.21246, -0.71417, -2.48124],
							"size": [0.25, 1.64959, 1.36718],
							"pivot": [0, 0.11062, -3.97377],
							"rotation": [0, 0, 90],
							"uv": {
								"north": {"uv": [41, 25], "uv_size": [0.5, 1.5]},
								"up": {"uv": [32, 42], "uv_size": [0.5, 1]},
								"down": {"uv": [42, 33], "uv_size": [0.5, -1]}
							}
						},
						{
							"origin": [-0.16406, 2.34986, -2.54376],
							"size": [0.32813, 0.14959, 3.14844],
							"pivot": [0, 1.67466, -2.26641],
							"rotation": [0, 0, 67.5],
							"uv": {
								"north": {"uv": [44, 27], "uv_size": [0.5, 0.5]},
								"south": {"uv": [28, 44], "uv_size": [0.5, 0.5]},
								"up": {"uv": [40, 0], "uv_size": [0.5, 2.5]},
								"down": {"uv": [40, 7.5], "uv_size": [0.5, -2.5]}
							}
						},
						{
							"origin": [-0.16406, 2.34986, -2.54376],
							"size": [0.32813, 0.14959, 3.14844],
							"pivot": [0, 1.67466, -2.26641],
							"rotation": [0, 0, 45],
							"uv": {
								"north": {"uv": [44, 28], "uv_size": [0.5, 0.5]},
								"south": {"uv": [29, 44], "uv_size": [0.5, 0.5]},
								"up": {"uv": [40, 8], "uv_size": [0.5, 2.5]},
								"down": {"uv": [40, 15.5], "uv_size": [0.5, -2.5]}
							}
						},
						{
							"origin": [-0.16406, 2.34986, -2.54376],
							"size": [0.32813, 0.14959, 3.14844],
							"pivot": [0, 1.67466, -2.26641],
							"rotation": [0, 0, 22.5],
							"uv": {
								"north": {"uv": [44, 29], "uv_size": [0.5, 0.5]},
								"south": {"uv": [30, 44], "uv_size": [0.5, 0.5]},
								"up": {"uv": [40, 16], "uv_size": [0.5, 2.5]},
								"down": {"uv": [19, 42.5], "uv_size": [0.5, -2.5]}
							}
						},
						{
							"origin": [-0.16406, 2.34986, -4.44999],
							"size": [0.32813, 0.14959, 1.83592],
							"uv": {
								"south": {"uv": [44, 30], "uv_size": [0.5, 0.5]},
								"up": {"uv": [26, 41], "uv_size": [0.5, 1.5]},
								"down": {"uv": [27, 42.5], "uv_size": [0.5, -1.5]}
							}
						},
						{
							"origin": [-0.16406, 2.34986, -4.44999],
							"size": [0.32813, 0.14959, 1.83592],
							"pivot": [0, 1.67466, -5.48516],
							"rotation": [0, 0, -22.5],
							"uv": {
								"south": {"uv": [31, 44], "uv_size": [0.5, 0.5]},
								"up": {"uv": [41, 27], "uv_size": [0.5, 1.5]},
								"down": {"uv": [28, 42.5], "uv_size": [0.5, -1.5]}
							}
						},
						{
							"origin": [-0.16406, 0.84986, -4.44999],
							"size": [0.32813, 0.14959, 1.83592],
							"pivot": [0, 1.67466, -5.48516],
							"rotation": [0, 0, 135],
							"uv": {
								"south": {"uv": [44, 31], "uv_size": [0.5, 0.5]},
								"up": {"uv": [29, 41], "uv_size": [0.5, 1.5]},
								"down": {"uv": [41, 30.5], "uv_size": [0.5, -1.5]}
							}
						},
						{
							"origin": [-0.16406, 0.84986, -4.44999],
							"size": [0.32813, 0.14959, 1.83592],
							"pivot": [0, 1.67466, -5.48516],
							"rotation": [0, 0, 112.5],
							"uv": {
								"south": {"uv": [32, 44], "uv_size": [0.5, 0.5]},
								"up": {"uv": [30, 41], "uv_size": [0.5, 1.5]},
								"down": {"uv": [41, 32.5], "uv_size": [0.5, -1.5]}
							}
						},
						{
							"origin": [-0.16406, 0.84986, -4.44999],
							"size": [0.32813, 0.14959, 1.83592],
							"pivot": [0, 1.67466, -5.48516],
							"rotation": [0, 0, 90],
							"uv": {
								"south": {"uv": [44, 32], "uv_size": [0.5, 0.5]},
								"up": {"uv": [41, 33], "uv_size": [0.5, 1.5]},
								"down": {"uv": [41, 36.5], "uv_size": [0.5, -1.5]}
							}
						},
						{
							"origin": [-0.16406, 0.84986, -4.44999],
							"size": [0.32813, 0.14959, 1.83592],
							"pivot": [0, 1.67466, -5.48516],
							"rotation": [0, 0, 67.5],
							"uv": {
								"south": {"uv": [33, 44], "uv_size": [0.5, 0.5]},
								"up": {"uv": [41, 37], "uv_size": [0.5, 1.5]},
								"down": {"uv": [38, 42.5], "uv_size": [0.5, -1.5]}
							}
						},
						{
							"origin": [-0.16406, 0.84986, -4.44999],
							"size": [0.32813, 0.14959, 1.83592],
							"pivot": [0, 1.67466, -5.48516],
							"rotation": [0, 0, 45],
							"uv": {
								"south": {"uv": [44, 33], "uv_size": [0.5, 0.5]},
								"up": {"uv": [39, 41], "uv_size": [0.5, 1.5]},
								"down": {"uv": [41, 40.5], "uv_size": [0.5, -1.5]}
							}
						},
						{
							"origin": [-0.16406, 2.34986, -4.44999],
							"size": [0.32813, 0.14959, 1.83592],
							"pivot": [0, 1.67466, -5.48516],
							"rotation": [0, 0, 135],
							"uv": {
								"south": {"uv": [34, 44], "uv_size": [0.5, 0.5]},
								"up": {"uv": [41, 41], "uv_size": [0.5, 1.5]},
								"down": {"uv": [42, 1.5], "uv_size": [0.5, -1.5]}
							}
						},
						{
							"origin": [-0.16406, 2.34986, -4.44999],
							"size": [0.32813, 0.14959, 1.83592],
							"pivot": [0, 1.67466, -5.48516],
							"rotation": [0, 0, 112.5],
							"uv": {
								"south": {"uv": [44, 34], "uv_size": [0.5, 0.5]},
								"up": {"uv": [42, 2], "uv_size": [0.5, 1.5]},
								"down": {"uv": [42, 5.5], "uv_size": [0.5, -1.5]}
							}
						},
						{
							"origin": [-0.16406, 2.34986, -4.44999],
							"size": [0.32813, 0.14959, 1.83592],
							"pivot": [0, 1.67466, -5.48516],
							"rotation": [0, 0, 90],
							"uv": {
								"south": {"uv": [35, 44], "uv_size": [0.5, 0.5]},
								"up": {"uv": [42, 6], "uv_size": [0.5, 1.5]},
								"down": {"uv": [42, 9.5], "uv_size": [0.5, -1.5]}
							}
						},
						{
							"origin": [-0.16406, 2.34986, -2.54374],
							"size": [0.32813, 0.14959, 0.31249],
							"pivot": [0, 1.67466, -3.57891],
							"rotation": [0, 0, 90],
							"uv": {
								"north": {"uv": [44, 35], "uv_size": [0.5, 0.5]},
								"up": {"uv": [36, 44], "uv_size": [0.5, 0.5]}
							}
						},
						{
							"origin": [-0.16406, 2.34986, -2.54374],
							"size": [0.32813, 0.14959, 0.31249],
							"pivot": [0, 1.67466, -3.57891],
							"rotation": [0, 0, 112.5],
							"uv": {
								"north": {"uv": [44, 36], "uv_size": [0.5, 0.5]},
								"up": {"uv": [37, 44], "uv_size": [0.5, 0.5]}
							}
						},
						{
							"origin": [-0.16406, 2.34986, -2.54374],
							"size": [0.32813, 0.14959, 0.31249],
							"pivot": [0, 1.67466, -3.57891],
							"rotation": [0, 0, 135],
							"uv": {
								"north": {"uv": [44, 37], "uv_size": [0.5, 0.5]},
								"up": {"uv": [38, 44], "uv_size": [0.5, 0.5]}
							}
						},
						{
							"origin": [-0.16406, 0.84986, -2.54374],
							"size": [0.32813, 0.14959, 0.31249],
							"pivot": [0, 1.67466, -3.57891],
							"rotation": [0, 0, 90],
							"uv": {
								"north": {"uv": [44, 38], "uv_size": [0.5, 0.5]},
								"down": {"uv": [39, 44.5], "uv_size": [0.5, -0.5]}
							}
						},
						{
							"origin": [-0.16406, 0.84986, -2.54374],
							"size": [0.32813, 0.14959, 0.31249],
							"pivot": [0, 1.67466, -3.57891],
							"rotation": [0, 0, 67.5],
							"uv": {
								"north": {"uv": [44, 39], "uv_size": [0.5, 0.5]},
								"down": {"uv": [40, 44.5], "uv_size": [0.5, -0.5]}
							}
						},
						{
							"origin": [-0.16406, 0.84986, -2.54374],
							"size": [0.32813, 0.14959, 0.31249],
							"pivot": [0, 1.67466, -3.57891],
							"rotation": [0, 0, 45],
							"uv": {
								"north": {"uv": [44, 40], "uv_size": [0.5, 0.5]},
								"down": {"uv": [41, 44.5], "uv_size": [0.5, -0.5]}
							}
						},
						{
							"origin": [-0.16406, 0.84986, -2.54374],
							"size": [0.32813, 0.14959, 0.31249],
							"pivot": [0, 1.67466, -3.57891],
							"rotation": [0, 0, 22.5],
							"uv": {
								"north": {"uv": [44, 41], "uv_size": [0.5, 0.5]},
								"east": {"uv": [42, 44], "uv_size": [0.5, 0.5]},
								"south": {"uv": [44, 42], "uv_size": [0.5, 0.5]},
								"west": {"uv": [43, 44], "uv_size": [0.5, 0.5]},
								"up": {"uv": [44, 43], "uv_size": [0.5, 0.5]},
								"down": {"uv": [44, 44.5], "uv_size": [0.5, -0.5]}
							}
						},
						{
							"origin": [-0.16406, 0.84986, -2.54374],
							"size": [0.32813, 0.14959, 0.31249],
							"uv": {
								"north": {"uv": [0, 45], "uv_size": [0.5, 0.5]},
								"east": {"uv": [45, 0], "uv_size": [0.5, 0.5]},
								"south": {"uv": [1, 45], "uv_size": [0.5, 0.5]},
								"west": {"uv": [45, 1], "uv_size": [0.5, 0.5]},
								"up": {"uv": [2, 45], "uv_size": [0.5, 0.5]},
								"down": {"uv": [45, 2.5], "uv_size": [0.5, -0.5]}
							}
						},
						{
							"origin": [-0.16406, 0.84986, -2.54374],
							"size": [0.32813, 0.14959, 0.31249],
							"pivot": [0, 1.67466, -3.57891],
							"rotation": [0, 0, -22.5],
							"uv": {
								"north": {"uv": [3, 45], "uv_size": [0.5, 0.5]},
								"east": {"uv": [45, 3], "uv_size": [0.5, 0.5]},
								"south": {"uv": [4, 45], "uv_size": [0.5, 0.5]},
								"west": {"uv": [45, 4], "uv_size": [0.5, 0.5]},
								"up": {"uv": [5, 45], "uv_size": [0.5, 0.5]},
								"down": {"uv": [45, 5.5], "uv_size": [0.5, -0.5]}
							}
						},
						{
							"origin": [-0.16406, 2.34986, -4.44999],
							"size": [0.32813, 0.14959, 1.83592],
							"pivot": [0, 1.67466, -5.48516],
							"rotation": [0, 0, 67.5],
							"uv": {
								"south": {"uv": [6, 45], "uv_size": [0.5, 0.5]},
								"up": {"uv": [42, 10], "uv_size": [0.5, 1.5]},
								"down": {"uv": [42, 13.5], "uv_size": [0.5, -1.5]}
							}
						},
						{
							"origin": [-0.16406, 2.34986, -4.44999],
							"size": [0.32813, 0.14959, 1.83592],
							"pivot": [0, 1.67466, -5.48516],
							"rotation": [0, 0, 45],
							"uv": {
								"south": {"uv": [45, 6], "uv_size": [0.5, 0.5]},
								"up": {"uv": [42, 14], "uv_size": [0.5, 1.5]},
								"down": {"uv": [42, 17.5], "uv_size": [0.5, -1.5]}
							}
						},
						{
							"origin": [-0.16406, 2.34986, -4.44999],
							"size": [0.32813, 0.14959, 1.83592],
							"pivot": [0, 1.67466, -5.48516],
							"rotation": [0, 0, 22.5],
							"uv": {
								"south": {"uv": [7, 45], "uv_size": [0.5, 0.5]},
								"up": {"uv": [42, 18], "uv_size": [0.5, 1.5]},
								"down": {"uv": [20, 43.5], "uv_size": [0.5, -1.5]}
							}
						},
						{
							"origin": [-0.17227, 0.80862, -4.46152],
							"size": [0.34453, 0.25081, 0.29647],
							"pivot": [0, 1.67466, -4.21953],
							"rotation": [0, 0, 90],
							"uv": {
								"north": {"uv": [45, 7], "uv_size": [0.5, 0.5]},
								"east": {"uv": [8, 45], "uv_size": [0.5, 0.5]},
								"south": {"uv": [45, 8], "uv_size": [0.5, 0.5]},
								"west": {"uv": [9, 45], "uv_size": [0.5, 0.5]},
								"up": {"uv": [45, 9], "uv_size": [0.5, 0.5]},
								"down": {"uv": [10, 45.5], "uv_size": [0.5, -0.5]}
							}
						},
						{
							"origin": [-0.17227, 0.80862, -4.46152],
							"size": [0.34453, 0.25081, 0.29647],
							"pivot": [0, 1.67466, -4.21953],
							"rotation": [0, 0, 112.5],
							"uv": {
								"north": {"uv": [45, 10], "uv_size": [0.5, 0.5]},
								"east": {"uv": [11, 45], "uv_size": [0.5, 0.5]},
								"south": {"uv": [45, 11], "uv_size": [0.5, 0.5]},
								"west": {"uv": [12, 45], "uv_size": [0.5, 0.5]},
								"up": {"uv": [45, 12], "uv_size": [0.5, 0.5]},
								"down": {"uv": [13, 45.5], "uv_size": [0.5, -0.5]}
							}
						},
						{
							"origin": [-0.17227, 0.80861, -4.46152],
							"size": [0.34453, 0.25082, 0.29647],
							"pivot": [0, 1.67466, -4.21953],
							"rotation": [0, 0, 135],
							"uv": {
								"north": {"uv": [45, 13], "uv_size": [0.5, 0.5]},
								"east": {"uv": [14, 45], "uv_size": [0.5, 0.5]},
								"south": {"uv": [45, 14], "uv_size": [0.5, 0.5]},
								"west": {"uv": [15, 45], "uv_size": [0.5, 0.5]},
								"up": {"uv": [45, 15], "uv_size": [0.5, 0.5]},
								"down": {"uv": [16, 45.5], "uv_size": [0.5, -0.5]}
							}
						},
						{
							"origin": [-0.17226, 2.28987, -4.46152],
							"size": [0.34453, 0.25081, 0.29647],
							"pivot": [0, 1.67466, -4.21953],
							"rotation": [0, 0, -22.5],
							"uv": {
								"north": {"uv": [45, 16], "uv_size": [0.5, 0.5]},
								"east": {"uv": [17, 45], "uv_size": [0.5, 0.5]},
								"south": {"uv": [45, 17], "uv_size": [0.5, 0.5]},
								"west": {"uv": [18, 45], "uv_size": [0.5, 0.5]},
								"up": {"uv": [45, 18], "uv_size": [0.5, 0.5]},
								"down": {"uv": [19, 45.5], "uv_size": [0.5, -0.5]}
							}
						},
						{
							"origin": [-0.17226, 2.28987, -4.46152],
							"size": [0.34453, 0.25081, 0.29647],
							"uv": {
								"north": {"uv": [45, 19], "uv_size": [0.5, 0.5]},
								"east": {"uv": [20, 45], "uv_size": [0.5, 0.5]},
								"south": {"uv": [45, 20], "uv_size": [0.5, 0.5]},
								"west": {"uv": [21, 45], "uv_size": [0.5, 0.5]},
								"up": {"uv": [45, 21], "uv_size": [0.5, 0.5]},
								"down": {"uv": [22, 45.5], "uv_size": [0.5, -0.5]}
							}
						},
						{
							"origin": [-0.17226, 2.28987, -4.46152],
							"size": [0.34453, 0.25081, 0.29647],
							"pivot": [0, 1.67466, -4.21953],
							"rotation": [0, 0, 22.5],
							"uv": {
								"north": {"uv": [45, 22], "uv_size": [0.5, 0.5]},
								"east": {"uv": [23, 45], "uv_size": [0.5, 0.5]},
								"south": {"uv": [45, 23], "uv_size": [0.5, 0.5]},
								"west": {"uv": [45, 24], "uv_size": [0.5, 0.5]},
								"up": {"uv": [25, 45], "uv_size": [0.5, 0.5]},
								"down": {"uv": [45, 25.5], "uv_size": [0.5, -0.5]}
							}
						},
						{
							"origin": [-0.17227, 2.28987, -4.46152],
							"size": [0.34454, 0.25081, 0.29647],
							"pivot": [0, 1.67466, -4.21953],
							"rotation": [0, 0, 45],
							"uv": {
								"north": {"uv": [26, 45], "uv_size": [0.5, 0.5]},
								"east": {"uv": [45, 26], "uv_size": [0.5, 0.5]},
								"south": {"uv": [27, 45], "uv_size": [0.5, 0.5]},
								"west": {"uv": [45, 27], "uv_size": [0.5, 0.5]},
								"up": {"uv": [28, 45], "uv_size": [0.5, 0.5]},
								"down": {"uv": [45, 28.5], "uv_size": [0.5, -0.5]}
							}
						},
						{
							"origin": [-0.17227, 2.28987, -4.46152],
							"size": [0.34453, 0.25081, 0.29647],
							"pivot": [0, 1.67466, -4.21953],
							"rotation": [0, 0, 67.5],
							"uv": {
								"north": {"uv": [29, 45], "uv_size": [0.5, 0.5]},
								"east": {"uv": [45, 29], "uv_size": [0.5, 0.5]},
								"south": {"uv": [30, 45], "uv_size": [0.5, 0.5]},
								"west": {"uv": [45, 30], "uv_size": [0.5, 0.5]},
								"up": {"uv": [31, 45], "uv_size": [0.5, 0.5]},
								"down": {"uv": [45, 31.5], "uv_size": [0.5, -0.5]}
							}
						},
						{
							"origin": [-0.17227, 2.28987, -4.46152],
							"size": [0.34453, 0.25081, 0.29647],
							"pivot": [0, 1.67466, -4.21953],
							"rotation": [0, 0, 90],
							"uv": {
								"north": {"uv": [32, 45], "uv_size": [0.5, 0.5]},
								"east": {"uv": [45, 32], "uv_size": [0.5, 0.5]},
								"south": {"uv": [33, 45], "uv_size": [0.5, 0.5]},
								"west": {"uv": [45, 33], "uv_size": [0.5, 0.5]},
								"up": {"uv": [34, 45], "uv_size": [0.5, 0.5]},
								"down": {"uv": [45, 34.5], "uv_size": [0.5, -0.5]}
							}
						},
						{
							"origin": [-0.17227, 2.28987, -4.46152],
							"size": [0.34453, 0.25081, 0.29647],
							"pivot": [0, 1.67466, -4.21953],
							"rotation": [0, 0, 112.5],
							"uv": {
								"north": {"uv": [35, 45], "uv_size": [0.5, 0.5]},
								"east": {"uv": [45, 35], "uv_size": [0.5, 0.5]},
								"south": {"uv": [36, 45], "uv_size": [0.5, 0.5]},
								"west": {"uv": [45, 36], "uv_size": [0.5, 0.5]},
								"up": {"uv": [37, 45], "uv_size": [0.5, 0.5]},
								"down": {"uv": [45, 37.5], "uv_size": [0.5, -0.5]}
							}
						},
						{
							"origin": [-0.17227, 2.28986, -4.46152],
							"size": [0.34453, 0.25083, 0.29647],
							"pivot": [0, 1.67466, -4.21953],
							"rotation": [0, 0, 135],
							"uv": {
								"north": {"uv": [38, 45], "uv_size": [0.5, 0.5]},
								"east": {"uv": [45, 38], "uv_size": [0.5, 0.5]},
								"south": {"uv": [39, 45], "uv_size": [0.5, 0.5]},
								"west": {"uv": [45, 39], "uv_size": [0.5, 0.5]},
								"up": {"uv": [40, 45], "uv_size": [0.5, 0.5]},
								"down": {"uv": [45, 40.5], "uv_size": [0.5, -0.5]}
							}
						},
						{
							"origin": [-0.17226, 0.80862, -4.46152],
							"size": [0.34453, 0.25081, 0.29647],
							"pivot": [0, 1.67466, -4.21953],
							"rotation": [0, 0, -22.5],
							"uv": {
								"north": {"uv": [41, 45], "uv_size": [0.5, 0.5]},
								"east": {"uv": [45, 41], "uv_size": [0.5, 0.5]},
								"south": {"uv": [42, 45], "uv_size": [0.5, 0.5]},
								"west": {"uv": [45, 42], "uv_size": [0.5, 0.5]},
								"up": {"uv": [43, 45], "uv_size": [0.5, 0.5]},
								"down": {"uv": [45, 43.5], "uv_size": [0.5, -0.5]}
							}
						},
						{
							"origin": [-0.17226, 0.80862, -4.46152],
							"size": [0.34453, 0.25081, 0.29647],
							"uv": {
								"north": {"uv": [44, 45], "uv_size": [0.5, 0.5]},
								"east": {"uv": [45, 44], "uv_size": [0.5, 0.5]},
								"south": {"uv": [45, 45], "uv_size": [0.5, 0.5]},
								"west": {"uv": [0, 46], "uv_size": [0.5, 0.5]},
								"up": {"uv": [46, 0], "uv_size": [0.5, 0.5]},
								"down": {"uv": [1, 46.5], "uv_size": [0.5, -0.5]}
							}
						},
						{
							"origin": [-0.17226, 0.80862, -4.46152],
							"size": [0.34453, 0.25081, 0.29647],
							"pivot": [0, 1.67466, -4.21953],
							"rotation": [0, 0, 22.5],
							"uv": {
								"north": {"uv": [46, 1], "uv_size": [0.5, 0.5]},
								"east": {"uv": [2, 46], "uv_size": [0.5, 0.5]},
								"south": {"uv": [46, 2], "uv_size": [0.5, 0.5]},
								"west": {"uv": [3, 46], "uv_size": [0.5, 0.5]},
								"up": {"uv": [46, 3], "uv_size": [0.5, 0.5]},
								"down": {"uv": [4, 46.5], "uv_size": [0.5, -0.5]}
							}
						},
						{
							"origin": [-0.17227, 0.80862, -4.46152],
							"size": [0.34454, 0.25081, 0.29647],
							"pivot": [0, 1.67466, -4.21953],
							"rotation": [0, 0, 45],
							"uv": {
								"north": {"uv": [46, 4], "uv_size": [0.5, 0.5]},
								"east": {"uv": [5, 46], "uv_size": [0.5, 0.5]},
								"south": {"uv": [46, 5], "uv_size": [0.5, 0.5]},
								"west": {"uv": [6, 46], "uv_size": [0.5, 0.5]},
								"up": {"uv": [46, 6], "uv_size": [0.5, 0.5]},
								"down": {"uv": [7, 46.5], "uv_size": [0.5, -0.5]}
							}
						},
						{
							"origin": [-0.17227, 0.80862, -4.46152],
							"size": [0.34453, 0.25081, 0.29647],
							"pivot": [0, 1.67466, -4.21953],
							"rotation": [0, 0, 67.5],
							"uv": {
								"north": {"uv": [46, 7], "uv_size": [0.5, 0.5]},
								"east": {"uv": [8, 46], "uv_size": [0.5, 0.5]},
								"south": {"uv": [46, 8], "uv_size": [0.5, 0.5]},
								"west": {"uv": [9, 46], "uv_size": [0.5, 0.5]},
								"up": {"uv": [46, 9], "uv_size": [0.5, 0.5]},
								"down": {"uv": [10, 46.5], "uv_size": [0.5, -0.5]}
							}
						}
					]
				},
				{
					"name": "ocular",
					"pivot": [0, 1.67466, 1.31952],
					"cubes": [
						{
							"origin": [-0.12271, 1.05771, 1.49907],
							"size": [0.24544, 1.23389, 0.04091],
							"pivot": [0, 1.67466, 1.51952],
							"rotation": [0, 0, 45],
							"uv": {
								"south": {"uv": [42, 21], "uv_size": [0.5, 1]}
							}
						},
						{
							"origin": [-0.12271, 1.05771, 1.49907],
							"size": [0.24544, 1.23389, 0.04091],
							"uv": {
								"south": {"uv": [42, 22], "uv_size": [0.5, 1]}
							}
						},
						{
							"origin": [-0.12272, 1.05771, 1.49907],
							"size": [0.24544, 1.23389, 0.04091],
							"pivot": [0, 1.67466, 1.51952],
							"rotation": [0, 0, 112.5],
							"uv": {
								"south": {"uv": [42, 23], "uv_size": [0.5, 1]}
							}
						},
						{
							"origin": [-0.12271, 1.05771, 1.49907],
							"size": [0.24544, 1.23389, 0.04091],
							"pivot": [0, 1.67466, 1.51952],
							"rotation": [0, 0, 90],
							"uv": {
								"south": {"uv": [42, 24], "uv_size": [0.5, 1]}
							}
						},
						{
							"origin": [-0.12271, 1.05771, 1.49907],
							"size": [0.24544, 1.23389, 0.04091],
							"pivot": [0, 1.67466, 1.51952],
							"rotation": [0, 0, 67.5],
							"uv": {
								"south": {"uv": [42, 25], "uv_size": [0.5, 1]}
							}
						},
						{
							"origin": [-0.12271, 1.05771, 1.49907],
							"size": [0.24544, 1.23389, 0.04091],
							"pivot": [0, 1.67466, 1.51952],
							"rotation": [0, 0, 22.5],
							"uv": {
								"south": {"uv": [42, 26], "uv_size": [0.5, 1]}
							}
						},
						{
							"origin": [-0.12271, 1.05771, 1.49907],
							"size": [0.24544, 1.23388, 0.04091],
							"pivot": [0, 1.67466, 1.51952],
							"rotation": [0, 0, -22.5],
							"uv": {
								"south": {"uv": [42, 27], "uv_size": [0.5, 1]}
							}
						},
						{
							"origin": [-0.12272, 1.05771, 1.49907],
							"size": [0.24544, 1.23389, 0.04091],
							"pivot": [0, 1.67466, 1.51952],
							"rotation": [0, 0, 135],
							"uv": {
								"south": {"uv": [42, 28], "uv_size": [0.5, 1]}
							}
						}
					]
				},
				{
					"name": "ocular_ring",
					"pivot": [0, 1.67466, 1.56953],
					"cubes": [
						{
							"origin": [-0.16406, 2.28736, 1.54218],
							"size": [0.32813, 0.21209, 0.05469],
							"pivot": [-0.00001, 1.67466, 1.56953],
							"rotation": [0, 0, 22.5],
							"uv": {
								"south": {"uv": [42, 33], "uv_size": [0.5, 0.5]},
								"up": {"uv": [34, 42], "uv_size": [0.5, 0.5]},
								"down": {"uv": [42, 34.5], "uv_size": [0.5, -0.5]}
							}
						},
						{
							"origin": [-0.16407, 2.28736, 1.54218],
							"size": [0.32813, 0.21209, 0.05469],
							"pivot": [-0.00001, 1.67466, 1.56953],
							"rotation": [0, 0, 45],
							"uv": {
								"south": {"uv": [35, 42], "uv_size": [0.5, 0.5]},
								"up": {"uv": [42, 35], "uv_size": [0.5, 0.5]},
								"down": {"uv": [36, 42.5], "uv_size": [0.5, -0.5]}
							}
						},
						{
							"origin": [-0.16407, 2.28736, 1.54218],
							"size": [0.32813, 0.21209, 0.05469],
							"pivot": [-0.00001, 1.67466, 1.56953],
							"rotation": [0, 0, 67.5],
							"uv": {
								"south": {"uv": [42, 36], "uv_size": [0.5, 0.5]},
								"up": {"uv": [37, 42], "uv_size": [0.5, 0.5]},
								"down": {"uv": [42, 37.5], "uv_size": [0.5, -0.5]}
							}
						},
						{
							"origin": [-0.16407, 2.28736, 1.54218],
							"size": [0.32813, 0.21209, 0.05469],
							"pivot": [-0.00001, 1.67466, 1.56953],
							"rotation": [0, 0, 90],
							"uv": {
								"south": {"uv": [42, 38], "uv_size": [0.5, 0.5]},
								"up": {"uv": [42, 39], "uv_size": [0.5, 0.5]},
								"down": {"uv": [40, 42.5], "uv_size": [0.5, -0.5]}
							}
						},
						{
							"origin": [-0.16406, 2.28736, 1.54218],
							"size": [0.32813, 0.21209, 0.05469],
							"uv": {
								"south": {"uv": [42, 40], "uv_size": [0.5, 0.5]},
								"up": {"uv": [42, 41], "uv_size": [0.5, 0.5]},
								"down": {"uv": [42, 42.5], "uv_size": [0.5, -0.5]}
							}
						},
						{
							"origin": [-0.16406, 2.28736, 1.54218],
							"size": [0.32813, 0.21209, 0.05469],
							"pivot": [-0.00001, 1.67466, 1.56953],
							"rotation": [0, 0, -22.5],
							"uv": {
								"south": {"uv": [0, 43], "uv_size": [0.5, 0.5]},
								"up": {"uv": [43, 0], "uv_size": [0.5, 0.5]},
								"down": {"uv": [1, 43.5], "uv_size": [0.5, -0.5]}
							}
						},
						{
							"origin": [-0.16407, 0.84986, 1.54218],
							"size": [0.32813, 0.21209, 0.05469],
							"pivot": [-0.00001, 1.67466, 1.56953],
							"rotation": [0, 0, 135],
							"uv": {
								"south": {"uv": [43, 1], "uv_size": [0.5, 0.5]},
								"up": {"uv": [2, 43], "uv_size": [0.5, 0.5]},
								"down": {"uv": [43, 2.5], "uv_size": [0.5, -0.5]}
							}
						},
						{
							"origin": [-0.16407, 0.84986, 1.54218],
							"size": [0.32813, 0.21209, 0.05469],
							"pivot": [-0.00001, 1.67466, 1.56953],
							"rotation": [0, 0, 112.5],
							"uv": {
								"south": {"uv": [3, 43], "uv_size": [0.5, 0.5]},
								"up": {"uv": [43, 3], "uv_size": [0.5, 0.5]},
								"down": {"uv": [4, 43.5], "uv_size": [0.5, -0.5]}
							}
						},
						{
							"origin": [-0.16407, 0.84986, 1.54218],
							"size": [0.32813, 0.21209, 0.05469],
							"pivot": [-0.00001, 1.67466, 1.56953],
							"rotation": [0, 0, 90],
							"uv": {
								"south": {"uv": [43, 4], "uv_size": [0.5, 0.5]},
								"up": {"uv": [5, 43], "uv_size": [0.5, 0.5]},
								"down": {"uv": [43, 5.5], "uv_size": [0.5, -0.5]}
							}
						},
						{
							"origin": [-0.16407, 0.84986, 1.54218],
							"size": [0.32813, 0.21209, 0.05469],
							"pivot": [-0.00001, 1.67466, 1.56953],
							"rotation": [0, 0, 67.5],
							"uv": {
								"south": {"uv": [6, 43], "uv_size": [0.5, 0.5]},
								"up": {"uv": [43, 6], "uv_size": [0.5, 0.5]},
								"down": {"uv": [7, 43.5], "uv_size": [0.5, -0.5]}
							}
						},
						{
							"origin": [-0.16407, 0.84986, 1.54218],
							"size": [0.32813, 0.21209, 0.05469],
							"pivot": [-0.00001, 1.67466, 1.56953],
							"rotation": [0, 0, 45],
							"uv": {
								"south": {"uv": [43, 7], "uv_size": [0.5, 0.5]},
								"up": {"uv": [8, 43], "uv_size": [0.5, 0.5]},
								"down": {"uv": [43, 8.5], "uv_size": [0.5, -0.5]}
							}
						},
						{
							"origin": [-0.16406, 0.84986, 1.54218],
							"size": [0.32813, 0.21209, 0.05469],
							"pivot": [-0.00001, 1.67466, 1.56953],
							"rotation": [0, 0, 22.5],
							"uv": {
								"south": {"uv": [9, 43], "uv_size": [0.5, 0.5]},
								"up": {"uv": [43, 9], "uv_size": [0.5, 0.5]},
								"down": {"uv": [10, 43.5], "uv_size": [0.5, -0.5]}
							}
						},
						{
							"origin": [-0.16406, 0.84986, 1.54218],
							"size": [0.32813, 0.21209, 0.05469],
							"uv": {
								"south": {"uv": [43, 10], "uv_size": [0.5, 0.5]},
								"up": {"uv": [11, 43], "uv_size": [0.5, 0.5]},
								"down": {"uv": [43, 11.5], "uv_size": [0.5, -0.5]}
							}
						},
						{
							"origin": [-0.16406, 0.84986, 1.54218],
							"size": [0.32813, 0.21209, 0.05469],
							"pivot": [-0.00001, 1.67466, 1.56953],
							"rotation": [0, 0, -22.5],
							"uv": {
								"south": {"uv": [12, 43], "uv_size": [0.5, 0.5]},
								"up": {"uv": [43, 12], "uv_size": [0.5, 0.5]},
								"down": {"uv": [13, 43.5], "uv_size": [0.5, -0.5]}
							}
						},
						{
							"origin": [-0.16407, 2.28736, 1.54218],
							"size": [0.32813, 0.21209, 0.05469],
							"pivot": [-0.00001, 1.67466, 1.56953],
							"rotation": [0, 0, 112.5],
							"uv": {
								"south": {"uv": [43, 13], "uv_size": [0.5, 0.5]},
								"up": {"uv": [14, 43], "uv_size": [0.5, 0.5]},
								"down": {"uv": [43, 14.5], "uv_size": [0.5, -0.5]}
							}
						},
						{
							"origin": [-0.16407, 2.28736, 1.54218],
							"size": [0.32813, 0.21209, 0.05469],
							"pivot": [-0.00001, 1.67466, 1.56953],
							"rotation": [0, 0, 135],
							"uv": {
								"south": {"uv": [15, 43], "uv_size": [0.5, 0.5]},
								"up": {"uv": [43, 15], "uv_size": [0.5, 0.5]},
								"down": {"uv": [16, 43.5], "uv_size": [0.5, -0.5]}
							}
						}
					]
				},
				{
					"name": "lens",
					"pivot": [0.44304, 1.40838, -4.21953],
					"cubes": [
						{
							"origin": [-0.33027, 1.78975, -4.11152],
							"size": [0.18827, 0.73044, 0.17148],
							"pivot": [-0.37676, 2.40496, -4.24453],
							"rotation": [0, 0, 45],
							"uv": {
								"north": {"uv": [33, 42], "uv_size": [0.5, 0.5]}
							}
						},
						{
							"origin": [-0.37392, 1.47983, -4.11152],
							"size": [0.25079, 1.23044, 0.17148],
							"pivot": [-0.4204, 2.09505, -4.24453],
							"rotation": [0, 0, 45],
							"uv": {
								"north": {"uv": [36, 35], "uv_size": [0.5, 1]}
							}
						},
						{
							"origin": [-0.29727, 0.93443, -4.11152],
							"size": [0.59454, 1.48044, 0.17148],
							"pivot": [0, 1.67466, -4.24453],
							"rotation": [0, 0, 45],
							"uv": {
								"north": {"uv": [40, 35], "uv_size": [0.5, 1]}
							}
						},
						{
							"origin": [0.3122, 0.7205, -4.11152],
							"size": [0.25077, 1.35544, 0.17148],
							"pivot": [0.26571, 1.58571, -4.24453],
							"rotation": [0, 0, 45],
							"uv": {
								"north": {"uv": [41, 2], "uv_size": [0.5, 1]}
							}
						},
						{
							"origin": [0.48953, 0.54317, -4.11152],
							"size": [0.18827, 1.10542, 0.17148],
							"pivot": [0.44304, 1.40838, -4.24453],
							"rotation": [0, 0, 45],
							"uv": {
								"north": {"uv": [42, 20], "uv_size": [0.5, 1]}
							}
						}
					]
				}
			]
		}
	]
}