{
	"format_version": "1.12.0",
	"minecraft:geometry": [
		{
			"description": {
				"identifier": "geometry.unknown",
				"texture_width": 256,
				"texture_height": 256,
				"visible_bounds_width": 11,
				"visible_bounds_height": 9,
				"visible_bounds_offset": [0, 0.5, 0]
			},
			"bones": [
				{
					"name": "division",
					"pivot": [0.00001, 1.53185, -79.6],
					"cubes": [
						{
							"origin": [-52.6731, 12.59284, -80.1],
							"size": [105.3464, 52.3782, 1],
							"uv": {
								"south": {"uv": [0, 0], "uv_size": [84.5, 42]}
							}
						},
						{
							"origin": [-2.67311, -11.90716, -80.1],
							"size": [5.3464, 2.3782, 1],
							"pivot": [0.00009, 1.53183, -82.975],
							"rotation": [0, 0, -157.5],
							"uv": {
								"south": {"uv": [85, 88], "uv_size": [4.5, 2]}
							}
						},
						{
							"origin": [-2.67311, -18.15716, -80.1],
							"size": [5.3464, 8.6282, 1],
							"pivot": [0.00009, 1.53183, -82.975],
							"rotation": [0, 0, -135],
							"uv": {
								"south": {"uv": [85, 60], "uv_size": [4.5, 7]}
							}
						},
						{
							"origin": [-2.67311, -11.90716, -80.1],
							"size": [5.3464, 2.3782, 1],
							"pivot": [0.00009, 1.53183, -82.975],
							"rotation": [0, 0, -112.5],
							"uv": {
								"south": {"uv": [90, 60], "uv_size": [4.5, 2]}
							}
						},
						{
							"origin": [-52.6731, -61.90716, -80.1],
							"size": [105.3464, 52.3782, 1],
							"pivot": [0.00009, 1.53183, -82.975],
							"rotation": [0, 0, -90],
							"uv": {
								"south": {"uv": [0, 42], "uv_size": [84.5, 42]}
							}
						},
						{
							"origin": [-70.93891, -54.40716, -80.1],
							"size": [126.8782, 10.7658, 1],
							"pivot": [0.00009, 9.03184, -82.975],
							"rotation": [0, 0, -90],
							"uv": {
								"south": {"uv": [85, 42], "uv_size": [101.5, 8.5]}
							}
						},
						{
							"origin": [-55.9393, -54.40716, -80.1],
							"size": [126.8782, 10.7658, 1],
							"pivot": [-0.00009, 9.03184, -82.975],
							"rotation": [0, 0, 90],
							"uv": {
								"south": {"uv": [85, 51], "uv_size": [101.5, 8.5]}
							}
						},
						{
							"origin": [-2.67311, -11.90716, -80.1],
							"size": [5.3464, 2.3782, 1],
							"pivot": [0.00009, 1.53183, -82.975],
							"rotation": [0, 0, -67.5],
							"uv": {
								"south": {"uv": [90, 62], "uv_size": [4.5, 2]}
							}
						},
						{
							"origin": [-2.67311, -18.15716, -80.1],
							"size": [5.3464, 8.6282, 1],
							"pivot": [0.00009, 1.53183, -82.975],
							"rotation": [0, 0, -45],
							"uv": {
								"south": {"uv": [85, 67], "uv_size": [4.5, 7]}
							}
						},
						{
							"origin": [-2.67311, -11.90716, -80.1],
							"size": [5.3464, 2.3782, 1],
							"pivot": [0.00009, 1.53183, -82.975],
							"rotation": [0, 0, -22.5],
							"uv": {
								"south": {"uv": [90, 64], "uv_size": [4.5, 2]}
							}
						},
						{
							"origin": [-52.6731, -61.90716, -80.1],
							"size": [105.3464, 52.3782, 1],
							"uv": {
								"south": {"uv": [0, 84], "uv_size": [84.5, 42]}
							}
						},
						{
							"origin": [-2.67311, 12.59284, -80.1],
							"size": [5.3464, 2.3782, 1],
							"pivot": [0.00009, 1.53183, -82.975],
							"rotation": [0, 0, -157.5],
							"uv": {
								"south": {"uv": [90, 66], "uv_size": [4.5, 2]}
							}
						},
						{
							"origin": [-2.67311, 12.59284, -80.1],
							"size": [5.3464, 8.6282, 1],
							"pivot": [0.00009, 1.53183, -82.975],
							"rotation": [0, 0, -135],
							"uv": {
								"south": {"uv": [85, 74], "uv_size": [4.5, 7]}
							}
						},
						{
							"origin": [-2.67311, 12.59284, -80.1],
							"size": [5.3464, 2.3782, 1],
							"pivot": [0.00009, 1.53183, -82.975],
							"rotation": [0, 0, -112.5],
							"uv": {
								"south": {"uv": [90, 68], "uv_size": [4.5, 2]}
							}
						},
						{
							"origin": [-52.6731, 12.59284, -80.1],
							"size": [105.3464, 52.3782, 1],
							"pivot": [0.00009, 1.53183, -82.975],
							"rotation": [0, 0, -90],
							"uv": {
								"south": {"uv": [85, 0], "uv_size": [84.5, 42]}
							}
						},
						{
							"origin": [-2.67311, 12.59284, -80.1],
							"size": [5.3464, 2.3782, 1],
							"pivot": [0.00009, 1.53183, -82.975],
							"rotation": [0, 0, -67.5],
							"uv": {
								"south": {"uv": [90, 70], "uv_size": [4.5, 2]}
							}
						},
						{
							"origin": [-2.67311, 12.59284, -80.1],
							"size": [5.3464, 8.6282, 1],
							"pivot": [0.00009, 1.53183, -82.975],
							"rotation": [0, 0, -45],
							"uv": {
								"south": {"uv": [85, 81], "uv_size": [4.5, 7]}
							}
						},
						{
							"origin": [-2.67311, 12.59284, -80.1],
							"size": [5.3464, 2.3782, 1],
							"pivot": [0.00009, 1.53183, -82.975],
							"rotation": [0, 0, -22.5],
							"uv": {
								"south": {"uv": [90, 72], "uv_size": [4.5, 2]}
							}
						}
					]
				},
				{
					"name": "dot_illuminated",
					"parent": "division",
					"pivot": [0.00003, 1.5319, -79.6],
					"cubes": [
						{
							"origin": [-0.17322, 1.09598, -80.1],
							"size": [0.3464, 0.8718, 1],
							"pivot": [0.00003, 1.53183, -79.6],
							"rotation": [0, 0, -135],
							"uv": {
								"south": {"uv": [98, 64], "uv_size": [0.5, 0.5]}
							}
						},
						{
							"origin": [-0.18574, 1.10107, -80.1],
							"size": [0.37151, 0.8614, 1],
							"uv": {
								"south": {"uv": [98, 65], "uv_size": [0.5, 0.5]}
							}
						},
						{
							"origin": [-0.17317, 1.096, -80.1],
							"size": [0.3464, 0.8718, 1],
							"pivot": [0.00003, 1.5319, -79.6],
							"rotation": [0, 0, -45],
							"uv": {
								"south": {"uv": [98, 66], "uv_size": [0.5, 0.5]}
							}
						},
						{
							"origin": [-0.18559, 1.1012, -80.1],
							"size": [0.37151, 0.8614, 1],
							"pivot": [0.00003, 1.5319, -79.6],
							"rotation": [0, 0, 90],
							"uv": {
								"south": {"uv": [98, 67], "uv_size": [0.5, 0.5]}
							}
						}
					]
				},
				{
					"name": "ocular_ring",
					"pivot": [0, 1.53193, -0.77187],
					"cubes": [
						{
							"origin": [-0.16707, 2.25449, 1.35312],
							"size": [0.33415, 0.11739, 0.09375],
							"uv": {
								"south": {"uv": [98, 68], "uv_size": [0.5, 0.5]},
								"up": {"uv": [98, 69], "uv_size": [0.5, 0.5]},
								"down": {"uv": [98, 70.5], "uv_size": [0.5, -0.5]}
							}
						},
						{
							"origin": [-0.16707, 2.25449, 1.35312],
							"size": [0.33415, 0.11739, 0.09375],
							"pivot": [0, 1.53193, -0.77187],
							"rotation": [0, 0, -22.5],
							"uv": {
								"south": {"uv": [98, 71], "uv_size": [0.5, 0.5]},
								"up": {"uv": [98, 72], "uv_size": [0.5, 0.5]},
								"down": {"uv": [98, 73.5], "uv_size": [0.5, -0.5]}
							}
						},
						{
							"origin": [-0.16707, 2.25449, 1.35312],
							"size": [0.33415, 0.11739, 0.09375],
							"pivot": [0, 1.53193, -0.77187],
							"rotation": [0, 0, -45],
							"uv": {
								"south": {"uv": [98, 74], "uv_size": [0.5, 0.5]},
								"up": {"uv": [98, 75], "uv_size": [0.5, 0.5]},
								"down": {"uv": [98, 76.5], "uv_size": [0.5, -0.5]}
							}
						},
						{
							"origin": [-0.16707, 2.25449, 1.35312],
							"size": [0.33415, 0.11739, 0.09375],
							"pivot": [0, 1.53193, -0.77187],
							"rotation": [0, 0, -67.5],
							"uv": {
								"south": {"uv": [98, 77], "uv_size": [0.5, 0.5]},
								"up": {"uv": [98, 78], "uv_size": [0.5, 0.5]},
								"down": {"uv": [98, 79.5], "uv_size": [0.5, -0.5]}
							}
						},
						{
							"origin": [-0.16707, 2.25449, 1.35312],
							"size": [0.33415, 0.11739, 0.09375],
							"pivot": [0, 1.53193, -0.77187],
							"rotation": [0, 0, -90],
							"uv": {
								"south": {"uv": [98, 80], "uv_size": [0.5, 0.5]},
								"up": {"uv": [98, 81], "uv_size": [0.5, 0.5]},
								"down": {"uv": [98, 82.5], "uv_size": [0.5, -0.5]}
							}
						},
						{
							"origin": [-0.16707, 2.25449, 1.35312],
							"size": [0.33415, 0.11739, 0.09375],
							"pivot": [0, 1.53193, -0.77187],
							"rotation": [0, 0, -112.5],
							"uv": {
								"south": {"uv": [98, 83], "uv_size": [0.5, 0.5]},
								"up": {"uv": [98, 84], "uv_size": [0.5, 0.5]},
								"down": {"uv": [85, 98.5], "uv_size": [0.5, -0.5]}
							}
						},
						{
							"origin": [-0.16707, 2.25449, 1.35312],
							"size": [0.33415, 0.11739, 0.09375],
							"pivot": [0, 1.53193, -0.77187],
							"rotation": [0, 0, -135],
							"uv": {
								"south": {"uv": [98, 85], "uv_size": [0.5, 0.5]},
								"up": {"uv": [86, 98], "uv_size": [0.5, 0.5]},
								"down": {"uv": [98, 86.5], "uv_size": [0.5, -0.5]}
							}
						},
						{
							"origin": [-0.16707, 2.25449, 1.35312],
							"size": [0.33415, 0.11739, 0.09375],
							"pivot": [0, 1.53193, -0.77187],
							"rotation": [0, 0, -157.5],
							"uv": {
								"south": {"uv": [87, 98], "uv_size": [0.5, 0.5]},
								"up": {"uv": [98, 87], "uv_size": [0.5, 0.5]},
								"down": {"uv": [88, 98.5], "uv_size": [0.5, -0.5]}
							}
						},
						{
							"origin": [-0.16707, 0.69199, 1.35312],
							"size": [0.33415, 0.11739, 0.09375],
							"uv": {
								"south": {"uv": [98, 88], "uv_size": [0.5, 0.5]},
								"up": {"uv": [89, 98], "uv_size": [0.5, 0.5]},
								"down": {"uv": [98, 89.5], "uv_size": [0.5, -0.5]}
							}
						},
						{
							"origin": [-0.16707, 0.69199, 1.35312],
							"size": [0.33415, 0.11739, 0.09375],
							"pivot": [0, 1.53193, -0.77187],
							"rotation": [0, 0, -22.5],
							"uv": {
								"south": {"uv": [90, 98], "uv_size": [0.5, 0.5]},
								"up": {"uv": [98, 90], "uv_size": [0.5, 0.5]},
								"down": {"uv": [91, 98.5], "uv_size": [0.5, -0.5]}
							}
						},
						{
							"origin": [-0.16707, 0.69199, 1.35312],
							"size": [0.33415, 0.11739, 0.09375],
							"pivot": [0, 1.53193, -0.77187],
							"rotation": [0, 0, -45],
							"uv": {
								"south": {"uv": [98, 91], "uv_size": [0.5, 0.5]},
								"up": {"uv": [92, 98], "uv_size": [0.5, 0.5]},
								"down": {"uv": [98, 92.5], "uv_size": [0.5, -0.5]}
							}
						},
						{
							"origin": [-0.16707, 0.69199, 1.35312],
							"size": [0.33415, 0.11739, 0.09375],
							"pivot": [0, 1.53193, -0.77187],
							"rotation": [0, 0, -67.5],
							"uv": {
								"south": {"uv": [93, 98], "uv_size": [0.5, 0.5]},
								"up": {"uv": [98, 93], "uv_size": [0.5, 0.5]},
								"down": {"uv": [94, 98.5], "uv_size": [0.5, -0.5]}
							}
						},
						{
							"origin": [-0.16707, 0.69199, 1.35312],
							"size": [0.33415, 0.11739, 0.09375],
							"pivot": [0, 1.53193, -0.77187],
							"rotation": [0, 0, -90],
							"uv": {
								"south": {"uv": [98, 94], "uv_size": [0.5, 0.5]},
								"up": {"uv": [95, 98], "uv_size": [0.5, 0.5]},
								"down": {"uv": [98, 95.5], "uv_size": [0.5, -0.5]}
							}
						},
						{
							"origin": [-0.16707, 0.69199, 1.35312],
							"size": [0.33415, 0.11739, 0.09375],
							"pivot": [0, 1.53193, -0.77187],
							"rotation": [0, 0, -112.5],
							"uv": {
								"south": {"uv": [96, 98], "uv_size": [0.5, 0.5]},
								"up": {"uv": [98, 96], "uv_size": [0.5, 0.5]},
								"down": {"uv": [97, 98.5], "uv_size": [0.5, -0.5]}
							}
						},
						{
							"origin": [-0.16707, 0.69199, 1.35312],
							"size": [0.33415, 0.11739, 0.09375],
							"pivot": [0, 1.53193, -0.77187],
							"rotation": [0, 0, -135],
							"uv": {
								"south": {"uv": [98, 97], "uv_size": [0.5, 0.5]},
								"up": {"uv": [98, 98], "uv_size": [0.5, 0.5]},
								"down": {"uv": [99, 60.5], "uv_size": [0.5, -0.5]}
							}
						},
						{
							"origin": [-0.16707, 0.69199, 1.35312],
							"size": [0.33415, 0.11739, 0.09375],
							"pivot": [0, 1.53193, -0.77187],
							"rotation": [0, 0, -157.5],
							"uv": {
								"south": {"uv": [99, 61], "uv_size": [0.5, 0.5]},
								"up": {"uv": [99, 62], "uv_size": [0.5, 0.5]},
								"down": {"uv": [99, 63.5], "uv_size": [0.5, -0.5]}
							}
						}
					]
				},
				{
					"name": "ocular",
					"pivot": [0, 1.53193, 1.18125],
					"cubes": [
						{
							"origin": [-0.15036, 0.77599, 1.22344],
							"size": [0.30072, 1.51189, 0],
							"pivot": [0, 1.53193, -1.78594],
							"rotation": [0, 0, -135],
							"uv": {
								"south": {"uv": [95, 73], "uv_size": [0.5, 1]}
							}
						},
						{
							"origin": [-0.15036, 0.77599, 1.22344],
							"size": [0.30072, 1.51189, 0],
							"pivot": [0, 1.53193, -1.78594],
							"rotation": [0, 0, -157.5],
							"uv": {
								"south": {"uv": [95, 74], "uv_size": [0.5, 1]}
							}
						},
						{
							"origin": [-0.15036, 0.77599, 1.22344],
							"size": [0.30072, 1.51189, 0],
							"pivot": [0, 1.53193, -1.78594],
							"rotation": [0, 0, -112.5],
							"uv": {
								"south": {"uv": [95, 75], "uv_size": [0.5, 1]}
							}
						},
						{
							"origin": [-0.15036, 0.77599, 1.22344],
							"size": [0.30072, 1.51189, 0],
							"pivot": [0, 1.53193, -1.78594],
							"rotation": [0, 0, -90],
							"uv": {
								"south": {"uv": [95, 76], "uv_size": [0.5, 1]}
							}
						},
						{
							"origin": [-0.15036, 0.77599, 1.22344],
							"size": [0.30072, 1.51189, 0],
							"pivot": [0, 1.53193, -1.78594],
							"rotation": [0, 0, -67.5],
							"uv": {
								"south": {"uv": [95, 77], "uv_size": [0.5, 1]}
							}
						},
						{
							"origin": [-0.15036, 0.77599, 1.22344],
							"size": [0.30072, 1.51189, 0],
							"pivot": [0, 1.53193, -1.78594],
							"rotation": [0, 0, -45],
							"uv": {
								"south": {"uv": [95, 78], "uv_size": [0.5, 1]}
							}
						},
						{
							"origin": [-0.15036, 0.77599, 1.22344],
							"size": [0.30072, 1.51189, 0],
							"pivot": [0, 1.53193, -1.78594],
							"rotation": [0, 0, -22.5],
							"uv": {
								"south": {"uv": [95, 79], "uv_size": [0.5, 1]}
							}
						},
						{
							"origin": [-0.15036, 0.77599, 1.22344],
							"size": [0.30072, 1.51189, 0],
							"uv": {
								"south": {"uv": [95, 84], "uv_size": [0.5, 1]}
							}
						}
					]
				},
				{
					"name": "lens",
					"pivot": [0, 1.53193, -3.975],
					"cubes": [
						{
							"origin": [-0.15036, 0.77599, -4.01719],
							"size": [0.30072, 1.51189, 0.08437],
							"pivot": [0, 1.53193, -6.94219],
							"rotation": [0, 0, -135],
							"uv": {
								"north": {"uv": [95, 85], "uv_size": [0.5, 1]}
							}
						},
						{
							"origin": [-0.36911, 0.77599, -4.01719],
							"size": [0.21875, 1.51189, 0.08437],
							"pivot": [0, 1.53193, -6.94219],
							"rotation": [0, 0, -135],
							"uv": {
								"north": {"uv": [95, 86], "uv_size": [0.5, 1]}
							}
						},
						{
							"origin": [-0.21444, 0.77757, -4.01719],
							"size": [0.21875, 1.19939, 0.08437],
							"pivot": [0.15468, 1.37725, -6.94219],
							"rotation": [0, 0, -135],
							"uv": {
								"north": {"uv": [92, 95], "uv_size": [0.5, 1]}
							}
						},
						{
							"origin": [0.00275, 0.84163, -4.01719],
							"size": [0.15625, 0.76189, 0.08437],
							"pivot": [0.30936, 1.22257, -6.94219],
							"rotation": [0, 0, -135],
							"uv": {
								"north": {"uv": [99, 64], "uv_size": [0.5, 0.5]}
							}
						},
						{
							"origin": [-0.60855, 1.47828, -4.01719],
							"size": [0.15625, 0.76189, 0.08437],
							"pivot": [-0.3273, 1.85922, -3.975],
							"rotation": [0, 0, 45],
							"uv": {
								"north": {"uv": [99, 65], "uv_size": [0.5, 0.5]}
							}
						},
						{
							"origin": [-0.4523, 1.25953, -4.01719],
							"size": [0.21875, 1.19939, 0.08437],
							"pivot": [-0.3273, 1.85922, -3.975],
							"rotation": [0, 0, 45],
							"uv": {
								"north": {"uv": [93, 95], "uv_size": [0.5, 1]}
							}
						},
						{
							"origin": [-0.23355, 1.10328, -4.01719],
							"size": [0.21875, 1.51189, 0.08437],
							"pivot": [-0.3273, 1.85922, -3.975],
							"rotation": [0, 0, 45],
							"uv": {
								"north": {"uv": [94, 95], "uv_size": [0.5, 1]}
							}
						}
					]
				},
				{
					"name": "scope_body",
					"pivot": [0.51939, 0.19311, -2.00625],
					"cubes": [
						{
							"origin": [-0.70312, -0.16423, -3.975],
							"size": [1.40625, 0.28125, 3.875],
							"uv": {
								"north": {"uv": [95, 94], "uv_size": [1, 0.5]},
								"east": {"uv": [90, 80], "uv_size": [3, 0.5]},
								"south": {"uv": [95, 95], "uv_size": [1, 0.5]},
								"west": {"uv": [90, 81], "uv_size": [3, 0.5]},
								"down": {"uv": [90, 77], "uv_size": [1, -3]}
							}
						},
						{
							"origin": [-0.66001, 0.05249, -3.975],
							"size": [0.3125, 0.28125, 3.875],
							"pivot": [-0.51939, 0.19311, -2.00625],
							"rotation": [0, 0, -67.5],
							"uv": {
								"north": {"uv": [99, 66], "uv_size": [0.5, 0.5]},
								"south": {"uv": [99, 67], "uv_size": [0.5, 0.5]},
								"up": {"uv": [90, 82], "uv_size": [0.5, 3]}
							}
						},
						{
							"origin": [-0.58354, 0.11702, -3.975],
							"size": [1.16708, 0.28871, 3.875],
							"uv": {
								"north": {"uv": [96, 64], "uv_size": [1, 0.5]},
								"south": {"uv": [96, 65], "uv_size": [1, 0.5]},
								"up": {"uv": [90, 77], "uv_size": [1, 3]}
							}
						},
						{
							"origin": [-0.42729, 0.40573, -3.975],
							"size": [0.85458, 0.10121, 3.875],
							"uv": {
								"north": {"uv": [99, 68], "uv_size": [0.5, 0.5]},
								"south": {"uv": [99, 69], "uv_size": [0.5, 0.5]},
								"up": {"uv": [85, 90], "uv_size": [0.5, 3]}
							}
						},
						{
							"origin": [0.38418, 0.26918, -3.975],
							"size": [0.07333, 0.22621, 3.875],
							"pivot": [0.42084, 0.44478, -2.0375],
							"rotation": [0, 0, -30],
							"uv": {
								"north": {"uv": [99, 70], "uv_size": [0.5, 0.5]},
								"south": {"uv": [99, 71], "uv_size": [0.5, 0.5]},
								"west": {"uv": [90, 85], "uv_size": [3, 0.5]}
							}
						},
						{
							"origin": [-0.4575, 0.26918, -3.975],
							"size": [0.07333, 0.22621, 3.875],
							"pivot": [-0.42084, 0.44478, -2.0375],
							"rotation": [0, 0, 30],
							"uv": {
								"north": {"uv": [99, 72], "uv_size": [0.5, 0.5]},
								"east": {"uv": [86, 90], "uv_size": [3, 0.5]},
								"south": {"uv": [99, 73], "uv_size": [0.5, 0.5]}
							}
						},
						{
							"origin": [-0.58354, 0.25694, -3.9125],
							"size": [1.16708, 0.56996, 3.34375],
							"uv": {
								"north": {"uv": [96, 66], "uv_size": [1, 0.5]},
								"east": {"uv": [95, 67], "uv_size": [2.5, 0.5]},
								"west": {"uv": [95, 68], "uv_size": [2.5, 0.5]}
							}
						},
						{
							"origin": [-0.16707, 2.25449, 0.13438],
							"size": [0.33415, 0.11739, 1.21875],
							"uv": {
								"north": {"uv": [99, 74], "uv_size": [0.5, 0.5]},
								"up": {"uv": [96, 73], "uv_size": [0.5, 1]},
								"down": {"uv": [96, 75], "uv_size": [0.5, -1]}
							}
						},
						{
							"origin": [-0.16707, 0.69199, 0.13438],
							"size": [0.33415, 0.11739, 1.21875],
							"uv": {
								"north": {"uv": [99, 75], "uv_size": [0.5, 0.5]},
								"up": {"uv": [96, 75], "uv_size": [0.5, 1]},
								"down": {"uv": [96, 77], "uv_size": [0.5, -1]}
							}
						},
						{
							"origin": [-0.16707, 2.25449, 0.13438],
							"size": [0.33415, 0.11739, 1.21875],
							"pivot": [0, 1.53193, -1.99062],
							"rotation": [0, 0, -22.5],
							"uv": {
								"north": {"uv": [99, 76], "uv_size": [0.5, 0.5]},
								"up": {"uv": [96, 77], "uv_size": [0.5, 1]},
								"down": {"uv": [96, 79], "uv_size": [0.5, -1]}
							}
						},
						{
							"origin": [-0.16707, 0.69199, 0.13438],
							"size": [0.33415, 0.11739, 1.21875],
							"pivot": [0, 1.53193, -1.99062],
							"rotation": [0, 0, -22.5],
							"uv": {
								"north": {"uv": [99, 77], "uv_size": [0.5, 0.5]},
								"up": {"uv": [96, 79], "uv_size": [0.5, 1]},
								"down": {"uv": [96, 81], "uv_size": [0.5, -1]}
							}
						},
						{
							"origin": [-0.16707, 2.25449, 0.13438],
							"size": [0.33415, 0.11739, 1.21875],
							"pivot": [0, 1.53193, -1.99062],
							"rotation": [0, 0, -45],
							"uv": {
								"north": {"uv": [99, 78], "uv_size": [0.5, 0.5]},
								"up": {"uv": [96, 81], "uv_size": [0.5, 1]},
								"down": {"uv": [96, 85], "uv_size": [0.5, -1]}
							}
						},
						{
							"origin": [-0.16707, 0.69199, 0.13438],
							"size": [0.33415, 0.11739, 1.21875],
							"pivot": [0, 1.53193, -1.99062],
							"rotation": [0, 0, -45],
							"uv": {
								"north": {"uv": [99, 79], "uv_size": [0.5, 0.5]},
								"up": {"uv": [85, 96], "uv_size": [0.5, 1]},
								"down": {"uv": [96, 86], "uv_size": [0.5, -1]}
							}
						},
						{
							"origin": [-0.16707, 2.25449, 0.13438],
							"size": [0.33415, 0.11739, 1.21875],
							"pivot": [0, 1.53193, -1.99062],
							"rotation": [0, 0, -67.5],
							"uv": {
								"north": {"uv": [99, 80], "uv_size": [0.5, 0.5]},
								"up": {"uv": [86, 96], "uv_size": [0.5, 1]},
								"down": {"uv": [96, 87], "uv_size": [0.5, -1]}
							}
						},
						{
							"origin": [-0.16707, 0.69199, 0.13438],
							"size": [0.33415, 0.11739, 1.21875],
							"pivot": [0, 1.53193, -1.99062],
							"rotation": [0, 0, -67.5],
							"uv": {
								"north": {"uv": [99, 81], "uv_size": [0.5, 0.5]},
								"up": {"uv": [96, 88], "uv_size": [0.5, 1]},
								"down": {"uv": [90, 97], "uv_size": [0.5, -1]}
							}
						},
						{
							"origin": [-0.16707, 2.25449, 0.13438],
							"size": [0.33415, 0.11739, 1.21875],
							"pivot": [0, 1.53193, -1.99062],
							"rotation": [0, 0, -90],
							"uv": {
								"north": {"uv": [99, 82], "uv_size": [0.5, 0.5]},
								"up": {"uv": [92, 96], "uv_size": [0.5, 1]},
								"down": {"uv": [96, 93], "uv_size": [0.5, -1]}
							}
						},
						{
							"origin": [-0.16707, 0.69199, 0.13438],
							"size": [0.33415, 0.11739, 1.21875],
							"pivot": [0, 1.53193, -1.99062],
							"rotation": [0, 0, -90],
							"uv": {
								"north": {"uv": [99, 83], "uv_size": [0.5, 0.5]},
								"up": {"uv": [93, 96], "uv_size": [0.5, 1]},
								"down": {"uv": [94, 97], "uv_size": [0.5, -1]}
							}
						},
						{
							"origin": [-0.16707, 2.25449, 0.13438],
							"size": [0.33415, 0.11739, 1.21875],
							"pivot": [0, 1.53193, -1.99062],
							"rotation": [0, 0, -112.5],
							"uv": {
								"north": {"uv": [99, 84], "uv_size": [0.5, 0.5]},
								"up": {"uv": [96, 94], "uv_size": [0.5, 1]},
								"down": {"uv": [95, 97], "uv_size": [0.5, -1]}
							}
						},
						{
							"origin": [-0.16707, 0.69199, 0.13438],
							"size": [0.33415, 0.11739, 1.21875],
							"pivot": [0, 1.53193, -1.99062],
							"rotation": [0, 0, -112.5],
							"uv": {
								"north": {"uv": [85, 99], "uv_size": [0.5, 0.5]},
								"up": {"uv": [96, 95], "uv_size": [0.5, 1]},
								"down": {"uv": [96, 97], "uv_size": [0.5, -1]}
							}
						},
						{
							"origin": [-0.16707, 2.25449, 0.13438],
							"size": [0.33415, 0.11739, 1.21875],
							"pivot": [0, 1.53193, -1.99062],
							"rotation": [0, 0, -135],
							"uv": {
								"north": {"uv": [99, 85], "uv_size": [0.5, 0.5]},
								"up": {"uv": [97, 64], "uv_size": [0.5, 1]},
								"down": {"uv": [97, 66], "uv_size": [0.5, -1]}
							}
						},
						{
							"origin": [-0.16707, 0.69199, 0.13438],
							"size": [0.33415, 0.11739, 1.21875],
							"pivot": [0, 1.53193, -1.99062],
							"rotation": [0, 0, -135],
							"uv": {
								"north": {"uv": [86, 99], "uv_size": [0.5, 0.5]},
								"up": {"uv": [97, 66], "uv_size": [0.5, 1]},
								"down": {"uv": [97, 74], "uv_size": [0.5, -1]}
							}
						},
						{
							"origin": [-0.16707, 2.25449, 0.13438],
							"size": [0.33415, 0.11739, 1.21875],
							"pivot": [0, 1.53193, -1.99062],
							"rotation": [0, 0, -157.5],
							"uv": {
								"north": {"uv": [99, 86], "uv_size": [0.5, 0.5]},
								"up": {"uv": [97, 74], "uv_size": [0.5, 1]},
								"down": {"uv": [97, 76], "uv_size": [0.5, -1]}
							}
						},
						{
							"origin": [-0.16707, 0.69199, 0.13438],
							"size": [0.33415, 0.11739, 1.21875],
							"pivot": [0, 1.53193, -1.99062],
							"rotation": [0, 0, -157.5],
							"uv": {
								"north": {"uv": [87, 99], "uv_size": [0.5, 0.5]},
								"up": {"uv": [97, 76], "uv_size": [0.5, 1]},
								"down": {"uv": [97, 78], "uv_size": [0.5, -1]}
							}
						},
						{
							"origin": [-0.15873, 2.21837, -0.99141],
							"size": [0.31744, 0.11151, 1.15781],
							"pivot": [-0.00001, 1.53194, -0.4125],
							"rotation": [0, 0, -22.5],
							"uv": {
								"up": {"uv": [97, 78], "uv_size": [0.5, 1]},
								"down": {"uv": [97, 80], "uv_size": [0.5, -1]}
							}
						},
						{
							"origin": [-0.15874, 0.734, -0.99141],
							"size": [0.31745, 0.11151, 1.15781],
							"pivot": [-0.00001, 1.53194, -0.4125],
							"rotation": [0, 0, -157.5],
							"uv": {
								"up": {"uv": [97, 80], "uv_size": [0.5, 1]},
								"down": {"uv": [97, 82], "uv_size": [0.5, -1]}
							}
						},
						{
							"origin": [-0.15872, 2.21837, -0.99141],
							"size": [0.31745, 0.11151, 1.15781],
							"uv": {
								"up": {"uv": [97, 82], "uv_size": [0.5, 1]},
								"down": {"uv": [97, 84], "uv_size": [0.5, -1]}
							}
						},
						{
							"origin": [-0.15874, 0.73399, -0.99141],
							"size": [0.31745, 0.11152, 1.15781],
							"pivot": [-0.00001, 1.53194, -0.4125],
							"rotation": [0, 0, -135],
							"uv": {
								"up": {"uv": [97, 84], "uv_size": [0.5, 1]},
								"down": {"uv": [85, 98], "uv_size": [0.5, -1]}
							}
						},
						{
							"origin": [-0.15874, 0.73399, -0.99141],
							"size": [0.31745, 0.11151, 1.15781],
							"pivot": [-0.00001, 1.53194, -0.4125],
							"rotation": [0, 0, -112.5],
							"uv": {
								"up": {"uv": [97, 85], "uv_size": [0.5, 1]},
								"down": {"uv": [86, 98], "uv_size": [0.5, -1]}
							}
						},
						{
							"origin": [-0.15874, 0.73399, -0.99141],
							"size": [0.31745, 0.11151, 1.15781],
							"pivot": [-0.00001, 1.53194, -0.4125],
							"rotation": [0, 0, -90],
							"uv": {
								"up": {"uv": [97, 86], "uv_size": [0.5, 1]},
								"down": {"uv": [87, 98], "uv_size": [0.5, -1]}
							}
						},
						{
							"origin": [-0.15873, 0.73399, -0.99141],
							"size": [0.31744, 0.11151, 1.15781],
							"pivot": [-0.00001, 1.53194, -0.4125],
							"rotation": [0, 0, -67.5],
							"uv": {
								"up": {"uv": [97, 87], "uv_size": [0.5, 1]},
								"down": {"uv": [88, 98], "uv_size": [0.5, -1]}
							}
						},
						{
							"origin": [-0.15873, 0.73399, -0.99141],
							"size": [0.31744, 0.11151, 1.15781],
							"pivot": [-0.00001, 1.53194, -0.4125],
							"rotation": [0, 0, -45],
							"uv": {
								"up": {"uv": [97, 88], "uv_size": [0.5, 1]},
								"down": {"uv": [89, 98], "uv_size": [0.5, -1]}
							}
						},
						{
							"origin": [-0.15873, 0.73399, -0.99141],
							"size": [0.31744, 0.11151, 1.15781],
							"pivot": [-0.00001, 1.53194, -0.4125],
							"rotation": [0, 0, -22.5],
							"uv": {
								"up": {"uv": [97, 89], "uv_size": [0.5, 1]},
								"down": {"uv": [90, 98], "uv_size": [0.5, -1]}
							}
						},
						{
							"origin": [-0.15872, 0.73399, -0.99141],
							"size": [0.31745, 0.11151, 1.15781],
							"uv": {
								"up": {"uv": [97, 90], "uv_size": [0.5, 1]},
								"down": {"uv": [91, 98], "uv_size": [0.5, -1]}
							}
						},
						{
							"origin": [-0.15874, 2.21838, -0.99141],
							"size": [0.31745, 0.11151, 1.15781],
							"pivot": [-0.00001, 1.53194, -0.4125],
							"rotation": [0, 0, -157.5],
							"uv": {
								"up": {"uv": [97, 91], "uv_size": [0.5, 1]},
								"down": {"uv": [92, 98], "uv_size": [0.5, -1]}
							}
						},
						{
							"origin": [-0.15874, 2.21837, -0.99141],
							"size": [0.31745, 0.11152, 1.15781],
							"pivot": [-0.00001, 1.53194, -0.4125],
							"rotation": [0, 0, -135],
							"uv": {
								"up": {"uv": [97, 92], "uv_size": [0.5, 1]},
								"down": {"uv": [93, 98], "uv_size": [0.5, -1]}
							}
						},
						{
							"origin": [-0.15874, 2.21837, -0.99141],
							"size": [0.31745, 0.11151, 1.15781],
							"pivot": [-0.00001, 1.53194, -0.4125],
							"rotation": [0, 0, -112.5],
							"uv": {
								"up": {"uv": [97, 93], "uv_size": [0.5, 1]},
								"down": {"uv": [94, 98], "uv_size": [0.5, -1]}
							}
						},
						{
							"origin": [-0.15874, 2.21837, -0.99141],
							"size": [0.31745, 0.11151, 1.15781],
							"pivot": [-0.00001, 1.53194, -0.4125],
							"rotation": [0, 0, -90],
							"uv": {
								"up": {"uv": [97, 94], "uv_size": [0.5, 1]},
								"down": {"uv": [95, 98], "uv_size": [0.5, -1]}
							}
						},
						{
							"origin": [-0.15873, 2.21837, -0.99141],
							"size": [0.31744, 0.11151, 1.15781],
							"pivot": [-0.00001, 1.53194, -0.4125],
							"rotation": [0, 0, -67.5],
							"uv": {
								"up": {"uv": [97, 95], "uv_size": [0.5, 1]},
								"down": {"uv": [96, 98], "uv_size": [0.5, -1]}
							}
						},
						{
							"origin": [-0.15873, 2.21837, -0.99141],
							"size": [0.31744, 0.11151, 1.15781],
							"pivot": [-0.00001, 1.53194, -0.4125],
							"rotation": [0, 0, -45],
							"uv": {
								"up": {"uv": [97, 96], "uv_size": [0.5, 1]},
								"down": {"uv": [97, 98], "uv_size": [0.5, -1]}
							}
						},
						{
							"origin": [-0.16707, 0.69199, -4.11562],
							"size": [0.33415, 0.14864, 0.28125],
							"pivot": [0, 1.53193, -3.975],
							"rotation": [0, 0, -157.5],
							"uv": {
								"north": {"uv": [99, 87], "uv_size": [0.5, 0.5]},
								"up": {"uv": [88, 99], "uv_size": [0.5, 0.5]},
								"down": {"uv": [99, 88.5], "uv_size": [0.5, -0.5]}
							}
						},
						{
							"origin": [-0.16707, 2.22324, -4.11562],
							"size": [0.33415, 0.14864, 0.28125],
							"pivot": [0, 1.53193, -3.975],
							"rotation": [0, 0, -157.5],
							"uv": {
								"north": {"uv": [89, 99], "uv_size": [0.5, 0.5]},
								"up": {"uv": [99, 89], "uv_size": [0.5, 0.5]},
								"down": {"uv": [90, 99.5], "uv_size": [0.5, -0.5]}
							}
						},
						{
							"origin": [-0.16707, 2.22324, -4.11562],
							"size": [0.33415, 0.14864, 0.28125],
							"uv": {
								"north": {"uv": [99, 90], "uv_size": [0.5, 0.5]},
								"up": {"uv": [91, 99], "uv_size": [0.5, 0.5]},
								"down": {"uv": [99, 91.5], "uv_size": [0.5, -0.5]}
							}
						},
						{
							"origin": [-0.16707, 0.69199, -4.11562],
							"size": [0.33415, 0.14864, 0.28125],
							"uv": {
								"north": {"uv": [92, 99], "uv_size": [0.5, 0.5]},
								"up": {"uv": [99, 92], "uv_size": [0.5, 0.5]},
								"down": {"uv": [93, 99.5], "uv_size": [0.5, -0.5]}
							}
						},
						{
							"origin": [-0.16707, 0.69199, -4.11562],
							"size": [0.33415, 0.14864, 0.28125],
							"pivot": [0, 1.53193, -3.975],
							"rotation": [0, 0, -22.5],
							"uv": {
								"north": {"uv": [99, 93], "uv_size": [0.5, 0.5]},
								"up": {"uv": [94, 99], "uv_size": [0.5, 0.5]},
								"down": {"uv": [99, 94.5], "uv_size": [0.5, -0.5]}
							}
						},
						{
							"origin": [-0.16707, 2.22324, -4.11562],
							"size": [0.33415, 0.14864, 0.28125],
							"pivot": [0, 1.53193, -3.975],
							"rotation": [0, 0, -22.5],
							"uv": {
								"north": {"uv": [95, 99], "uv_size": [0.5, 0.5]},
								"up": {"uv": [99, 95], "uv_size": [0.5, 0.5]},
								"down": {"uv": [96, 99.5], "uv_size": [0.5, -0.5]}
							}
						},
						{
							"origin": [-0.16707, 0.69199, -4.11562],
							"size": [0.33415, 0.14864, 0.28125],
							"pivot": [0, 1.53193, -3.975],
							"rotation": [0, 0, -45],
							"uv": {
								"north": {"uv": [99, 96], "uv_size": [0.5, 0.5]},
								"up": {"uv": [97, 99], "uv_size": [0.5, 0.5]},
								"down": {"uv": [99, 97.5], "uv_size": [0.5, -0.5]}
							}
						},
						{
							"origin": [-0.16707, 2.22324, -4.11562],
							"size": [0.33415, 0.14864, 0.28125],
							"pivot": [0, 1.53193, -3.975],
							"rotation": [0, 0, -45],
							"uv": {
								"north": {"uv": [98, 99], "uv_size": [0.5, 0.5]},
								"up": {"uv": [99, 98], "uv_size": [0.5, 0.5]},
								"down": {"uv": [99, 99.5], "uv_size": [0.5, -0.5]}
							}
						},
						{
							"origin": [-0.16707, 0.69199, -4.11562],
							"size": [0.33415, 0.14864, 0.28125],
							"pivot": [0, 1.53193, -3.975],
							"rotation": [0, 0, -67.5],
							"uv": {
								"north": {"uv": [100, 60], "uv_size": [0.5, 0.5]},
								"up": {"uv": [100, 61], "uv_size": [0.5, 0.5]},
								"down": {"uv": [100, 62.5], "uv_size": [0.5, -0.5]}
							}
						},
						{
							"origin": [-0.16707, 2.22324, -4.11562],
							"size": [0.33415, 0.14864, 0.28125],
							"pivot": [0, 1.53193, -3.975],
							"rotation": [0, 0, -67.5],
							"uv": {
								"north": {"uv": [100, 63], "uv_size": [0.5, 0.5]},
								"up": {"uv": [100, 64], "uv_size": [0.5, 0.5]},
								"down": {"uv": [100, 65.5], "uv_size": [0.5, -0.5]}
							}
						},
						{
							"origin": [-0.16707, 0.69199, -4.11562],
							"size": [0.33415, 0.14864, 0.28125],
							"pivot": [0, 1.53193, -3.975],
							"rotation": [0, 0, -90],
							"uv": {
								"north": {"uv": [100, 66], "uv_size": [0.5, 0.5]},
								"up": {"uv": [100, 67], "uv_size": [0.5, 0.5]},
								"down": {"uv": [100, 68.5], "uv_size": [0.5, -0.5]}
							}
						},
						{
							"origin": [-0.16707, 2.22324, -4.11562],
							"size": [0.33415, 0.14864, 0.28125],
							"pivot": [0, 1.53193, -3.975],
							"rotation": [0, 0, -90],
							"uv": {
								"north": {"uv": [100, 69], "uv_size": [0.5, 0.5]},
								"up": {"uv": [100, 70], "uv_size": [0.5, 0.5]},
								"down": {"uv": [100, 71.5], "uv_size": [0.5, -0.5]}
							}
						},
						{
							"origin": [-0.16707, 0.69199, -4.11562],
							"size": [0.33415, 0.14864, 0.28125],
							"pivot": [0, 1.53193, -3.975],
							"rotation": [0, 0, -112.5],
							"uv": {
								"north": {"uv": [100, 72], "uv_size": [0.5, 0.5]},
								"up": {"uv": [100, 73], "uv_size": [0.5, 0.5]},
								"down": {"uv": [100, 74.5], "uv_size": [0.5, -0.5]}
							}
						},
						{
							"origin": [-0.16707, 2.22324, -4.11562],
							"size": [0.33415, 0.14864, 0.28125],
							"pivot": [0, 1.53193, -3.975],
							"rotation": [0, 0, -112.5],
							"uv": {
								"north": {"uv": [100, 75], "uv_size": [0.5, 0.5]},
								"up": {"uv": [100, 76], "uv_size": [0.5, 0.5]},
								"down": {"uv": [100, 77.5], "uv_size": [0.5, -0.5]}
							}
						},
						{
							"origin": [-0.16707, 0.69199, -4.11562],
							"size": [0.33415, 0.14864, 0.28125],
							"pivot": [0, 1.53193, -3.975],
							"rotation": [0, 0, -135],
							"uv": {
								"north": {"uv": [100, 78], "uv_size": [0.5, 0.5]},
								"up": {"uv": [100, 79], "uv_size": [0.5, 0.5]},
								"down": {"uv": [100, 80.5], "uv_size": [0.5, -0.5]}
							}
						},
						{
							"origin": [-0.16707, 2.22324, -4.11562],
							"size": [0.33415, 0.14864, 0.28125],
							"pivot": [0, 1.53193, -3.975],
							"rotation": [0, 0, -135],
							"uv": {
								"north": {"uv": [100, 81], "uv_size": [0.5, 0.5]},
								"up": {"uv": [100, 82], "uv_size": [0.5, 0.5]},
								"down": {"uv": [100, 83.5], "uv_size": [0.5, -0.5]}
							}
						},
						{
							"origin": [0.00692, 0.25694, -0.91899],
							"size": [0.54208, 0.69496, 0.4375],
							"pivot": [-0.03454, 0.54193, -0.68461],
							"rotation": [0, -32.5, 0],
							"uv": {
								"west": {"uv": [100, 84], "uv_size": [0.5, 0.5]}
							}
						},
						{
							"origin": [-0.549, 0.25694, -0.91899],
							"size": [0.54208, 0.69496, 0.4375],
							"pivot": [0.03454, 0.54193, -0.68461],
							"rotation": [0, 32.5, 0],
							"uv": {
								"east": {"uv": [85, 100], "uv_size": [0.5, 0.5]}
							}
						},
						{
							"origin": [-0.34847, 0.25694, -3.5375],
							"size": [0.69695, 0.56996, 3.33774],
							"uv": {
								"south": {"uv": [100, 85], "uv_size": [0.5, 0.5]}
							}
						},
						{
							"origin": [-0.70854, 0.13194, -3.9125],
							"size": [1.41708, 0.44496, 3.34375],
							"uv": {
								"north": {"uv": [98, 60], "uv_size": [1, 0.5]},
								"east": {"uv": [95, 69], "uv_size": [2.5, 0.5]},
								"south": {"uv": [98, 61], "uv_size": [1, 0.5]},
								"west": {"uv": [95, 70], "uv_size": [2.5, 0.5]}
							}
						},
						{
							"origin": [0.39484, 0.4136, -3.9125],
							"size": [0.16708, 0.31996, 3.34375],
							"pivot": [0.47838, 0.63608, -2.24062],
							"rotation": [0, 0, -55],
							"uv": {
								"north": {"uv": [86, 100], "uv_size": [0.5, 0.5]},
								"south": {"uv": [100, 86], "uv_size": [0.5, 0.5]},
								"west": {"uv": [95, 71], "uv_size": [2.5, 0.5]}
							}
						},
						{
							"origin": [-0.56191, 0.4136, -3.9125],
							"size": [0.16708, 0.31996, 3.34375],
							"pivot": [-0.47837, 0.63608, -2.24062],
							"rotation": [0, 0, 55],
							"uv": {
								"north": {"uv": [87, 100], "uv_size": [0.5, 0.5]},
								"east": {"uv": [95, 72], "uv_size": [2.5, 0.5]},
								"south": {"uv": [100, 87], "uv_size": [0.5, 0.5]}
							}
						},
						{
							"origin": [-0.56191, 1.7886, -3.9125],
							"size": [0.16708, 0.60121, 3.59375],
							"pivot": [-0.47837, 2.19858, -2.24062],
							"rotation": [0, 0, 45],
							"uv": {
								"north": {"uv": [88, 100], "uv_size": [0.5, 0.5]},
								"east": {"uv": [90, 86], "uv_size": [3, 0.5]},
								"south": {"uv": [100, 88], "uv_size": [0.5, 0.5]},
								"west": {"uv": [90, 87], "uv_size": [3, 0.5]}
							}
						},
						{
							"origin": [-0.90689, 1.78663, -3.9125],
							"size": [0.16707, 0.16371, 3.59375],
							"pivot": [-0.82335, 1.7591, -2.24062],
							"rotation": [0, 0, 22.5],
							"uv": {
								"north": {"uv": [89, 100], "uv_size": [0.5, 0.5]},
								"east": {"uv": [90, 88], "uv_size": [3, 0.5]},
								"south": {"uv": [100, 89], "uv_size": [0.5, 0.5]},
								"west": {"uv": [89, 90], "uv_size": [3, 0.5]}
							}
						},
						{
							"origin": [-0.90689, 1.08145, -3.9125],
							"size": [0.16707, 0.16371, 3.59375],
							"pivot": [-0.82335, 1.27269, -2.24062],
							"rotation": [0, 0, -22.5],
							"uv": {
								"north": {"uv": [90, 100], "uv_size": [0.5, 0.5]},
								"east": {"uv": [90, 89], "uv_size": [3, 0.5]},
								"south": {"uv": [100, 90], "uv_size": [0.5, 0.5]},
								"west": {"uv": [91, 74], "uv_size": [3, 0.5]}
							}
						},
						{
							"origin": [-0.56191, 0.64198, -3.9125],
							"size": [0.16708, 0.60121, 3.59375],
							"pivot": [-0.47837, 0.83322, -2.24062],
							"rotation": [0, 0, -45],
							"uv": {
								"north": {"uv": [91, 100], "uv_size": [0.5, 0.5]},
								"east": {"uv": [91, 75], "uv_size": [3, 0.5]},
								"south": {"uv": [100, 91], "uv_size": [0.5, 0.5]},
								"west": {"uv": [91, 76], "uv_size": [3, 0.5]}
							}
						},
						{
							"origin": [-0.46816, 0.57948, -3.9125],
							"size": [0.16708, 0.44496, 3.59375],
							"pivot": [-0.38462, 0.61447, -2.24062],
							"rotation": [0, 0, -45],
							"uv": {
								"north": {"uv": [92, 100], "uv_size": [0.5, 0.5]},
								"east": {"uv": [91, 77], "uv_size": [3, 0.5]},
								"south": {"uv": [100, 92], "uv_size": [0.5, 0.5]}
							}
						},
						{
							"origin": [-0.73359, 0.84529, -3.9125],
							"size": [1.46718, 0.31996, 3.59375],
							"uv": {
								"north": {"uv": [98, 62], "uv_size": [1, 0.5]},
								"east": {"uv": [91, 78], "uv_size": [3, 0.5]},
								"south": {"uv": [98, 63], "uv_size": [1, 0.5]},
								"west": {"uv": [91, 79], "uv_size": [3, 0.5]}
							}
						},
						{
							"origin": [0.30109, 0.57948, -3.9125],
							"size": [0.16707, 0.44496, 3.59375],
							"pivot": [0.38463, 0.61447, -2.24062],
							"rotation": [0, 0, 45],
							"uv": {
								"north": {"uv": [93, 100], "uv_size": [0.5, 0.5]},
								"south": {"uv": [100, 93], "uv_size": [0.5, 0.5]},
								"west": {"uv": [91, 82], "uv_size": [3, 0.5]}
							}
						},
						{
							"origin": [-0.88999, 1.21529, -3.9125],
							"size": [0.16707, 0.60121, 3.59375],
							"uv": {
								"north": {"uv": [94, 100], "uv_size": [0.5, 0.5]},
								"east": {"uv": [91, 83], "uv_size": [3, 0.5]},
								"south": {"uv": [100, 94], "uv_size": [0.5, 0.5]},
								"west": {"uv": [91, 84], "uv_size": [3, 0.5]}
							}
						},
						{
							"origin": [0.39484, 1.7886, -3.9125],
							"size": [0.16708, 0.60121, 3.59375],
							"pivot": [0.47838, 2.19858, -2.24062],
							"rotation": [0, 0, -45],
							"uv": {
								"north": {"uv": [95, 100], "uv_size": [0.5, 0.5]},
								"east": {"uv": [86, 91], "uv_size": [3, 0.5]},
								"south": {"uv": [100, 95], "uv_size": [0.5, 0.5]},
								"west": {"uv": [89, 91], "uv_size": [3, 0.5]}
							}
						},
						{
							"origin": [0.35672, 2.09424, -3.975],
							"size": [0.19833, 0.16371, 3.9375],
							"pivot": [0.59651, 2.31672, -2.24062],
							"rotation": [0, 0, -45],
							"uv": {
								"north": {"uv": [96, 100], "uv_size": [0.5, 0.5]},
								"east": {"uv": [86, 92], "uv_size": [3, 0.5]},
								"south": {"uv": [100, 96], "uv_size": [0.5, 0.5]},
								"west": {"uv": [89, 92], "uv_size": [3, 0.5]},
								"up": {"uv": [92, 90], "uv_size": [0.5, 3]},
								"down": {"uv": [85, 96], "uv_size": [0.5, -3]}
							}
						},
						{
							"origin": [0.52061, 1.97363, -3.975],
							"size": [0.19832, 0.16371, 3.9375],
							"pivot": [0.61978, 2.05549, -2.00625],
							"rotation": [0, 0, -75],
							"uv": {
								"north": {"uv": [97, 100], "uv_size": [0.5, 0.5]},
								"east": {"uv": [93, 80], "uv_size": [3, 0.5]},
								"south": {"uv": [100, 97], "uv_size": [0.5, 0.5]},
								"west": {"uv": [93, 81], "uv_size": [3, 0.5]},
								"up": {"uv": [93, 85], "uv_size": [0.5, 3]},
								"down": {"uv": [86, 96], "uv_size": [0.5, -3]}
							}
						},
						{
							"origin": [0.43499, 2.05927, -3.975],
							"size": [0.19833, 0.16371, 3.9375],
							"pivot": [0.53415, 2.14112, -2.00625],
							"rotation": [0, 0, -15],
							"uv": {
								"north": {"uv": [98, 100], "uv_size": [0.5, 0.5]},
								"east": {"uv": [87, 93], "uv_size": [3, 0.5]},
								"south": {"uv": [100, 98], "uv_size": [0.5, 0.5]},
								"west": {"uv": [93, 88], "uv_size": [3, 0.5]},
								"up": {"uv": [93, 89], "uv_size": [0.5, 3]},
								"down": {"uv": [90, 96], "uv_size": [0.5, -3]}
							}
						},
						{
							"origin": [-0.55505, 2.09424, -3.975],
							"size": [0.19833, 0.16371, 3.9375],
							"pivot": [-0.59651, 2.31672, -2.24062],
							"rotation": [0, 0, 45],
							"uv": {
								"north": {"uv": [99, 100], "uv_size": [0.5, 0.5]},
								"east": {"uv": [91, 93], "uv_size": [3, 0.5]},
								"south": {"uv": [100, 99], "uv_size": [0.5, 0.5]},
								"west": {"uv": [93, 92], "uv_size": [3, 0.5]},
								"up": {"uv": [94, 74], "uv_size": [0.5, 3]},
								"down": {"uv": [94, 80], "uv_size": [0.5, -3]}
							}
						},
						{
							"origin": [-0.71894, 1.97363, -3.975],
							"size": [0.19832, 0.16371, 3.9375],
							"pivot": [-0.61977, 2.05549, -2.00625],
							"rotation": [0, 0, 75],
							"uv": {
								"north": {"uv": [100, 100], "uv_size": [0.5, 0.5]},
								"east": {"uv": [94, 82], "uv_size": [3, 0.5]},
								"south": {"uv": [101, 60], "uv_size": [0.5, 0.5]},
								"west": {"uv": [94, 83], "uv_size": [3, 0.5]},
								"up": {"uv": [94, 84], "uv_size": [0.5, 3]},
								"down": {"uv": [87, 97], "uv_size": [0.5, -3]}
							}
						},
						{
							"origin": [-0.63331, 2.05927, -3.975],
							"size": [0.19833, 0.16371, 3.9375],
							"pivot": [-0.53415, 2.14112, -2.00625],
							"rotation": [0, 0, 15],
							"uv": {
								"north": {"uv": [101, 61], "uv_size": [0.5, 0.5]},
								"east": {"uv": [94, 87], "uv_size": [3, 0.5]},
								"south": {"uv": [101, 62], "uv_size": [0.5, 0.5]},
								"west": {"uv": [94, 89], "uv_size": [3, 0.5]},
								"up": {"uv": [88, 94], "uv_size": [0.5, 3]},
								"down": {"uv": [89, 97], "uv_size": [0.5, -3]}
							}
						},
						{
							"origin": [-0.40222, 2.27473, -3.9125],
							"size": [0.80445, 0.11815, 3.59375],
							"uv": {
								"north": {"uv": [101, 63], "uv_size": [0.5, 0.5]},
								"south": {"uv": [101, 64], "uv_size": [0.5, 0.5]},
								"up": {"uv": [91, 94], "uv_size": [0.5, 3]}
							}
						},
						{
							"origin": [-0.40222, 2.28217, -0.36685],
							"size": [0.80445, 0.18064, 0.5],
							"pivot": [-0.31869, 2.27157, -0.56997],
							"rotation": [-17.5, 0, 0],
							"uv": {
								"east": {"uv": [101, 65], "uv_size": [0.5, 0.5]},
								"west": {"uv": [101, 66], "uv_size": [0.5, 0.5]},
								"up": {"uv": [101, 67], "uv_size": [0.5, 0.5]}
							}
						},
						{
							"origin": [-0.34847, 0.67915, -0.23849],
							"size": [0.69695, 0.21189, 0.5625],
							"pivot": [0.05375, 0.76947, 0.01151],
							"rotation": [17.5, 0, 0],
							"uv": {
								"east": {"uv": [101, 68], "uv_size": [0.5, 0.5]},
								"west": {"uv": [101, 69], "uv_size": [0.5, 0.5]},
								"down": {"uv": [101, 70.5], "uv_size": [0.5, -0.5]}
							}
						},
						{
							"origin": [0.73981, 1.78663, -3.9125],
							"size": [0.16707, 0.16371, 3.59375],
							"pivot": [0.82335, 1.7591, -2.24062],
							"rotation": [0, 0, -22.5],
							"uv": {
								"north": {"uv": [101, 71], "uv_size": [0.5, 0.5]},
								"east": {"uv": [94, 90], "uv_size": [3, 0.5]},
								"south": {"uv": [101, 72], "uv_size": [0.5, 0.5]},
								"west": {"uv": [94, 91], "uv_size": [3, 0.5]}
							}
						},
						{
							"origin": [0.72291, 1.21529, -3.9125],
							"size": [0.16707, 0.60121, 3.59375],
							"uv": {
								"north": {"uv": [101, 73], "uv_size": [0.5, 0.5]},
								"east": {"uv": [92, 94], "uv_size": [3, 0.5]},
								"south": {"uv": [101, 74], "uv_size": [0.5, 0.5]},
								"west": {"uv": [94, 93], "uv_size": [3, 0.5]}
							}
						},
						{
							"origin": [0.6563, 1.21529, -0.35471],
							"size": [0.16708, 0.60121, 0.46875],
							"pivot": [0.73984, 1.51589, -0.12034],
							"rotation": [0, -17.5, 0],
							"uv": {
								"west": {"uv": [101, 75], "uv_size": [0.5, 0.5]},
								"up": {"uv": [101, 76], "uv_size": [0.5, 0.5]},
								"down": {"uv": [101, 77.5], "uv_size": [0.5, -0.5]}
							}
						},
						{
							"origin": [-0.82337, 1.21529, -0.35471],
							"size": [0.16708, 0.60121, 0.46875],
							"pivot": [-0.73984, 1.51589, -0.12034],
							"rotation": [0, 17.5, 0],
							"uv": {
								"east": {"uv": [101, 78], "uv_size": [0.5, 0.5]},
								"up": {"uv": [101, 79], "uv_size": [0.5, 0.5]},
								"down": {"uv": [101, 80.5], "uv_size": [0.5, -0.5]}
							}
						},
						{
							"origin": [0.73981, 1.08145, -3.9125],
							"size": [0.16707, 0.16371, 3.59375],
							"pivot": [0.82335, 1.27269, -2.24062],
							"rotation": [0, 0, 22.5],
							"uv": {
								"north": {"uv": [101, 81], "uv_size": [0.5, 0.5]},
								"east": {"uv": [95, 60], "uv_size": [3, 0.5]},
								"south": {"uv": [101, 82], "uv_size": [0.5, 0.5]},
								"west": {"uv": [95, 61], "uv_size": [3, 0.5]}
							}
						},
						{
							"origin": [0.39484, 0.64198, -3.9125],
							"size": [0.16708, 0.60121, 3.59375],
							"pivot": [0.47838, 0.83322, -2.24062],
							"rotation": [0, 0, 45],
							"uv": {
								"north": {"uv": [101, 83], "uv_size": [0.5, 0.5]},
								"east": {"uv": [95, 62], "uv_size": [3, 0.5]},
								"south": {"uv": [101, 84], "uv_size": [0.5, 0.5]},
								"west": {"uv": [95, 63], "uv_size": [3, 0.5]}
							}
						},
						{
							"origin": [0.34751, 0.05249, -3.975],
							"size": [0.3125, 0.28125, 3.875],
							"pivot": [0.51939, 0.19311, -2.00625],
							"rotation": [0, 0, 67.5],
							"uv": {
								"north": {"uv": [85, 101], "uv_size": [0.5, 0.5]},
								"south": {"uv": [101, 85], "uv_size": [0.5, 0.5]},
								"up": {"uv": [95, 64], "uv_size": [0.5, 3]}
							}
						}
					]
				},
				{
					"name": "bone_illuminated",
					"parent": "scope_body",
					"pivot": [0, 1.53193, -1.59844],
					"cubes": [
						{
							"origin": [-0.15036, 0.77599, 1.32656],
							"size": [0.30072, 0.23689, 0.08437],
							"pivot": [0, 1.53193, -1.59844],
							"rotation": [0, 0, -157.5],
							"uv": {
								"south": {"uv": [86, 101], "uv_size": [0.5, 0.5]}
							}
						},
						{
							"origin": [-0.15036, 0.77599, 1.32656],
							"size": [0.30072, 0.23689, 0.08437],
							"pivot": [0, 1.53193, -1.59844],
							"rotation": [0, 0, -135],
							"uv": {
								"south": {"uv": [101, 86], "uv_size": [0.5, 0.5]}
							}
						},
						{
							"origin": [-0.15036, 0.77599, 1.32656],
							"size": [0.30072, 0.23689, 0.08437],
							"pivot": [0, 1.53193, -1.59844],
							"rotation": [0, 0, -112.5],
							"uv": {
								"south": {"uv": [87, 101], "uv_size": [0.5, 0.5]}
							}
						},
						{
							"origin": [-0.15036, 0.77599, 1.32656],
							"size": [0.30072, 0.23689, 0.08437],
							"pivot": [0, 1.53193, -1.59844],
							"rotation": [0, 0, -90],
							"uv": {
								"south": {"uv": [101, 87], "uv_size": [0.5, 0.5]}
							}
						},
						{
							"origin": [-0.15036, 0.77599, 1.32656],
							"size": [0.30072, 0.23689, 0.08437],
							"pivot": [0, 1.53193, -1.59844],
							"rotation": [0, 0, -67.5],
							"uv": {
								"south": {"uv": [88, 101], "uv_size": [0.5, 0.5]}
							}
						},
						{
							"origin": [-0.15036, 0.77599, 1.32656],
							"size": [0.30072, 0.23689, 0.08437],
							"pivot": [0, 1.53193, -1.59844],
							"rotation": [0, 0, -45],
							"uv": {
								"south": {"uv": [101, 88], "uv_size": [0.5, 0.5]}
							}
						},
						{
							"origin": [-0.15036, 0.77599, 1.32656],
							"size": [0.30072, 0.23689, 0.08437],
							"pivot": [0, 1.53193, -1.59844],
							"rotation": [0, 0, -22.5],
							"uv": {
								"south": {"uv": [89, 101], "uv_size": [0.5, 0.5]}
							}
						},
						{
							"origin": [-0.15036, 0.77599, 1.32656],
							"size": [0.30072, 0.23689, 0.08437],
							"uv": {
								"south": {"uv": [101, 89], "uv_size": [0.5, 0.5]}
							}
						},
						{
							"origin": [-0.15036, 2.05099, 1.32656],
							"size": [0.30072, 0.23689, 0.08437],
							"pivot": [0, 1.53193, -1.59844],
							"rotation": [0, 0, -157.5],
							"uv": {
								"south": {"uv": [90, 101], "uv_size": [0.5, 0.5]}
							}
						},
						{
							"origin": [-0.15036, 2.05099, 1.32656],
							"size": [0.30072, 0.23689, 0.08437],
							"pivot": [0, 1.53193, -1.59844],
							"rotation": [0, 0, -135],
							"uv": {
								"south": {"uv": [101, 90], "uv_size": [0.5, 0.5]}
							}
						},
						{
							"origin": [-0.15036, 2.05099, 1.32656],
							"size": [0.30072, 0.23689, 0.08437],
							"pivot": [0, 1.53193, -1.59844],
							"rotation": [0, 0, -112.5],
							"uv": {
								"south": {"uv": [91, 101], "uv_size": [0.5, 0.5]}
							}
						},
						{
							"origin": [-0.15036, 2.05099, 1.32656],
							"size": [0.30072, 0.23689, 0.08437],
							"pivot": [0, 1.53193, -1.59844],
							"rotation": [0, 0, -67.5],
							"uv": {
								"south": {"uv": [101, 91], "uv_size": [0.5, 0.5]}
							}
						},
						{
							"origin": [-0.15036, 2.05099, 1.32656],
							"size": [0.30072, 0.23689, 0.08437],
							"pivot": [0, 1.53193, -1.59844],
							"rotation": [0, 0, -90],
							"uv": {
								"south": {"uv": [92, 101], "uv_size": [0.5, 0.5]}
							}
						},
						{
							"origin": [-0.15036, 2.05099, 1.32656],
							"size": [0.30072, 0.23689, 0.08437],
							"pivot": [0, 1.53193, -1.59844],
							"rotation": [0, 0, -45],
							"uv": {
								"south": {"uv": [101, 92], "uv_size": [0.5, 0.5]}
							}
						},
						{
							"origin": [-0.15036, 2.05099, 1.32656],
							"size": [0.30072, 0.23689, 0.08437],
							"pivot": [0, 1.53193, -1.59844],
							"rotation": [0, 0, -22.5],
							"uv": {
								"south": {"uv": [93, 101], "uv_size": [0.5, 0.5]}
							}
						},
						{
							"origin": [-0.15036, 2.05099, 1.32656],
							"size": [0.30072, 0.23689, 0.08437],
							"uv": {
								"south": {"uv": [101, 93], "uv_size": [0.5, 0.5]}
							}
						}
					]
				},
				{
					"name": "views",
					"pivot": [0, 1.53189, 6.775]
				},
				{
					"name": "scope_view",
					"parent": "views",
					"pivot": [0, 1.53189, 6.775]
				}
			]
		}
	]
}