{
	"format_version": "1.8.0",
	"animations": {
		"static_idle": {
			"loop": true,
			"animation_length": 1.5,
			"bones": {
				"root": {
					"rotation": [7.95098, -7.02193, -12.84348]
				},
				"r": {
					"rotation": [-5, 0, 0],
					"position": [0, 2, 0]
				},
				"rightHand": {
					"rotation": [90, 0, 180],
					"position": [-6.75, -16.75, -8],
					"scale": [1, 1.5, 1]
				},
				"leftHand": {
					"rotation": [118.17243, 1.17365, 114.81596],
					"position": [19.75, -18, -9],
					"scale": [1, 1.5, 1]
				}
			}
		},
		"draw": {
			"loop": true,
			"animation_length": 1.25,
			"bones": {
				"root": {
					"rotation": [7.95098, -7.02193, -12.84348]
				},
				"r": {
					"rotation": {
						"0.0": {
							"post": [-22.5, 77.5, 180],
							"lerp_mode": "catmullrom"
						},
						"0.125": {
							"post": [-31.86, 58.08, 134.9],
							"lerp_mode": "catmullrom"
						},
						"0.25": {
							"post": [-13.45155, 39.86849, 94.4892],
							"lerp_mode": "catmullrom"
						},
						"0.4375": {
							"post": [4.76968, 1.50179, -17.43745],
							"lerp_mode": "catmullrom"
						},
						"0.6875": {
							"post": [0, 0, 0],
							"lerp_mode": "catmullrom"
						},
						"0.875": [-5, 0, 0],
						"1.0417": [-5, 0, 0]
					},
					"position": {
						"0.0": {
							"post": [12, -10, 0],
							"lerp_mode": "catmullrom"
						},
						"0.125": {
							"post": [9.97, 2.69, -1],
							"lerp_mode": "catmullrom"
						},
						"0.25": {
							"post": [2.64, 5.8, -3.24],
							"lerp_mode": "catmullrom"
						},
						"0.4375": {
							"post": [-5, -2.5, -5],
							"lerp_mode": "catmullrom"
						},
						"0.6875": {
							"post": [0, -1.25, 0],
							"lerp_mode": "catmullrom"
						},
						"0.875": [0, 2, 0],
						"1.0417": [0, 2, 0]
					}
				},
				"rightHand": {
					"rotation": [90, 0, 180],
					"position": [-6.75, -16.75, -8],
					"scale": [1, 1.5, 1]
				},
				"leftHand": {
					"rotation": {
						"0.0": {
							"post": [96.55663, -18.62117, 155.95118],
							"lerp_mode": "catmullrom"
						},
						"0.6458": {
							"post": [96.55663, -18.62117, 155.95118],
							"lerp_mode": "catmullrom"
						},
						"0.8333": {
							"post": [117.98953, -3.54286, 123.63819],
							"lerp_mode": "catmullrom"
						},
						"1.0833": {
							"post": [118.17243, 1.17365, 114.81596],
							"lerp_mode": "catmullrom"
						}
					},
					"position": {
						"0.0": {
							"post": [20.25, -23.25, -3],
							"lerp_mode": "catmullrom"
						},
						"0.6458": {
							"post": [20.25, -23.25, -3],
							"lerp_mode": "catmullrom"
						},
						"0.8333": {
							"post": [19.75, -19, -9],
							"lerp_mode": "catmullrom"
						},
						"1.0833": {
							"post": [19.75, -18, -9],
							"lerp_mode": "catmullrom"
						}
					},
					"scale": [1, 1.5, 1]
				},
				"camera": {
					"rotation": {
						"0.0": {
							"post": [0, 0, 0],
							"lerp_mode": "catmullrom"
						},
						"0.0833": {
							"post": [0, -0.37, -0.5],
							"lerp_mode": "catmullrom"
						},
						"0.1667": {
							"post": [0.5, -1.25, -1],
							"lerp_mode": "catmullrom"
						},
						"0.25": {
							"post": [0.83, -1.75, 0],
							"lerp_mode": "catmullrom"
						},
						"0.3333": {
							"post": [2, 0.75, 1],
							"lerp_mode": "catmullrom"
						},
						"0.3958": {
							"post": [1.18, -0.2, -0.5],
							"lerp_mode": "catmullrom"
						},
						"0.4583": {
							"post": [0.25, 0.25, 0],
							"lerp_mode": "catmullrom"
						},
						"0.625": {
							"post": [0.5, -0.25, 0.25],
							"lerp_mode": "catmullrom"
						},
						"0.875": {
							"post": [0, 0, -0.25],
							"lerp_mode": "catmullrom"
						},
						"1.0625": {
							"post": [0, 0, 0],
							"lerp_mode": "catmullrom"
						}
					}
				}
			},
			"sound_effects": {
				"0.0833": {
					"effect": "gwg:melee/knife/knife_equip"
				}
			}
		},
		"put_away": {
			"loop": true,
			"animation_length": 0.8958,
			"bones": {
				"root": {
					"rotation": [7.95098, -7.02193, -12.84348]
				},
				"r": {
					"rotation": {
						"0.0": {
							"post": [-5, 0, 0],
							"lerp_mode": "catmullrom"
						},
						"0.2917": {
							"post": [-5.63624, 10.54809, 78.54286],
							"lerp_mode": "catmullrom"
						},
						"0.5208": {
							"post": [-11.77253, 55.81446, 152.57906],
							"lerp_mode": "catmullrom"
						},
						"0.75": {
							"post": [-22.5, 77.5, 180],
							"lerp_mode": "catmullrom"
						}
					},
					"position": {
						"0.0": {
							"post": [0, 2, 0],
							"lerp_mode": "catmullrom"
						},
						"0.2917": {
							"post": [-1.62, -0.52, -3],
							"lerp_mode": "catmullrom"
						},
						"0.5208": {
							"post": [10.83, 4.14, 0],
							"lerp_mode": "catmullrom"
						},
						"0.75": {
							"post": [14, -10, 0],
							"lerp_mode": "catmullrom"
						}
					}
				},
				"rightHand": {
					"rotation": {
						"0.0": [90, 0, 180],
						"0.5208": [90, 0, 180],
						"0.6458": [86.92035, 11.5137, 168.66804],
						"0.75": [93.59831, 11.95482, 159.71979]
					},
					"position": {
						"0.0": [-6.75, -16.75, -8],
						"0.5208": [-6.75, -16, -8],
						"0.75": [-6.75, -16, -8.5]
					},
					"scale": [1, 1.5, 1]
				},
				"leftHand": {
					"rotation": {
						"0.0": {
							"post": [118.17243, 1.17365, 114.81596],
							"lerp_mode": "catmullrom"
						},
						"0.25": {
							"post": [129.05663, -18.62117, 155.95118],
							"lerp_mode": "catmullrom"
						},
						"0.4167": {
							"post": [96.55663, -18.62117, 155.95118],
							"lerp_mode": "catmullrom"
						}
					},
					"position": {
						"0.0": {
							"post": [19.75, -18, -9],
							"lerp_mode": "catmullrom"
						},
						"0.25": {
							"post": [20.25, -18.25, -9],
							"lerp_mode": "catmullrom"
						},
						"0.4167": {
							"post": [20.25, -23.25, -3],
							"lerp_mode": "catmullrom"
						}
					},
					"scale": [1, 1.5, 1]
				},
				"camera": {
					"rotation": {
						"0.0": {
							"post": [0, 0, 0],
							"lerp_mode": "catmullrom"
						},
						"0.1042": {
							"post": [0, -0.2, 0],
							"lerp_mode": "catmullrom"
						},
						"0.25": {
							"post": [0.5, 0.75, 0.5],
							"lerp_mode": "catmullrom"
						},
						"0.4792": {
							"post": [-1, 0.75, 0.75],
							"lerp_mode": "catmullrom"
						},
						"0.5833": {
							"post": [-1, -0.5, 0.25],
							"lerp_mode": "catmullrom"
						},
						"0.625": {
							"post": [0.75, -0.75, -0.5],
							"lerp_mode": "catmullrom"
						},
						"0.75": {
							"post": [-0.25, 0.25, 0],
							"lerp_mode": "catmullrom"
						},
						"0.8958": {
							"post": [0.125, 0, -0.1875],
							"lerp_mode": "catmullrom"
						},
						"1.0": {
							"post": [0, 0, 0],
							"lerp_mode": "catmullrom"
						}
					}
				}
			},
			"sound_effects": {
				"0.2083": {
					"effect": "gwg:melee/knife/knife_unequip_1"
				}
			}
		},
		"melee_1": {
			"loop": true,
			"animation_length": 1.25,
			"bones": {
				"root": {
					"rotation": [7.95098, -7.02193, -12.84348]
				},
				"r": {
					"rotation": {
						"0.0": {
							"post": [-5, 0, 0],
							"lerp_mode": "catmullrom"
						},
						"0.2292": {
							"post": [65.43962, -14.14008, -12.81223],
							"lerp_mode": "catmullrom"
						},
						"0.3125": {
							"post": [74.24451, -0.31257, 9.47878],
							"lerp_mode": "catmullrom"
						},
						"0.3542": {
							"post": [71.49, -2.3075, 10.23],
							"lerp_mode": "catmullrom"
						},
						"0.4167": {
							"post": [74.24451, -0.31257, 9.47878],
							"lerp_mode": "catmullrom"
						},
						"0.5208": {
							"post": [50.99311, -9.62547, 27.35639],
							"lerp_mode": "catmullrom"
						},
						"0.6458": {
							"post": [40.89423, -24.97364, 35.174],
							"lerp_mode": "catmullrom"
						},
						"0.7708": {
							"post": [23.62666, -11.82278, 4.48759],
							"lerp_mode": "catmullrom"
						},
						"0.9583": {
							"post": [-5, 0, 0],
							"lerp_mode": "catmullrom"
						},
						"1.1042": [-5, 0, 0],
						"1.25": [-5, 0, 0]
					},
					"position": {
						"0.0": {
							"post": [0, 2, 0],
							"lerp_mode": "catmullrom"
						},
						"0.1042": {
							"post": [-0.25, -2.98, 3.63],
							"lerp_mode": "catmullrom"
						},
						"0.2292": {
							"post": [0, -3, 11],
							"lerp_mode": "catmullrom"
						},
						"0.3125": {
							"post": [2, 4, -8],
							"lerp_mode": "catmullrom"
						},
						"0.4167": {
							"post": [2, 4, -8],
							"lerp_mode": "catmullrom"
						},
						"0.5208": {
							"post": [0.54, 1.73, -3.86],
							"lerp_mode": "catmullrom"
						},
						"0.6458": {
							"post": [-3.25, -1, -0.5],
							"lerp_mode": "catmullrom"
						},
						"0.7708": {
							"post": [-1.49, 0.01, 1.1],
							"lerp_mode": "catmullrom"
						},
						"0.9583": {
							"post": [0, 2, 0],
							"lerp_mode": "catmullrom"
						},
						"1.1042": [0, 2, 0],
						"1.25": [0, 2, 0]
					}
				},
				"rightHand": {
					"rotation": {
						"0.0": {
							"post": [90, 0, 180],
							"lerp_mode": "catmullrom"
						},
						"0.2292": {
							"post": [90, -42.5, 180],
							"lerp_mode": "catmullrom"
						},
						"0.3125": {
							"post": [178.87535, -42.08378, 196.59575],
							"lerp_mode": "catmullrom"
						},
						"0.4167": {
							"post": [178.87535, -42.08378, 196.59575],
							"lerp_mode": "catmullrom"
						},
						"0.6458": {
							"post": [111.37535, -42.08378, 196.59575],
							"lerp_mode": "catmullrom"
						},
						"0.9583": {
							"post": [90, 0, 180],
							"lerp_mode": "catmullrom"
						}
					},
					"position": {
						"0.0": {
							"post": [-6.75, -16.75, -8],
							"lerp_mode": "catmullrom"
						},
						"0.2292": {
							"post": [-6.75, -16.75, -7.5],
							"lerp_mode": "catmullrom"
						},
						"0.3125": {
							"post": [-7.5, -16, -7.5],
							"lerp_mode": "catmullrom"
						},
						"0.4167": {
							"post": [-7.5, -16, -7.5],
							"lerp_mode": "catmullrom"
						},
						"0.6458": {
							"post": [-7.36, -16.75, -7.5],
							"lerp_mode": "catmullrom"
						},
						"0.9583": {
							"post": [-6.75, -16.75, -8],
							"lerp_mode": "catmullrom"
						}
					},
					"scale": [1, 1.5, 1]
				},
				"leftHand": {
					"rotation": {
						"0.0": {
							"post": [118.17243, 1.17365, 114.81596],
							"lerp_mode": "catmullrom"
						},
						"0.1458": {
							"post": [129.05663, -18.62117, 155.95118],
							"lerp_mode": "catmullrom"
						},
						"0.2708": {
							"post": [96.55663, -18.62117, 155.95118],
							"lerp_mode": "catmullrom"
						},
						"0.7708": {
							"post": [96.55663, -18.62117, 155.95118],
							"lerp_mode": "catmullrom"
						},
						"0.9583": {
							"post": [118.17243, 1.17365, 114.81596],
							"lerp_mode": "catmullrom"
						}
					},
					"position": {
						"0.0": {
							"post": [19.75, -18, -9],
							"lerp_mode": "catmullrom"
						},
						"0.1458": {
							"post": [20.25, -18.25, -9],
							"lerp_mode": "catmullrom"
						},
						"0.2708": {
							"post": [20.25, -23.25, -3],
							"lerp_mode": "catmullrom"
						},
						"0.7708": {
							"post": [20.25, -23.25, -3],
							"lerp_mode": "catmullrom"
						},
						"0.9583": {
							"post": [19.75, -18, -9],
							"lerp_mode": "catmullrom"
						}
					},
					"scale": [1, 1.5, 1]
				},
				"camera": {
					"rotation": {
						"0.0": {
							"post": [0, 0, 0],
							"lerp_mode": "catmullrom"
						},
						"0.125": {
							"post": [-0.3, 0.25, -0.75],
							"lerp_mode": "catmullrom"
						},
						"0.25": {
							"post": [2, 1.25, -1.75],
							"lerp_mode": "catmullrom"
						},
						"0.3125": {
							"post": [-2.25, -1, 3.5],
							"lerp_mode": "catmullrom"
						},
						"0.3542": {
							"post": [0.75, -0.25, -2.5],
							"lerp_mode": "catmullrom"
						},
						"0.3958": {
							"post": [0.09, -0.06, 1],
							"lerp_mode": "catmullrom"
						},
						"0.4583": {
							"post": [-0.25, 0.25, 1],
							"lerp_mode": "catmullrom"
						},
						"0.5833": {
							"post": [1.25, 1.25, -0.5],
							"lerp_mode": "catmullrom"
						},
						"0.7083": {
							"post": [1, -0.5, 0],
							"lerp_mode": "catmullrom"
						},
						"0.875": {
							"post": [-0.5, 0, 0],
							"lerp_mode": "catmullrom"
						},
						"1.0208": {
							"post": [0, 0, -0.1875],
							"lerp_mode": "catmullrom"
						},
						"1.0833": {
							"post": [0.05, -0.01, 0.3125],
							"lerp_mode": "catmullrom"
						},
						"1.1667": {
							"post": [0, 0, 0],
							"lerp_mode": "catmullrom"
						}
					}
				}
			},
			"sound_effects": {
				"0.125": {
					"effect": "gwg:melee/knife/knife_whoosh"
				}
			}
		},
		"melee_2": {
			"loop": true,
			"animation_length": 1.25,
			"bones": {
				"root": {
					"rotation": [7.95098, -7.02193, -12.84348]
				},
				"r": {
					"rotation": {
						"0.0": {
							"post": [-5, 0, 0],
							"lerp_mode": "catmullrom"
						},
						"0.2292": {
							"post": [61.63669, -11.33826, 31.30649],
							"lerp_mode": "catmullrom"
						},
						"0.3125": {
							"post": [45.85783, 8.67746, 87.49265],
							"lerp_mode": "catmullrom"
						},
						"0.3542": {
							"post": [48.60783, 8.67746, 87.49265],
							"lerp_mode": "catmullrom"
						},
						"0.4167": {
							"post": [45.24451, -0.31257, 81.97878],
							"lerp_mode": "catmullrom"
						},
						"0.5208": {
							"post": [50.99311, -9.62547, 43.10639],
							"lerp_mode": "catmullrom"
						},
						"0.6458": {
							"post": [40.89423, -24.97364, 20.424],
							"lerp_mode": "catmullrom"
						},
						"0.7708": {
							"post": [23.62666, -11.82278, 4.48759],
							"lerp_mode": "catmullrom"
						},
						"0.9583": {
							"post": [-5, 0, 0],
							"lerp_mode": "catmullrom"
						},
						"1.1042": [-5, 0, 0],
						"1.25": [-5, 0, 0]
					},
					"position": {
						"0.0": {
							"post": [0, 2, 0],
							"lerp_mode": "catmullrom"
						},
						"0.1042": {
							"post": [-0.25, -2.98, 3.63],
							"lerp_mode": "catmullrom"
						},
						"0.2292": {
							"post": [-8, -3, 11],
							"lerp_mode": "catmullrom"
						},
						"0.3125": {
							"post": [2, 5, -8],
							"lerp_mode": "catmullrom"
						},
						"0.4167": {
							"post": [2, 4, -8],
							"lerp_mode": "catmullrom"
						},
						"0.5208": {
							"post": [0.54, 1.73, -3.86],
							"lerp_mode": "catmullrom"
						},
						"0.6458": {
							"post": [-3.25, -1, -0.5],
							"lerp_mode": "catmullrom"
						},
						"0.7708": {
							"post": [-1.49, 0.01, 1.1],
							"lerp_mode": "catmullrom"
						},
						"0.9583": {
							"post": [0, 2, 0],
							"lerp_mode": "catmullrom"
						},
						"1.1042": [0, 2, 0],
						"1.25": [0, 2, 0]
					}
				},
				"rightHand": {
					"rotation": {
						"0.0": {
							"post": [90, 0, 180],
							"lerp_mode": "catmullrom"
						},
						"0.2292": {
							"post": [90, -42.5, 180],
							"lerp_mode": "catmullrom"
						},
						"0.3125": {
							"post": [138.87535, -42.08378, 196.59575],
							"lerp_mode": "catmullrom"
						},
						"0.4167": {
							"post": [142.99725, -44.51544, 190.58978],
							"lerp_mode": "catmullrom"
						},
						"0.6458": {
							"post": [111.37535, -42.08378, 196.59575],
							"lerp_mode": "catmullrom"
						},
						"0.9583": {
							"post": [90, 0, 180],
							"lerp_mode": "catmullrom"
						}
					},
					"position": {
						"0.0": {
							"post": [-6.75, -16.75, -8],
							"lerp_mode": "catmullrom"
						},
						"0.2292": {
							"post": [-6.75, -16.75, -7.5],
							"lerp_mode": "catmullrom"
						},
						"0.3125": {
							"post": [-7.5, -16, -7.5],
							"lerp_mode": "catmullrom"
						},
						"0.4167": {
							"post": [-7.5, -16, -7.5],
							"lerp_mode": "catmullrom"
						},
						"0.6458": {
							"post": [-7.36, -16.75, -7.5],
							"lerp_mode": "catmullrom"
						},
						"0.9583": {
							"post": [-6.75, -16.75, -8],
							"lerp_mode": "catmullrom"
						}
					},
					"scale": [1, 1.5, 1]
				},
				"leftHand": {
					"rotation": {
						"0.0": {
							"post": [118.17243, 1.17365, 114.81596],
							"lerp_mode": "catmullrom"
						},
						"0.1458": {
							"post": [129.05663, -18.62117, 155.95118],
							"lerp_mode": "catmullrom"
						},
						"0.2708": {
							"post": [96.55663, -18.62117, 155.95118],
							"lerp_mode": "catmullrom"
						},
						"0.7708": {
							"post": [96.55663, -18.62117, 155.95118],
							"lerp_mode": "catmullrom"
						},
						"0.9583": {
							"post": [118.17243, 1.17365, 114.81596],
							"lerp_mode": "catmullrom"
						}
					},
					"position": {
						"0.0": {
							"post": [19.75, -18, -9],
							"lerp_mode": "catmullrom"
						},
						"0.1458": {
							"post": [20.25, -18.25, -9],
							"lerp_mode": "catmullrom"
						},
						"0.2708": {
							"post": [20.25, -23.25, -3],
							"lerp_mode": "catmullrom"
						},
						"0.7708": {
							"post": [20.25, -23.25, -3],
							"lerp_mode": "catmullrom"
						},
						"0.9583": {
							"post": [19.75, -18, -9],
							"lerp_mode": "catmullrom"
						}
					},
					"scale": [1, 1.5, 1]
				},
				"camera": {
					"rotation": {
						"0.0": {
							"post": [0, 0, 0],
							"lerp_mode": "catmullrom"
						},
						"0.125": {
							"post": [-0.3, 0.25, -0.75],
							"lerp_mode": "catmullrom"
						},
						"0.25": {
							"post": [2, 1.25, -1.75],
							"lerp_mode": "catmullrom"
						},
						"0.3125": {
							"post": [-2.25, -1, 3.5],
							"lerp_mode": "catmullrom"
						},
						"0.3542": {
							"post": [0.75, -0.25, -2.5],
							"lerp_mode": "catmullrom"
						},
						"0.3958": {
							"post": [0.09, -0.06, 1],
							"lerp_mode": "catmullrom"
						},
						"0.4583": {
							"post": [-0.25, 0.25, 1],
							"lerp_mode": "catmullrom"
						},
						"0.5833": {
							"post": [1.25, 1.25, -0.5],
							"lerp_mode": "catmullrom"
						},
						"0.7083": {
							"post": [1, -0.5, 0],
							"lerp_mode": "catmullrom"
						},
						"0.875": {
							"post": [-0.5, 0, 0],
							"lerp_mode": "catmullrom"
						},
						"1.0208": {
							"post": [0, 0, -0.1875],
							"lerp_mode": "catmullrom"
						},
						"1.0833": {
							"post": [0.05, -0.01, 0.3125],
							"lerp_mode": "catmullrom"
						},
						"1.1667": {
							"post": [0, 0, 0],
							"lerp_mode": "catmullrom"
						}
					}
				}
			},
			"sound_effects": {
				"0.125": {
					"effect": "gwg:melee/knife/knife_whoosh_2"
				}
			}
		},
		"melee_3": {
			"loop": true,
			"animation_length": 1.5625,
			"bones": {
				"root": {
					"rotation": [7.95098, -7.02193, -12.84348]
				},
				"r": {
					"rotation": {
						"0.0": {
							"post": [-5, 0, 0],
							"lerp_mode": "catmullrom"
						},
						"0.1042": {
							"post": [55.93, -26.98, -40.37],
							"lerp_mode": "catmullrom"
						},
						"0.1875": {
							"post": [70.9595, -57.35408, -69.34878],
							"lerp_mode": "catmullrom"
						},
						"0.3333": {
							"post": [-15.45201, -71.82124, 16.22206],
							"lerp_mode": "catmullrom"
						},
						"0.4375": {
							"post": [-15.45201, -71.82124, 16.22206],
							"lerp_mode": "catmullrom"
						},
						"0.5208": {
							"post": [89.2478, -85.23155, -90.7522],
							"lerp_mode": "catmullrom"
						},
						"0.6042": {
							"post": [92.815, -81.915, -100.34],
							"lerp_mode": "catmullrom"
						},
						"0.7083": {
							"post": [82.4353, -85.23155, -90.7522],
							"lerp_mode": "catmullrom"
						},
						"0.875": {
							"post": [50.36838, -83.47811, -45.88658],
							"lerp_mode": "catmullrom"
						},
						"1.0": {
							"post": [48.77843, -30.2776, -55.89972],
							"lerp_mode": "catmullrom"
						},
						"1.1458": {
							"post": [0, 0, -17.5],
							"lerp_mode": "catmullrom"
						},
						"1.2708": [-5, 0, 0],
						"1.3958": [-5, 0, 0]
					},
					"position": {
						"0.0": {
							"post": [0, 2, 0],
							"lerp_mode": "catmullrom"
						},
						"0.1042": {
							"post": [8.81, 2.34, 0.97],
							"lerp_mode": "catmullrom"
						},
						"0.1875": {
							"post": [16.6, 2.6, 1.94],
							"lerp_mode": "catmullrom"
						},
						"0.25": {
							"post": [18.47, 3.4, 1.52],
							"lerp_mode": "catmullrom"
						},
						"0.3333": {
							"post": [18.6875, 4.5, 1.75],
							"lerp_mode": "catmullrom"
						},
						"0.4375": {
							"post": [18, 4.5, 3],
							"lerp_mode": "catmullrom"
						},
						"0.4792": {
							"post": [14.19, 7.53, 0.44],
							"lerp_mode": "catmullrom"
						},
						"0.5208": {
							"post": [10, 7.5, -2],
							"lerp_mode": "catmullrom"
						},
						"0.7083": {
							"post": [10, 7.5, -2],
							"lerp_mode": "catmullrom"
						},
						"0.875": {
							"post": [8.0925, 4.59, 2.1],
							"lerp_mode": "catmullrom"
						},
						"1.0": {
							"post": [2.7, 0.225, 1.38],
							"lerp_mode": "catmullrom"
						},
						"1.1458": {
							"post": [-1.25, 2.25, -1],
							"lerp_mode": "catmullrom"
						},
						"1.2708": [0, 2.25, 0],
						"1.3958": [0, 2, 0]
					}
				},
				"rightHand": {
					"rotation": {
						"0.0": {
							"post": [90, 0, 180],
							"lerp_mode": "catmullrom"
						},
						"0.1042": {
							"post": [116.47254, -2.23274, 191.4873],
							"lerp_mode": "catmullrom"
						},
						"0.4375": {
							"post": [94.81, -19.1, 275.12],
							"lerp_mode": "catmullrom"
						},
						"0.5208": {
							"post": [53.6802, -23.1587, 278.25157],
							"lerp_mode": "catmullrom"
						},
						"0.7083": {
							"post": [53.6802, -23.1587, 278.25157],
							"lerp_mode": "catmullrom"
						},
						"1.0": {
							"post": [94.81004, -19.09743, 275.11972],
							"lerp_mode": "catmullrom"
						},
						"1.1458": {
							"post": [89.65066, 15.09804, 204.93385],
							"lerp_mode": "catmullrom"
						},
						"1.2708": {
							"post": [90, 0, 180],
							"lerp_mode": "catmullrom"
						}
					},
					"position": {
						"0.0": {
							"post": [-6.75, -16.75, -8],
							"lerp_mode": "catmullrom"
						},
						"0.4375": {
							"post": [-6.75, -18, -8.5],
							"lerp_mode": "catmullrom"
						},
						"0.5208": {
							"post": [-6.75, -18, -8.5],
							"lerp_mode": "catmullrom"
						},
						"0.7083": {
							"post": [-6.75, -18, -8.5],
							"lerp_mode": "catmullrom"
						},
						"1.0": {
							"post": [-6.75, -18, -8.5],
							"lerp_mode": "catmullrom"
						},
						"1.1458": {
							"post": [-6.75, -16.75, -7.5],
							"lerp_mode": "catmullrom"
						},
						"1.2708": {
							"post": [-6.75, -16.75, -8],
							"lerp_mode": "catmullrom"
						}
					},
					"scale": [1, 1.5, 1]
				},
				"leftHand": {
					"rotation": {
						"0.0": {
							"post": [118.17243, 1.17365, 114.81596],
							"lerp_mode": "catmullrom"
						},
						"0.1042": {
							"post": [129.05663, -18.62117, 155.95118],
							"lerp_mode": "catmullrom"
						},
						"0.2083": {
							"post": [96.55663, -18.62117, 155.95118],
							"lerp_mode": "catmullrom"
						},
						"0.8333": {
							"post": [96.55663, -18.62117, 155.95118],
							"lerp_mode": "catmullrom"
						},
						"1.0208": {
							"post": [118.17243, 1.17365, 114.81596],
							"lerp_mode": "catmullrom"
						}
					},
					"position": {
						"0.0": {
							"post": [19.75, -18, -9],
							"lerp_mode": "catmullrom"
						},
						"0.1042": {
							"post": [20.25, -18.25, -9],
							"lerp_mode": "catmullrom"
						},
						"0.2083": {
							"post": [20.25, -23.25, -3],
							"lerp_mode": "catmullrom"
						},
						"0.8333": {
							"post": [20.25, -23.25, -3],
							"lerp_mode": "catmullrom"
						},
						"1.0208": {
							"post": [19.75, -18, -9],
							"lerp_mode": "catmullrom"
						}
					},
					"scale": [1, 1.5, 1]
				},
				"bayonet": {
					"rotation": {
						"0.0": {
							"post": [0, 0, 0],
							"lerp_mode": "catmullrom"
						},
						"0.1667": {
							"post": [32.25318, -25.97949, 142.17006],
							"lerp_mode": "catmullrom"
						},
						"0.3333": {
							"post": [0, 0, 250],
							"lerp_mode": "catmullrom"
						},
						"0.6042": {
							"post": [0, 0, 282.5],
							"lerp_mode": "catmullrom"
						},
						"0.8125": {
							"post": [0, 0, 282.5],
							"lerp_mode": "catmullrom"
						},
						"1.0208": {
							"post": [-24.14867, -20.70481, 173.28717],
							"lerp_mode": "catmullrom"
						},
						"1.2083": {
							"post": [0, 0, 0],
							"lerp_mode": "catmullrom"
						},
						"1.3958": [0, 0, 0],
						"1.5625": [0, 0, 0]
					},
					"position": {
						"0.0": {
							"post": [0, 0, 0],
							"lerp_mode": "catmullrom"
						},
						"0.1667": {
							"post": [1.56, -0.5, -0.28],
							"lerp_mode": "catmullrom"
						},
						"0.3333": {
							"post": [-0.5, -1.75, -0.5],
							"lerp_mode": "catmullrom"
						},
						"0.6042": {
							"post": [-1, -1.75, -1.5],
							"lerp_mode": "catmullrom"
						},
						"0.8125": {
							"post": [-1, -2, -1.5],
							"lerp_mode": "catmullrom"
						},
						"1.2083": {
							"post": [0, 0, 0],
							"lerp_mode": "catmullrom"
						},
						"1.3958": [0, 0, 0],
						"1.5625": [0, 0, 0]
					}
				},
				"camera": {
					"rotation": {
						"0.0": {
							"post": [0, 0, 0],
							"lerp_mode": "catmullrom"
						},
						"0.125": {
							"post": [-0.37, -0.25, 0],
							"lerp_mode": "catmullrom"
						},
						"0.25": {
							"post": [0.75, -1.5, -0.5],
							"lerp_mode": "catmullrom"
						},
						"0.4375": {
							"post": [0.75, -1.5, -1.5],
							"lerp_mode": "catmullrom"
						},
						"0.5208": {
							"post": [-2.75, 1, 2.5],
							"lerp_mode": "catmullrom"
						},
						"0.5417": {
							"post": [0, 1, -1],
							"lerp_mode": "catmullrom"
						},
						"0.6042": {
							"post": [-0.81, 0.13, 0.5],
							"lerp_mode": "catmullrom"
						},
						"0.7292": {
							"post": [-1.25, -0.5, -0.5],
							"lerp_mode": "catmullrom"
						},
						"0.9375": {
							"post": [0.4375, 1.5, -0.5],
							"lerp_mode": "catmullrom"
						},
						"1.0833": {
							"post": [0.2925, -0.44, 0],
							"lerp_mode": "catmullrom"
						},
						"1.2083": {
							"post": [-0.3125, 0, 0.25],
							"lerp_mode": "catmullrom"
						},
						"1.3333": {
							"post": [0, 0, 0],
							"lerp_mode": "catmullrom"
						}
					},
					"position": [0, 0, 0]
				}
			},
			"sound_effects": {
				"0.25": {
					"effect": "gwg:melee/sword/sword_whoosh_long_b"
				}
			}
		},
		"melee_4": {
			"loop": true,
			"animation_length": 1.25,
			"bones": {
				"root": {
					"rotation": [7.95098, -7.02193, -12.84348]
				},
				"r": {
					"rotation": {
						"0.0": {
							"post": [-5, 0, 0],
							"lerp_mode": "catmullrom"
						},
						"0.2292": {
							"post": [64.99229, -32.10228, -9.75064],
							"lerp_mode": "catmullrom"
						},
						"0.3125": {
							"post": [17.52619, -5.26364, 45.78261],
							"lerp_mode": "catmullrom"
						},
						"0.3542": {
							"post": [20.49, -2.3075, 39.98],
							"lerp_mode": "catmullrom"
						},
						"0.4167": {
							"post": [18.24451, -0.31257, 27.22878],
							"lerp_mode": "catmullrom"
						},
						"0.5208": {
							"post": [29.49311, -9.62547, 27.35639],
							"lerp_mode": "catmullrom"
						},
						"0.6458": {
							"post": [37.39423, -24.97364, 35.174],
							"lerp_mode": "catmullrom"
						},
						"0.7708": {
							"post": [23.62666, -11.82278, 4.48759],
							"lerp_mode": "catmullrom"
						},
						"0.9583": {
							"post": [-5, 0, 0],
							"lerp_mode": "catmullrom"
						},
						"1.1042": [-5, 0, 0],
						"1.25": [-5, 0, 0]
					},
					"position": {
						"0.0": {
							"post": [0, 2, 0],
							"lerp_mode": "catmullrom"
						},
						"0.1042": {
							"post": [-0.25, -2.98, 3.63],
							"lerp_mode": "catmullrom"
						},
						"0.2292": {
							"post": [-3, -10, 7],
							"lerp_mode": "catmullrom"
						},
						"0.3125": {
							"post": [2, 5, -8],
							"lerp_mode": "catmullrom"
						},
						"0.4167": {
							"post": [2, 4, -8],
							"lerp_mode": "catmullrom"
						},
						"0.5208": {
							"post": [0.54, 1.73, -3.86],
							"lerp_mode": "catmullrom"
						},
						"0.6458": {
							"post": [-3.25, -1, -0.5],
							"lerp_mode": "catmullrom"
						},
						"0.7708": {
							"post": [-1.49, 0.01, 1.1],
							"lerp_mode": "catmullrom"
						},
						"0.9583": {
							"post": [0, 2, 0],
							"lerp_mode": "catmullrom"
						},
						"1.1042": [0, 2, 0],
						"1.25": [0, 2, 0]
					}
				},
				"rightHand": {
					"rotation": {
						"0.0": {
							"post": [90, 0, 180],
							"lerp_mode": "catmullrom"
						},
						"0.2292": {
							"post": [90, -42.5, 180],
							"lerp_mode": "catmullrom"
						},
						"0.3125": {
							"post": [143.87535, -42.08378, 196.59575],
							"lerp_mode": "catmullrom"
						},
						"0.4167": {
							"post": [143.87535, -42.08378, 196.59575],
							"lerp_mode": "catmullrom"
						},
						"0.6458": {
							"post": [111.37535, -42.08378, 196.59575],
							"lerp_mode": "catmullrom"
						},
						"0.9583": {
							"post": [90, 0, 180],
							"lerp_mode": "catmullrom"
						}
					},
					"position": {
						"0.0": {
							"post": [-6.75, -16.75, -8],
							"lerp_mode": "catmullrom"
						},
						"0.2292": {
							"post": [-6.75, -16.75, -7.5],
							"lerp_mode": "catmullrom"
						},
						"0.3125": {
							"post": [-7.5, -16.75, -8.5],
							"lerp_mode": "catmullrom"
						},
						"0.4167": {
							"post": [-7.5, -16.75, -8.5],
							"lerp_mode": "catmullrom"
						},
						"0.6458": {
							"post": [-7.36, -16.75, -7.5],
							"lerp_mode": "catmullrom"
						},
						"0.9583": {
							"post": [-6.75, -16.75, -8],
							"lerp_mode": "catmullrom"
						}
					},
					"scale": [1, 1.5, 1]
				},
				"leftHand": {
					"rotation": {
						"0.0": {
							"post": [118.17243, 1.17365, 114.81596],
							"lerp_mode": "catmullrom"
						},
						"0.1458": {
							"post": [129.05663, -18.62117, 155.95118],
							"lerp_mode": "catmullrom"
						},
						"0.2708": {
							"post": [96.55663, -18.62117, 155.95118],
							"lerp_mode": "catmullrom"
						},
						"0.7708": {
							"post": [96.55663, -18.62117, 155.95118],
							"lerp_mode": "catmullrom"
						},
						"0.9583": {
							"post": [118.17243, 1.17365, 114.81596],
							"lerp_mode": "catmullrom"
						}
					},
					"position": {
						"0.0": {
							"post": [19.75, -18, -9],
							"lerp_mode": "catmullrom"
						},
						"0.1458": {
							"post": [20.25, -18.25, -9],
							"lerp_mode": "catmullrom"
						},
						"0.2708": {
							"post": [20.25, -23.25, -3],
							"lerp_mode": "catmullrom"
						},
						"0.7708": {
							"post": [20.25, -23.25, -3],
							"lerp_mode": "catmullrom"
						},
						"0.9583": {
							"post": [19.75, -18, -9],
							"lerp_mode": "catmullrom"
						}
					},
					"scale": [1, 1.5, 1]
				},
				"camera": {
					"rotation": {
						"0.0": {
							"post": [0, 0, 0],
							"lerp_mode": "catmullrom"
						},
						"0.125": {
							"post": [-0.3, 0.25, -0.75],
							"lerp_mode": "catmullrom"
						},
						"0.25": {
							"post": [2, 1.25, -1.75],
							"lerp_mode": "catmullrom"
						},
						"0.3125": {
							"post": [-5, -1, 3.5],
							"lerp_mode": "catmullrom"
						},
						"0.3542": {
							"post": [-0.5, -0.25, -2.5],
							"lerp_mode": "catmullrom"
						},
						"0.3958": {
							"post": [-1.91, -0.06, 1],
							"lerp_mode": "catmullrom"
						},
						"0.4583": {
							"post": [-1.75, 0.25, 1],
							"lerp_mode": "catmullrom"
						},
						"0.5833": {
							"post": [0.5, 1.25, -0.5],
							"lerp_mode": "catmullrom"
						},
						"0.7083": {
							"post": [1, -0.5, 0],
							"lerp_mode": "catmullrom"
						},
						"0.875": {
							"post": [-0.5, 0, 0],
							"lerp_mode": "catmullrom"
						},
						"1.0208": {
							"post": [0, 0, -0.1875],
							"lerp_mode": "catmullrom"
						},
						"1.0833": {
							"post": [0.05, -0.01, 0.3125],
							"lerp_mode": "catmullrom"
						},
						"1.1667": {
							"post": [0, 0, 0],
							"lerp_mode": "catmullrom"
						}
					}
				}
			},
			"sound_effects": {
				"0.125": {
					"effect": "gwg:melee/knife/knife_whoosh_2"
				}
			}
		},
		"inspect": {
			"loop": "hold_on_last_frame",
			"animation_length": 6,
			"bones": {
				"root": {
					"rotation": [7.95098, -7.02193, -12.84348]
				},
				"r": {
					"rotation": {
						"0.0": [-5, 0, 0],
						"0.2917": {
							"pre": [31.91414, -42.6309, 29.11645],
							"post": [31.91414, -42.6309, 29.11645],
							"lerp_mode": "catmullrom"
						},
						"0.5": {
							"post": [72, -50, 7.25],
							"lerp_mode": "catmullrom"
						},
						"0.8125": {
							"post": [66.7, -51.08, -0.78],
							"lerp_mode": "catmullrom"
						},
						"1.2292": {
							"post": [68, -50, 0],
							"lerp_mode": "catmullrom"
						},
						"1.5": {
							"post": [70.28468, -42.03447, 0.01516],
							"lerp_mode": "catmullrom"
						},
						"1.7917": {
							"post": [79.39222, -53.70175, -15.08117],
							"lerp_mode": "catmullrom"
						},
						"2.0833": {
							"post": [80.51, -57.32, -20.16],
							"lerp_mode": "catmullrom"
						},
						"2.3542": {
							"post": [75.8, -59.47, -23.27],
							"lerp_mode": "catmullrom"
						},
						"2.875": {
							"post": [79.39222, -53.70175, -15.08117],
							"lerp_mode": "catmullrom"
						},
						"3.1667": {
							"post": [26.89351, -7.12515, 51.82002],
							"lerp_mode": "catmullrom"
						},
						"3.5208": {
							"post": [61.78047, 51.35241, 135.83028],
							"lerp_mode": "catmullrom"
						},
						"3.8125": {
							"post": [61.175, 55.16, 143.62],
							"lerp_mode": "catmullrom"
						},
						"4.25": {
							"post": [66.59, 53.51, 143.6],
							"lerp_mode": "catmullrom"
						},
						"4.6458": {
							"post": [61.78047, 51.35241, 135.83028],
							"lerp_mode": "catmullrom"
						},
						"4.9167": {
							"post": [18.53503, 66.72647, 88.27275],
							"lerp_mode": "catmullrom"
						},
						"5.4375": {
							"post": [-5, 0, 0],
							"lerp_mode": "catmullrom"
						},
						"5.7917": {
							"post": [-5, 0, 0],
							"lerp_mode": "catmullrom"
						}
					},
					"position": {
						"0.0": [0, 2, 0],
						"0.2708": {
							"pre": [1.86, 1.55, -1.51],
							"post": [1.86, 1.55, -1.51],
							"lerp_mode": "catmullrom"
						},
						"0.4792": {
							"post": [3.5, 2.25, -3.5],
							"lerp_mode": "catmullrom"
						},
						"0.7292": {
							"post": [4.12, 2.02, -4.23],
							"lerp_mode": "catmullrom"
						},
						"1.2083": {
							"post": [4, 2, -4],
							"lerp_mode": "catmullrom"
						},
						"1.4792": {
							"post": [3.99, 2.45, -2.55],
							"lerp_mode": "catmullrom"
						},
						"1.7708": {
							"post": [3.875, 4.25, -1],
							"lerp_mode": "catmullrom"
						},
						"2.0833": {
							"post": [4.5, 4.11, -1.14],
							"lerp_mode": "catmullrom"
						},
						"2.5417": {
							"post": [4.51, 4.09, -0.99],
							"lerp_mode": "catmullrom"
						},
						"2.8542": {
							"post": [4.5, 4, -1.25],
							"lerp_mode": "catmullrom"
						},
						"3.1458": {
							"post": [4.78, 3.24, -1.99],
							"lerp_mode": "catmullrom"
						},
						"3.5": {
							"post": [4, 4, -1],
							"lerp_mode": "catmullrom"
						},
						"3.7917": {
							"post": [4.05, 4.1, -0.37],
							"lerp_mode": "catmullrom"
						},
						"4.2917": {
							"post": [4.13, 3.62, 0.4],
							"lerp_mode": "catmullrom"
						},
						"4.625": {
							"post": [4.13, 3.62, 0.4],
							"lerp_mode": "catmullrom"
						},
						"5.0208": {
							"post": [1.16, -0.09, -2.65],
							"lerp_mode": "catmullrom"
						},
						"5.4375": {
							"post": [0, 1.5, 0],
							"lerp_mode": "catmullrom"
						},
						"5.7708": {
							"post": [0, 2, 0],
							"lerp_mode": "catmullrom"
						},
						"6.0": {
							"post": [0, 2, 0],
							"lerp_mode": "catmullrom"
						}
					}
				},
				"rightHand": {
					"rotation": {
						"0.0": {
							"post": [90, 0, 180],
							"lerp_mode": "catmullrom"
						},
						"0.5": {
							"post": [159.1628, -14.56827, 193.96853],
							"lerp_mode": "catmullrom"
						},
						"4.8958": {
							"post": [159.1628, -14.56827, 193.96853],
							"lerp_mode": "catmullrom"
						},
						"5.125": {
							"post": [136.7829, 9.11761, 209.449],
							"lerp_mode": "catmullrom"
						},
						"5.5417": {
							"post": [90, 0, 180],
							"lerp_mode": "catmullrom"
						}
					},
					"position": {
						"0.0": {
							"post": [-6.75, -16.75, -8],
							"lerp_mode": "catmullrom"
						},
						"0.5": {
							"post": [-7.75, -15.5, -9.5],
							"lerp_mode": "catmullrom"
						},
						"4.8958": {
							"post": [-7.75, -15.5, -9.5],
							"lerp_mode": "catmullrom"
						},
						"5.5417": {
							"post": [-6.75, -16.75, -8],
							"lerp_mode": "catmullrom"
						}
					},
					"scale": [1, 1.5, 1]
				},
				"leftHand": {
					"rotation": {
						"0.0": {
							"post": [118.17243, 1.17365, 114.81596],
							"lerp_mode": "catmullrom"
						},
						"0.25": {
							"post": [110.57768, -29.42606, 169.88403],
							"lerp_mode": "catmullrom"
						},
						"0.4792": {
							"post": [70.93095, -52.24602, 243.04901],
							"lerp_mode": "catmullrom"
						},
						"1.2708": {
							"post": [96.20223, -42.2491, 242.68097],
							"lerp_mode": "catmullrom"
						},
						"1.625": {
							"post": [114.63364, -35.86614, 195.3324],
							"lerp_mode": "catmullrom"
						},
						"1.9583": {
							"post": [82.13364, -35.86614, 195.3324],
							"lerp_mode": "catmullrom"
						},
						"4.6875": {
							"post": [82.13364, -35.86614, 195.3324],
							"lerp_mode": "catmullrom"
						},
						"5.1875": {
							"post": [118.17243, 1.17365, 114.81596],
							"lerp_mode": "catmullrom"
						},
						"5.5833": {
							"post": [118.17243, 1.17365, 114.81596],
							"lerp_mode": "catmullrom"
						}
					},
					"position": {
						"0.0": {
							"post": [19.75, -18, -9],
							"lerp_mode": "catmullrom"
						},
						"0.25": {
							"post": [16.89, -18.62, -12.52],
							"lerp_mode": "catmullrom"
						},
						"0.4792": {
							"post": [12.75, -17, -16],
							"lerp_mode": "catmullrom"
						},
						"1.0208": {
							"post": [16.2, -13.75, -18.56],
							"lerp_mode": "catmullrom"
						},
						"1.2708": {
							"post": [19.75, -14, -19],
							"lerp_mode": "catmullrom"
						},
						"1.625": {
							"post": [19.75, -18, -17],
							"lerp_mode": "catmullrom"
						},
						"1.9583": {
							"post": [19.75, -26, -12],
							"lerp_mode": "catmullrom"
						},
						"4.6875": {
							"post": [19.75, -26, -12],
							"lerp_mode": "catmullrom"
						},
						"5.1875": {
							"post": [19.75, -18, -9],
							"lerp_mode": "catmullrom"
						},
						"5.5833": {
							"post": [19.75, -18, -9],
							"lerp_mode": "catmullrom"
						}
					},
					"scale": [1, 1.5, 1]
				},
				"camera": {
					"rotation": {
						"0.0": {
							"post": [0, 0, 0],
							"lerp_mode": "catmullrom"
						},
						"0.2083": {
							"post": [-0.3, 0, -0.25],
							"lerp_mode": "catmullrom"
						},
						"0.5417": {
							"post": [1.75, 0.5, 1],
							"lerp_mode": "catmullrom"
						},
						"0.7292": {
							"post": [1.86, 0.3, 1.5],
							"lerp_mode": "catmullrom"
						},
						"1.0625": {
							"post": [0.75, -1.75, 1.5],
							"lerp_mode": "catmullrom"
						},
						"1.4167": {
							"post": [0.54, -1.89, -0.75],
							"lerp_mode": "catmullrom"
						},
						"1.5208": {
							"post": [1.55, -1.52, 0],
							"lerp_mode": "catmullrom"
						},
						"1.875": {
							"post": [-0.75, 0.25, 0],
							"lerp_mode": "catmullrom"
						},
						"2.1667": {
							"post": [-0.83, 0.38, -0.5],
							"lerp_mode": "catmullrom"
						},
						"2.4167": {
							"post": [-2.25, 0.25, 0.5],
							"lerp_mode": "catmullrom"
						},
						"2.9583": {
							"post": [-2.25, 0.25, 0.5],
							"lerp_mode": "catmullrom"
						},
						"3.25": {
							"post": [1, 0.25, -1.25],
							"lerp_mode": "catmullrom"
						},
						"3.4167": {
							"post": [-0.25, 0.25, 0.25],
							"lerp_mode": "catmullrom"
						},
						"3.625": {
							"post": [0.46, 0.32, -0.25],
							"lerp_mode": "catmullrom"
						},
						"4.0": {
							"post": [0.5, 0.25, 0],
							"lerp_mode": "catmullrom"
						},
						"4.375": {
							"post": [0.5, -2, 0.75],
							"lerp_mode": "catmullrom"
						},
						"4.5625": {
							"post": [0.03, -2.02, 1],
							"lerp_mode": "catmullrom"
						},
						"4.75": {
							"post": [-0.25, -1.75, 0.75],
							"lerp_mode": "catmullrom"
						},
						"5.0": {
							"post": [1.25, -1.75, 0.25],
							"lerp_mode": "catmullrom"
						},
						"5.4167": {
							"post": [0, 0, 0],
							"lerp_mode": "catmullrom"
						},
						"5.7292": {
							"post": [0, 0, 0],
							"lerp_mode": "catmullrom"
						},
						"6.0": {
							"post": [0, 0, 0],
							"lerp_mode": "catmullrom"
						}
					}
				}
			}
		},
		"run": {
			"loop": true,
			"animation_length": 0.6875,
			"bones": {
				"r": {
					"rotation": {
						"0.0": {
							"post": [5, 0, 50],
							"lerp_mode": "catmullrom"
						},
						"0.2083": {
							"post": [-2.5, 0, 51.75],
							"lerp_mode": "catmullrom"
						},
						"0.3542": {
							"post": [22.02069, 12.94024, 68.98547],
							"lerp_mode": "catmullrom"
						},
						"0.5": {
							"post": [34.56522, 5, 44.5],
							"lerp_mode": "catmullrom"
						},
						"0.6875": {
							"post": [5, 0, 50],
							"lerp_mode": "catmullrom"
						}
					},
					"position": {
						"0.0": {
							"post": [-9, -4, -2],
							"lerp_mode": "catmullrom"
						},
						"0.2083": {
							"post": [-1, 1, -4],
							"lerp_mode": "catmullrom"
						},
						"0.3542": {
							"post": [-5.28, -0.61, -4.62],
							"lerp_mode": "catmullrom"
						},
						"0.5208": {
							"post": [-11.61, -10.3, 3],
							"lerp_mode": "catmullrom"
						},
						"0.6875": {
							"post": [-9, -4, -2],
							"lerp_mode": "catmullrom"
						}
					}
				},
				"leftHand": {
					"rotation": {
						"0.0": {
							"post": [23.39751, -7.5907, 38.86966],
							"lerp_mode": "catmullrom"
						},
						"0.2083": {
							"post": [-7.60003, -20.21956, 50.14948],
							"lerp_mode": "catmullrom"
						},
						"0.3542": {
							"post": [12.12446, -6.40559, 39.2792],
							"lerp_mode": "catmullrom"
						},
						"0.5": {
							"post": [30.68093, -6.30151, 41.02259],
							"lerp_mode": "catmullrom"
						},
						"0.6875": {
							"post": [23.39751, -7.5907, 38.86966],
							"lerp_mode": "catmullrom"
						}
					},
					"position": {
						"0.0": {
							"post": [1, -2.75, -2],
							"lerp_mode": "catmullrom"
						},
						"0.2083": {
							"post": [1, -6, 2],
							"lerp_mode": "catmullrom"
						},
						"0.3542": {
							"post": [1.28, -1.47, 0.25],
							"lerp_mode": "catmullrom"
						},
						"0.5": {
							"post": [1.5, 1, -2],
							"lerp_mode": "catmullrom"
						},
						"0.6875": {
							"post": [1, -2.75, -2],
							"lerp_mode": "catmullrom"
						}
					}
				}
			}
		},
		"run_start": {
			"loop": true,
			"animation_length": 0.4167,
			"bones": {
				"r": {
					"rotation": {
						"0.0": {
							"post": [0, 0, 0],
							"lerp_mode": "catmullrom"
						},
						"0.2083": {
							"post": [2.5, 0, 25],
							"lerp_mode": "catmullrom"
						},
						"0.4167": {
							"post": [5, 0, 50],
							"lerp_mode": "catmullrom"
						}
					},
					"position": {
						"0.0": {
							"post": [0, 0, 0],
							"lerp_mode": "catmullrom"
						},
						"0.2083": {
							"post": [-6, -4.5, -1],
							"lerp_mode": "catmullrom"
						},
						"0.4167": {
							"post": [-9, -4, -2],
							"lerp_mode": "catmullrom"
						}
					}
				},
				"leftHand": {
					"rotation": {
						"0.0": {
							"post": [0, 0, 0],
							"lerp_mode": "catmullrom"
						},
						"0.2083": {
							"post": [4.95, -3.8, 19.43],
							"lerp_mode": "catmullrom"
						},
						"0.4167": {
							"post": [23.39751, -7.5907, 38.86966],
							"lerp_mode": "catmullrom"
						}
					},
					"position": {
						"0.0": {
							"post": [0, 0, 0],
							"lerp_mode": "catmullrom"
						},
						"0.2083": {
							"post": [1.5, -3.25, -2],
							"lerp_mode": "catmullrom"
						},
						"0.4167": {
							"post": [1, -2.75, -2],
							"lerp_mode": "catmullrom"
						}
					}
				}
			}
		},
		"run_end": {
			"loop": true,
			"animation_length": 0.3542,
			"bones": {
				"r": {
					"rotation": {
						"0.0": {
							"post": [5, 0, 50],
							"lerp_mode": "catmullrom"
						},
						"0.1667": {
							"post": [2.5, 0, 25],
							"lerp_mode": "catmullrom"
						},
						"0.3542": {
							"post": [0, 0, 0],
							"lerp_mode": "catmullrom"
						}
					},
					"position": {
						"0.0": {
							"post": [-9, -4, -2],
							"lerp_mode": "catmullrom"
						},
						"0.1667": {
							"post": [-6, -4.5, -1],
							"lerp_mode": "catmullrom"
						},
						"0.3542": {
							"post": [0, 0, 0],
							"lerp_mode": "catmullrom"
						}
					}
				},
				"leftHand": {
					"rotation": {
						"0.0": {
							"post": [23.39751, -7.5907, 38.86966],
							"lerp_mode": "catmullrom"
						},
						"0.1667": {
							"post": [4.95, -3.8, 19.43],
							"lerp_mode": "catmullrom"
						},
						"0.3542": {
							"post": [0, 0, 0],
							"lerp_mode": "catmullrom"
						}
					},
					"position": {
						"0.0": {
							"post": [1, -2.75, -2],
							"lerp_mode": "catmullrom"
						},
						"0.1667": {
							"post": [1.5, -3.5, -2],
							"lerp_mode": "catmullrom"
						},
						"0.3542": {
							"post": [0, 0, 0],
							"lerp_mode": "catmullrom"
						}
					}
				}
			}
		},
		"run_hold": {
			"loop": true,
			"animation_length": 0.25,
			"bones": {
				"r": {
					"rotation": {
						"0.0": {
							"post": [5, 0, 50],
							"lerp_mode": "catmullrom"
						}
					},
					"position": {
						"0.0": {
							"post": [-9, -2, -2],
							"lerp_mode": "catmullrom"
						}
					}
				},
				"leftHand": {
					"rotation": {
						"0.0": {
							"post": [23.39751, -7.5907, 38.86966],
							"lerp_mode": "catmullrom"
						}
					},
					"position": {
						"0.0": {
							"post": [1, -3.75, -2],
							"lerp_mode": "catmullrom"
						}
					}
				}
			}
		},
		"walk_forward": {
			"loop": true,
			"animation_length": 1,
			"bones": {
				"root": {
					"rotation": {
						"0.0": {
							"post": [0, 0, 0],
							"lerp_mode": "catmullrom"
						},
						"0.1": {
							"post": [0, -1.29, 0.53297],
							"lerp_mode": "catmullrom"
						},
						"0.2": {
							"post": [0, -1.97, 1.06375],
							"lerp_mode": "catmullrom"
						},
						"0.3": {
							"post": [0, -1.95516, 1.58859],
							"lerp_mode": "catmullrom"
						},
						"0.35": {
							"post": [0, -1.67, 1.72516],
							"lerp_mode": "catmullrom"
						},
						"0.45": {
							"post": [0, -0.87641, 1.56984],
							"lerp_mode": "catmullrom"
						},
						"0.55": {
							"post": [0, 0, 1.03156],
							"lerp_mode": "catmullrom"
						},
						"0.65": {
							"post": [0, 1.4375, 0.44172],
							"lerp_mode": "catmullrom"
						},
						"0.75": {
							"post": [0, 1.86953, -0.00125],
							"lerp_mode": "catmullrom"
						},
						"0.8": {
							"post": [0, 1.84, -0.17516],
							"lerp_mode": "catmullrom"
						},
						"0.9": {
							"post": [0, 1.47, -0.29437],
							"lerp_mode": "catmullrom"
						},
						"1.0": {
							"post": [0, 0, 0],
							"lerp_mode": "catmullrom"
						}
					},
					"position": {
						"0.0": {
							"post": [0, 0, 0],
							"lerp_mode": "catmullrom"
						},
						"0.15": {
							"post": [0.04453, 0.18469, 0.02938],
							"lerp_mode": "catmullrom"
						},
						"0.3": {
							"post": [0.04844, 0.22141, 0.03],
							"lerp_mode": "catmullrom"
						},
						"0.35": {
							"post": [0.05, 0.1, 0.035],
							"lerp_mode": "catmullrom"
						},
						"0.4": {
							"post": [0.04109, -0.08625, 0.03],
							"lerp_mode": "catmullrom"
						},
						"0.5": {
							"post": [0.02109, -0.15719, 0.03],
							"lerp_mode": "catmullrom"
						},
						"0.65": {
							"post": [-0.02578, 0.18469, 0.02938],
							"lerp_mode": "catmullrom"
						},
						"0.8": {
							"post": [-0.02969, 0.22141, 0.03],
							"lerp_mode": "catmullrom"
						},
						"0.85": {
							"post": [-0.03, 0.1, 0.035],
							"lerp_mode": "catmullrom"
						},
						"0.9": {
							"post": [-0.02141, -0.08625, 0.03],
							"lerp_mode": "catmullrom"
						},
						"1.0": {
							"post": [0, 0, 0],
							"lerp_mode": "catmullrom"
						}
					}
				}
			}
		},
		"walk_sideway": {
			"loop": true,
			"animation_length": 1,
			"bones": {
				"root": {
					"rotation": {
						"0.0": [0, 0, 0],
						"0.05": [0, -0.22, 0],
						"0.1": [0, -0.53, 0],
						"0.15": [0, -0.77, -0.02],
						"0.2": [0, -0.88, -0.09],
						"0.25": [0, -0.92, -0.17],
						"0.3": [0, -0.88, -0.25],
						"0.35": [0, -0.64, -0.36],
						"0.4": [0, -0.34, -0.43],
						"0.45": [0, -0.18, -0.43],
						"0.5": [0, 0, -0.38],
						"0.55": [0, 0.24, -0.32],
						"0.6": [0, 0.52, -0.23],
						"0.65": [0, 0.73, -0.16],
						"0.7": [0, 0.85, -0.08],
						"0.75": [0, 0.85, -0.02],
						"0.8": [0, 0.82, 0.02],
						"0.85": [0, 0.7, 0.05],
						"0.9": [0, 0.48, 0.04],
						"0.95": [0, 0.2, 0.02],
						"1.0": [0, 0, 0]
					},
					"position": {
						"0.0": [0, 0, 0],
						"0.05": [-0.03, 0.075, 0.035],
						"0.1": [-0.07, 0.165, 0.065],
						"0.15": [-0.11, 0.225, 0.085],
						"0.2": [-0.11, 0.245, 0.085],
						"0.25": [-0.11, 0.245, 0.085],
						"0.3": [-0.1, 0.225, 0.085],
						"0.35": [-0.09, 0.155, 0.045],
						"0.4": [-0.07, 0.075, 0.005],
						"0.45": [-0.04, 0.025, 0.015],
						"0.5": [0, 0.005, 0.035],
						"0.55": [0.03, 0.065, 0.045],
						"0.6": [0.07, 0.165, 0.065],
						"0.65": [0.1, 0.235, 0.085],
						"0.7": [0.11, 0.255, 0.085],
						"0.75": [0.1, 0.255, 0.085],
						"0.8": [0.09, 0.235, 0.085],
						"0.85": [0.08, 0.165, 0.055],
						"0.9": [0.06, 0.075, 0.035],
						"0.95": [0.03, 0.035, 0.015],
						"1.0": [0, 0, 0]
					}
				}
			}
		},
		"walk_backward": {
			"loop": true,
			"animation_length": 1,
			"bones": {
				"root": {
					"rotation": {
						"0.0": [0, 0, 0],
						"0.05": [0, -0.16, 0],
						"0.1": [0, -0.39, 0],
						"0.15": [0, -0.56, -0.02],
						"0.2": [0, -0.65, -0.09],
						"0.25": [0, -0.69, -0.17],
						"0.3": [0, -0.68, -0.25],
						"0.35": [0, -0.53, -0.36],
						"0.4": [0, -0.33, -0.43],
						"0.45": [0, -0.18, -0.43],
						"0.5": [0, 0, -0.38],
						"0.55": [0, 0.19, -0.32],
						"0.6": [0, 0.4, -0.23],
						"0.65": [0, 0.56, -0.16],
						"0.7": [0, 0.66, -0.08],
						"0.75": [0, 0.67, -0.02],
						"0.8": [0, 0.64, 0.02],
						"0.85": [0, 0.52, 0.05],
						"0.9": [0, 0.35, 0.04],
						"0.95": [0, 0.15, 0.02],
						"1.0": [0, 0, 0]
					},
					"position": {
						"0.0": [0, 0, 0],
						"0.05": [-0.03, 0.055, 0.025],
						"0.1": [-0.07, 0.145, 0.055],
						"0.15": [-0.11, 0.205, 0.075],
						"0.2": [-0.11, 0.225, 0.085],
						"0.25": [-0.11, 0.225, 0.085],
						"0.3": [-0.1, 0.205, 0.075],
						"0.35": [-0.09, 0.135, 0.035],
						"0.4": [-0.07, 0.065, 0.005],
						"0.45": [-0.04, 0.005, 0.005],
						"0.5": [0, -0.005, 0.025],
						"0.55": [0.03, 0.055, 0.045],
						"0.6": [0.07, 0.145, 0.065],
						"0.65": [0.1, 0.205, 0.075],
						"0.7": [0.11, 0.225, 0.085],
						"0.75": [0.1, 0.225, 0.085],
						"0.8": [0.09, 0.205, 0.075],
						"0.85": [0.08, 0.135, 0.055],
						"0.9": [0.06, 0.065, 0.025],
						"0.95": [0.03, 0.015, 0.015],
						"1.0": [0, 0, 0]
					}
				}
			}
		},
		"idle": {
			"loop": true,
			"animation_length": 0.5,
			"bones": {
				"root": {
					"rotation": [0, 0, 0],
					"position": [0, 0, 0],
					"scale": 1
				}
			}
		}
	}
}