{
  "ammo": "zeta:ar_ammo",
  "ammo_amount": 45,
  "extended_mag_ammo_amount": [
    60,
    75,
    95
  ],
  "can_crawl": true,
  "can_slide": true,
  "bolt": "closed_bolt",
  "rpm": 600,
  "bullet": {
    "life": 0.8,
    "bullet_amount": 1,
    "damage": 12,
    "tracer_count_interval": 0,
    "speed": 650,
    "gravity": 0.05,
    "knockback": 0,
    "friction": 0.03,
    "ignite": {
      "entity": true,
      "block": false
    },
    "ignite_entity_time": 5,
    "pierce": 1,
    "extra_damage": {
      "armor_ignore": 0.4,
      "head_shot_multiplier": 1.5,
      "damage_adjust": [
        {
          "distance": 30,
          "damage": 12
        },
        {
          "distance": 60,
          "damage": 8
        },
        {
          "distance": "infinite",
          "damage": 6
        }
      ]
    }
  },
  "fire_sound": {
    "fire_multiplier": 1,
    "silence_multiplier": 0.5
  },
  "reload": {
    "type": "fuel",
    "infinite": false,
    "feed": {
      "empty": 2.85,
      "tactical": 2.12
    },
    "cooldown": {
      "empty": 3.18,
      "tactical": 2.45
    }
  },
  "draw_time": 0.85,
  "put_away_time": 0.6,
  "aim_time": 0.2,
  "sprint_time": 0.2,
  "weight": 3.5,
  "movement_speed": {
    "base": 0,
    "aim": -0.2,
    "reload": -0.15
  },
  "fire_mode": [
    "auto",
    "semi"
  ],
  "crawl_recoil_multiplier": 0.5,
  "recoil": {
    "pitch": [
      {"time": 0, "value": [0.125, 0.125]},
      {"time": 0.35, "value": [0.125, 0.125]},
      {"time": 0.55, "value": [-0.075, -0.075]},
      {"time": 0.7, "value": [0, 0]}
    ],
    "yaw": [
      {"time": 0, "value": [-0.3, 0.375]},
      {"time": 0.3, "value": [-0.3, 0.375]},
      {"time": 0.5, "value": [0, 0]}
    ]
  },
  
  "inaccuracy": {
    "stand": 4.5,
    "move": 5,
    "sneak": 2.5,
    "lie": 1.5,
    "aim": 0.15
  },
  "melee": {
    "distance": 1,
    "cooldown": 0.7,
    "default": {
      "animation_type": "melee_push",
      "distance": 1,
      "range_angle": 40,
      "cooldown": 0,
      "damage": 1,
      "knockback": 0.5,
      "prep": 0.1
    }
  },
  "allow_attachment_types": [
    "scope",
    "muzzle",
    "extended_mag",
    "grip",
    "laser"
  ],
  "fire_mode_adjust": {
    "auto": {},
    "semi": {},
    "burst": {}
  }
}
