{
  "gunsmithlib_extension": {
     "potion_effects": [
      {
        // 状态效果 id。
        // 必填。
        "effect_id": "minecraft:slowness",
        // 状态效果持续时间，单位为 tick。
        // 可选。默认为 1 秒。
        "duration": 60,
        // 状态效果等级，1 = 1级，2 = 2级。
        // 可选，默认为 1
        "level": 5,
        // 如果为 true, 那么粒子效果会变淡，类似信标带来的状态效果的样子。
        // 可选，默认为 false。
        "is_ambient": false,
        // 如果为 false, 那么会隐藏这个状态的粒子效果。
        // 可选，默认为 true。
        "visible": false,
        // 如果为 false, 那么这个状态效果不会在客户端物品栏gui上显示。
        // 可选，默认为 true。
        "show_icon": true,
        // 每次命中施加状态效果的概率。
        // 可选，默认为 1。
        "chance": 1,
        // 状态效果的最大叠加等级，为 0 时则不叠加。
        // 可选，默认为 0。
        "max_stack_level": 10
      },
        {
        // 状态效果 id。
        // 必填。
        "effect_id": "minecraft:weakness",
        // 状态效果持续时间，单位为 tick。
        // 可选。默认为 1 秒。
        "duration": 60,
        // 状态效果等级，1 = 1级，2 = 2级。
        // 可选，默认为 1
        "level": 2,
        // 如果为 true, 那么粒子效果会变淡，类似信标带来的状态效果的样子。
        // 可选，默认为 false。
        "is_ambient": false,
        // 如果为 false, 那么会隐藏这个状态的粒子效果。
        // 可选，默认为 true。
        "visible": false,
        // 如果为 false, 那么这个状态效果不会在客户端物品栏gui上显示。
        // 可选，默认为 true。
        "show_icon": true,
        // 每次命中施加状态效果的概率。
        // 可选，默认为 1。
        "chance": 1,
        // 状态效果的最大叠加等级，为 0 时则不叠加。
        // 可选，默认为 0。
        "max_stack_level": 10
      },
        {
        // 状态效果 id。
        // 必填。
        "effect_id": "minecraft:mining_fatigue",
        // 状态效果持续时间，单位为 tick。
        // 可选。默认为 1 秒。
        "duration": 60,
        // 状态效果等级，1 = 1级，2 = 2级。
        // 可选，默认为 1
        "level": 10,
        // 如果为 true, 那么粒子效果会变淡，类似信标带来的状态效果的样子。
        // 可选，默认为 false。
        "is_ambient": false,
        // 如果为 false, 那么会隐藏这个状态的粒子效果。
        // 可选，默认为 true。
        "visible": false,
        // 如果为 false, 那么这个状态效果不会在客户端物品栏gui上显示。
        // 可选，默认为 true。
        "show_icon": true,
        // 每次命中施加状态效果的概率。
        // 可选，默认为 1。
        "chance": 1,
        // 状态效果的最大叠加等级，为 0 时则不叠加。
        // 可选，默认为 0。
        "max_stack_level": 10
      }
    ]
  },
  "ammo": "zeta:ar_ammo",
  "ammo_amount": 40,
  "extended_mag_ammo_amount": [
    45,
    50,
    60
  ],
  "bolt": "closed_bolt",
  "rpm": 700,
  "bullet": {
    "life": 0.75,
    "bullet_amount": 1,
    "damage": 9,
    "tracer_count_interval": 0,
    "extra_damage": {
      "armor_ignore": 0.40,
      "head_shot_multiplier": 1.5,
      "damage_adjust": [
        {"distance": 30, "damage": 9},
        {"distance": 40, "damage": 7},
        {"distance": "infinite", "damage": 5}
      ]
    },
    "speed": 900,
    "gravity": 0.15,
    "knockback": 0.5,
    "friction": 0.3,
    "ignite": false,
    "pierce": 1
  },
  "reload": {
    "type": "fuel",
    "feed": {
      "empty": 2.17,
      "tactical": 1.33
    },
    "cooldown": {
      "empty": 2.65,
      "tactical": 1.85
    }
  },
  "draw_time": 0.43,
  "put_away_time": 0.53,
  "aim_time": 0.17,
  "sprint_time": 0.2,
  "weight": 3.6,
  "movement_speed": {
    "base": 0.0,
    "aim": -0.2,
    "reload": 0
  },
  "crawl_recoil_multiplier": 0.5,
  "fire_mode": [
    "auto",
     "semi",
     "burst"
  ],
  "burst_data": {
    "continuous_shoot": false,
    "count": 3,
    "bpm": 900,
    "min_interval": 0.3
  },
  "heat":  {
    // 过热上限
    "max": 1,
    // 每发子弹过热值
    "per_shot": 0
  },
 "script":"zeta:ar32_logic",
  "script_param": {
    "ban_tactical_reload": 0,
    "different_reload_time": 0,
    "closed_bolt": 1,
    "fuel_reload": 1,
    "reload_feed": 1.33,            //战术换弹
    "reload_cooldown": 1.85,
    "empty_feed": 2.17,             //空仓换弹
    "empty_cooldown": 2.65,
    "reload_division": 0.4,      //战术换弹的接续点
    "empty_division": 0.4,         //空仓换弹的接续点
    "continue_feed": 0.83,          //战术接续换弹
    "continue_cooldown": 1.7,
    "follow_feed": 1.53,          //空仓接续换弹
    "follow_cooldown": 2.43
  },
  "recoil": {
    "pitch": [
      {"time": 0, "value": [0.175, 0.175]},
      {"time": 0.35, "value": [0.175, 0.175]},
      {"time": 0.55, "value": [-0.125, -0.125]},
      {"time": 0.7, "value": [0, 0]}
    ],
    "yaw": [
      {"time": 0, "value": [-0.2, 0.25]},
      {"time": 0.3, "value": [-0.2, 0.25]},
      {"time": 0.5, "value": [0, 0]}
    ]
  },
  "inaccuracy": {
    "stand": 1.75,
    "move": 2.75,
    "sneak": 1.5,
    "lie": 0.75,
    "aim": 0.1
  },
  // 近战相关
  "melee": {
    // 枪械距离参数，用来延升近战攻击范围
    // 会与刺刀等配件的距离做加和
    "distance": 1,
    // 使用时的冷却时间
    "cooldown": 0.6,
    // 默认近战数据，会被配件的数据替换掉
    "default": {
      // 动画类型：没有枪托的为 melee_push，有枪托的为 melee_stock
      "animation_type": "melee_stock",
      // 刺刀距离参数，枪械里还有个刺刀攻击距离参数，两者做加和
      "distance": 1,
      // 刺刀范围角度
      "range_angle": 30,
      // 伤害值
      "damage": 2,
      // 击退效果
      "knockback": 0.5,
      // 前摇时长，单位：秒
      "prep": 0.1
    }
  },
  "allow_attachment_types": [
    "muzzle",
    "scope",
    "laser",
    "grip"
  ],
   "builtin_attachments": {
    "scope": "zeta:sight_shotgun"
  },
  "exclusive_attachments": {
  }
}