{
  "ammo": "zeta:ar_ammo",
  "ammo_amount": 35,
  "extended_mag_ammo_amount": [
    40,
    45,
    60
  ],
  "bolt": "closed_bolt",
  "rpm": 600,
  "bullet": {
    "life": 0.75,
    "bullet_amount": 1,
    "damage": 17,
    "tracer_count_interval": 0,
    "extra_damage": {
      "armor_ignore": 0.2,
      "head_shot_multiplier": 1.5,
      "damage_adjust": [
        {"distance": 25, "damage": 17},
        {"distance": 45, "damage": 15},
        {"distance": "infinite", "damage": 10}
      ]
    },
    "speed": 820,
    "gravity": 0.15,
    "knockback": 0,
    "friction": 0.3,
    "ignite": false,
    "pierce": 1
  },
  "reload": {
    "type": "fuel",
    "feed": {
      "empty": 2.22,
      "tactical": 1.30
    },
    "cooldown": {
      "empty": 2.90,
      "tactical": 2.43
    }
  },
  "draw_time": 0.77,
  "put_away_time": 0.7,
  "aim_time": 0.15,
  "sprint_time": 0.18,
  "weight": 3,
  "movement_speed": {
    "base": 0.0,
    "aim": -0.2,
    "reload": -0.1
  },
  "crawl_recoil_multiplier": 0.5,
  "fire_mode": [
    "auto",
    "semi",
    "burst"
  ],
  "burst_data": {
    "continuous_shoot": true,
    "count": 2,
    "bpm": 850,
    "min_interval": 0.15
  },
  "recoil": {
    "pitch": [
      {"time": 0, "value": [0.2, 0.2]},
      {"time": 0.25, "value": [-0.125, -0.125]},
      {"time": 0.33, "value": [0, 0]}
    ],
    "yaw": [
      {"time": 0, "value": [-0.1, 0.1]},
      {"time": 0.33, "value": [0, 0]}
    ]
  },
  "inaccuracy": {
    "stand": 3.5,
    "move": 4.5,
    "sneak": 3,
    "lie": 2,
    "aim": 0.1
  },
    "heat":  {
    // 过热上限
    "max": 1,
    // 每发子弹过热值
    "per_shot": 0
  },
   "script":"zeta:phased_reload_mk2_logic",
  "script_param": {
    "ban_tactical_reload": 0,
    "different_reload_time": 0,
    "closed_bolt": 1,
    "fuel_reload": 1,
    "reload_feed": 1.3,            //战术换弹
    "reload_cooldown": 2.43,
    "empty_feed": 2.22,             //空仓换弹
    "empty_cooldown": 2.9,
    "reload_division": 10,      //战术换弹的接续点
    "empty_division": 0.975,         //空仓换弹的接续点
    "continue_feed": 1,          //战术接续换弹
    "continue_cooldown": 1,
    "follow_feed": 1,          //空仓接续换弹
    "follow_cooldown": 2.1
  },
  // 近战相关
  "melee": {
    // 枪械距离参数，用来延升近战攻击范围
    // 会与刺刀等配件的距离做加和
    "distance": 1,
    // 使用时的冷却时间
    "cooldown": 0.6,
    // 默认近战数据，会被配件的数据替换掉
    "default": {
      // 动画类型：没有枪托的为 melee_push，有枪托的为 melee_stock
      "animation_type": "melee_stock",
      // 刺刀距离参数，枪械里还有个刺刀攻击距离参数，两者做加和
      "distance": 1,
      // 刺刀范围角度
      "range_angle": 30,
      // 伤害值
      "damage": 2,
      // 击退效果
      "knockback": 0.5,
      // 前摇时长，单位：秒
      "prep": 0.1
    }
  },
  "allow_attachment_types": [
    "extended_mag",
    "scope",
    "grip",
    "laser"
  ],
  "builtin_attachments": {
    "scope": "zeta:scythe_aim"
  },
  "exclusive_attachments": {
  }
}