{
  "ammo": "zeta:ar_ammo",
  "ammo_amount": 30,
  "extended_mag_ammo_amount": [
    40,
    50,
    60
  ],
   
   
   "script":"zeta:phased_reload_mk2_logic",
  "script_param": {
    "ban_tactical_reload": 0,
    "different_reload_time": 1,
    "fuel_reload": 1,
    "closed_bolt": 1,
    "reload_feed": 1.55,       "reload_xmag_1_feed": 1.54,       "reload_xmag_2_feed": 1.54,       "reload_xmag_3_feed": 1.54,
    "reload_cooldown": 2.0,   "reload_xmag_1_cooldown": 2.29,   "reload_xmag_2_cooldown": 2.29,   "reload_xmag_3_cooldown": 2.29,
    "empty_feed": 2.25,        "empty_xmag_1_feed": 2.5,        "empty_xmag_2_feed": 2.5,        "empty_xmag_3_feed": 2.5,
    "empty_cooldown": 2.6,    "empty_xmag_1_cooldown": 2.85,    "empty_xmag_2_cooldown": 2.85,    "empty_xmag_3_cooldown": 2.85,
    "reload_division": 0.7, "reload_xmag_1_division": 0.7, "reload_xmag_2_division": 0.7, "reload_xmag_3_division": 0.7,
    "empty_division": 0.75,    "empty_xmag_1_division": 0.75,    "empty_xmag_2_division": 0.75,    "empty_xmag_3_division": 0.75,
    "continue_feed": 0.75,     "continue_xmag_1_feed": 0.75,     "continue_xmag_2_feed": 0.75,     "continue_xmag_3_feed": 0.75,
    "continue_cooldown": 1.2, "continue_xmag_1_cooldown": 1.6, "continue_xmag_2_cooldown": 1.6, "continue_xmag_3_cooldown": 1.6,
    "follow_feed": 1.7,     "follow_xmag_1_feed": 1.8,     "follow_xmag_2_feed": 1.8,     "follow_xmag_3_feed": 1.8,
    "follow_cooldown": 2.0, "follow_xmag_1_cooldown": 2.5, "follow_xmag_2_cooldown": 2.5, "follow_xmag_3_cooldown": 2.5
  },
  "bolt": "closed_bolt",
  "rpm": 550,
  "bullet": {
    "life": 0.8,
    "bullet_amount": 1,
    "damage": 15,
    "tracer_count_interval": 0,
    "extra_damage": {
      "armor_ignore": 0.40,
      "head_shot_multiplier": 1.75,
      "damage_adjust": [
        {"distance": 30, "damage": 15},
        {"distance": 70, "damage": 13},
        {"distance": "infinite", "damage": 10}
      ]
    },
    "speed": 820,
    "gravity": 0.15,
    "knockback": 0,
    "friction": 0.3,
    "ignite": false,
    "pierce": 2
  },
    "fire_sound": {
    // 射击声音传播距离修正乘数
    "fire_multiplier": 1.0,
    // 消音器射击声音传播距离修正乘数
    "silence_multiplier": 0.5
  },
   "heat":  {
    // 过热上限
    "max": 1,
    // 每发子弹过热值
    "per_shot": 0
  },
  "reload": {
    "type": "fuel",
    "feed": {
      // 空仓换弹
      "empty": 2.25,
      // 战术换弹
      "tactical": 1.55
    },
    // 弹匣供弹总时长（秒），到达此时间点，枪械才可以进行开火、检视等行为。
    "cooldown": {
      // 空仓换弹
      "empty": 2.6,
      // 战术换弹
      "tactical": 2.0
    }
  },
   "draw_time": 0.35,
  // 收枪的动作时长，单位秒。
  "put_away_time": 0.57,
  // 瞄准时长，单位秒。
  "aim_time": 0.2,
  "sprint_time": 0.2,
  "weight": 3.5,
  "fire_mode": [
    "auto",
    "semi"
  ],
 
 "recoil": {
    "pitch": [
      {"time": 0, "value": [0.66, 0.66]},
      {"time": 0.1, "value": [0.66, 0.66]},
      {"time": 0.45, "value": [-0.175, -0.175]},
      {"time": 0.6, "value": [0, 0]}
    ],
    "yaw": [
      {"time": 0, "value": [-0.23, 0.18]},
      {"time": 0.35, "value": [0, 0]}
    ]
  },
  "inaccuracy": {
    "stand": 4.5,
    "move": 5.5,
    "sneak": 2.5,
    "lie": 1.75,
    "aim": 0.1
  },
  // 近战相关
  "melee": {
    // 枪械距离参数，用来延升近战攻击范围
    // 会与刺刀等配件的距离做加和
    "distance": 1,
    // 使用时的冷却时间
    "cooldown": 0.6,
    // 默认近战数据，会被配件的数据替换掉
    "default": {
      // 动画类型：没有枪托的为 melee_push，有枪托的为 melee_stock
      "animation_type": "melee_stock",
      // 刺刀距离参数，枪械里还有个刺刀攻击距离参数，两者做加和
      "distance": 1,
      // 刺刀范围角度
      "range_angle": 30,
      // 伤害值
      "damage": 2,
      // 击退效果
      "knockback": 0.6,
      // 前摇时长，单位：秒
      "prep": 0.1
    }
  },
  "allow_attachment_types": [
    "scope",
    "grip",
    "laser",
    "muzzle",
    "extended_mag"
  ],
  "builtin_attachments": {
    "scope": "zeta:scythe_aim"
  },
  "exclusive_attachments": {
  }
}