{
   "gunsmithlib_extension": {
    "enable_overheat_feedback": true
  },
  "can_slide": false,
  "ammo": "zeta:las_16_ammo",
  "ammo_amount": 2147483647,
  "bolt": "open_bolt",
  "rpm": 1000,
  "bullet": {
    "life": 0.75,
    "bullet_amount": 1,
    "damage": 10,
    
    "extra_damage": {
      "armor_ignore": 0.6,
      "head_shot_multiplier": 1.5,
      "damage_adjust": [
        {"distance": "infinite", "damage": 10}
      ]
    },
    "speed": 3000,
    "gravity": 0,
    "knockback": 0,
    "friction": 0,

    "ignite": {
      "entity": true,
      "block": false
    },
    "ignite_entity_time": 5,
    "pierce": 1
  },
"heat":  {
    "max": 640,
    "per_shot": 4,
    "cooling_delay": 1000,
    "over_heat_time": 1000
  },
  "reload": {
    "type": "fuel",
    "infinite": false,
    "feed": {
      "empty": 4.5,
      "tactical": 4.92
    },
    "cooldown": {
      "empty": 6.29,
      "tactical": 6.67
    }
  },
  "draw_time": 2,
  "put_away_time": 1.33,
  "aim_time": 0.17,
  "sprint_time": 0.18,
  "weight": 10.0,
   "movement_speed": {
    "base": 0.0,
    "aim": -0.25,
    "reload": -1
  },
  "fire_mode": [
    "auto"
  ],
   "recoil": {
    "pitch": [
       {"time": 0, "value": [0.0, 0.0]},
       {"time": 0.3, "value": [0.0, 0.0]},
       {"time": 0.5, "value": [0.0, 0.0]},
       {"time": 0.65, "value": [0, 0]}
     ],
     "yaw": [
       {"time": 0, "value": [0.0, 0.0]},
      {"time": 0.3, "value": [0.0, 0.0]},
       {"time": 0.5, "value": [0, 0]}
     ]
   },
  "inaccuracy": {
    "stand": 0.4,
    "move": 0.3,
    "sneak": 0.125,
    "lie": 0,
    "aim": 0
  },
 
  "melee": {
   
    "distance": 1,
  
    "cooldown": 0.6,
   
    "default": {
    
      "animation_type": "melee_stock",
    
      "distance": 1,
    
      "range_angle": 30,
    
      "damage": 5,
      
      "knockback": 0.5,
    
      "prep": 0.1
    }
  },
  "script": "zeta:foxatl_heat",
    "script_param": {
      "empty_cooldown":6.29,
      "empty_feed":4.92,
      "reload_cooldown":6.67,
      "reload_feed":4.92,
      "cooldown":2,//基础散热速率
      "maxMag1":3,"maxMag2":1,"maxMag3":2,//各级弹匣总热容量倍率
      "coolingMag1":1,"coolingMag2":3,"coolingMag3":2//各级弹匣散热速率倍率
    },
   "builtin_attachments": {
    "scope": "zeta:scope_sup"
  },
  
  "allow_attachment_types": [
    "scope",
    "extended_mag"
  ]
 

}