{
  "ammo": "zeta:p113_ammo",
  "rpm": 400,
  "bullet": {
    "life": 0.7,
    "bullet_amount": 1,
    "damage": 20,
    "tracer_count_interval": 0,
    "extra_damage": {
      "armor_ignore": 0.40,
      "head_shot_multiplier": 1.75,
      "damage_adjust": [
        {"distance": 15, "damage": 20},
        {"distance": 30, "damage": 17},
        {"distance": 50, "damage": 15},
        {"distance": "infinite", "damage": 12}
      ]
    },
    "speed": 285,
    "gravity": 0.15,
    "knockback": 0.1,
    "friction": 0.3,
    "ignite": false,
    "pierce": 2,
    "explosion": {
      "explode": false,
      "damage": 30,
      "radius": 0.75,
      "knockback": true,
      "delay": 1
    }
  },
  "ammo_amount": 10,
  "extended_mag_ammo_amount": [
    13,
    15,
    17
  ],
  "bolt": "closed_bolt",
  "reload": {
    "type": "fuel",
    "feed": {
      "empty": 1.75,
      "tactical": 1.2
    },
    "cooldown": {
      "empty": 2.5,
      "tactical": 2.2
    }
  },
  "draw_time": 0.35,
  "put_away_time": 0.33,
  "aim_time": 0.2,
  "sprint_time": 0.2,
  "weight": 2,
  "movement_speed": {
    "base": 0.0,
    "aim": -0.1,
    "reload": 0
  },
  "crawl_recoil_multiplier": 0.75,
  "fire_mode": [
    "semi",
    "auto"
  ],
  "allow_attachment_types": [
    "scope",
    "muzzle",
    "laser",
    "extended_mag"
  ],

"melee": {
    // 枪械距离参数，用来延升近战攻击范围
    // 会与刺刀等配件的距离做加和
    "distance": 1,
    // 使用时的冷却时间
    "cooldown": 0.6,
    // 默认近战数据，会被配件的数据替换掉
    "default": {
      // 动画类型：没有枪托的为 melee_push，有枪托的为 melee_stock
      "animation_type": "melee_push",
      // 刺刀距离参数，枪械里还有个刺刀攻击距离参数，两者做加和
      "distance": 1,
      // 刺刀范围角度
      "range_angle": 30,
      // 伤害值
      "damage": 4.3,
      // 击退效果
      "knockback": 0.5,
      // 前摇时长，单位：秒
      "prep": 0.1
    }
  },

  "recoil": {
    "pitch": [
      {"time": 0, "value": [0.375, 0.375]},
      {"time": 0.25, "value": [0.375, 0.375]},
      {"time": 0.5, "value": [-0.125, -0.125]},
      {"time": 0.7, "value": [0.05, 0.05]},
      {"time": 1.0, "value": [0, 0]}
    ],
    "yaw": [
      {"time": 0, "value": [-0.45, 0.15]},
      {"time": 0.25, "value": [-0.45, 0.15]},
      {"time": 1, "value": [0, 0]}
    ]
  },
  "inaccuracy": {
    "stand": 2.5,
    "move": 3,
    "sneak": 2,
    "lie": 0.7,
    "aim": 0.1
  }
}