{
  "script": "zeta:epoch_logic",
  "ammo": "zeta:plas_1_ammo",
  "ammo_amount": 3,
  "extended_mag_ammo_amount": [
    4,
    5,
    6
  ],
   "can_slide": false,
  "rpm": 1200,
  "bullet": {
    "life": 0.9,
    "bullet_amount": 1,
    "damage": 64,
    "tracer_count_interval": 0,
    "extra_damage": {
      "armor_ignore": 0.8,
      "head_shot_multiplier": 2.0,
      "damage_adjust": [
        {"distance": 24, "damage": 64},
        {"distance": 50, "damage": 60},
        {"distance": "infinite", "damage": 48}
      ]
    },
    "speed": 250,
    "gravity": 0.03,
    "knockback": 0,
    "friction": 0.1,
   "ignite": {
    
      // 点燃实体
      "entity": true,
      // 点燃方块
      "block": false
    },
    "ignite_entity_time": 2,
    "pierce": 1,

    "explosion": {
      "explode": true,
      "damage": 64,
      "radius": 6,
      "knockback": false,
      "delay": 0.4
    }

   
  },
 
  "bolt": "open_bolt",
  "reload": {
    "type": "fuel",
    "feed": {
      "empty": 2.6,
      "tactical": 2.54
    },
    "cooldown": {
      "empty": 5.4,
      "tactical": 5.38
    }
  },
  "draw_time": 2.00,
  "put_away_time": 1.21,
  "aim_time": 0.12,
  "sprint_time": 0.15,
  "weight": 7.5,
   "movement_speed": {
    "base": -0.0,
    "aim": -0.2,
    "reload": -0.99
  },
  "fire_mode": [
    "auto"
  ],



  "allow_attachment_types": [
    "scope",
    "extended_mag"
    
  ],
   "recoil": {
    "pitch": [
      {"time": 4.13, "value": [0.15, 0.15]},
      {"time": 4.33, "value": [0.15, 0.15]},
      {"time": 4.63, "value": [-0.125, -0.125]},
      {"time": 4.78, "value": [0, 0]}
    ],
    "yaw": [
      {"time": 4.13, "value": [-0.15, 0.15]},
      {"time": 4.33, "value": [-0.15, 0.15]},
      {"time": 4.83, "value": [0, 0]}
    ]
  },
 "inaccuracy": {
    "stand": 1.1,
    "move": 1.5,
    "sneak": 0.7,
    "lie": 0.5,
    "aim": 0.1
  },
  "builtin_attachments": {
    "scope": "zeta:scope_sup"
  },
  // 近战相关
  "melee": {
    // 枪械距离参数，用来延升近战攻击范围
    // 会与刺刀等配件的距离做加和
    "distance": 1,
    // 使用时的冷却时间
    // 会与刺刀等配件的冷却时间做加和
    "cooldown": 0.6,
    // 默认近战数据，会被配件的数据替换掉
    "default": {
      // 动画类型：没有枪托的为 melee_push，有枪托的为 melee_stock
      "animation_type": "melee_stock",
      // 刺刀距离参数，枪械里还有个刺刀攻击距离参数，两者做加和
      "distance": 2,
      // 刺刀范围角度
      "range_angle": 40,
      // 刺刀冷却时间，枪械里还有个刺刀冷却时间参数，两者做加和
      "cooldown": 0.2,
      // 伤害值
      "damage": 1,
      // 击退效果
      "knockback": 0.4,
      // 前摇时长，单位：秒
      "prep": 0.1
    }
  }
}