{
 
  "gunsmithlib_extension": {
    "gun_explosive": {
      // 空爆距离挡位，
      // 格式为浮点数数组。
      "airburst_distances": [300],
      // 空爆距离的误差，推荐取值范围为 [0, 1]
      // 0 表示完全没有误差
      // 1 表示实际空爆距离会在 (0, 2x设定空爆距离) 之间随机
      "airburst_distances_distribution": 0.25,
      // 空爆测距仪的测距上限，单位为格。
      // 留空则表示只支持预设挡位，玩家不能自己测距。
      // 4.10.0 新增
      // 近炸引信探测距离，单位为格
      "proximity_fuse_distance": 1.5,
      // 防止这把武器的爆炸炸坏掉落物
      "prevent_destroying_loot_items": true
    }
  },

 
 
 
  "ammo": "zeta:plas_1_ammo",
  "rpm": 300,
  "ammo_amount": 10,
  "extended_mag_ammo_amount": [
    12,
    15,
    20
  ],
  "bolt": "manual_action",
  "bullet": {
    "life": 10,
    "bullet_amount": 1,
    "damage": 0,
    "extra_damage": {
      "armor_ignore": 0.4,
      "head_shot_multiplier": 1.5,
      "damage_adjust": [
        {"distance": 20, "damage": 0},
        {"distance": 45, "damage": 0},
        {"distance": "infinite", "damage": 0}
      ]
    },
    "speed": 85,
    "gravity": 0.3,
    "knockback": 1,
    "friction": 0.1,
    "ignite": false,
    "pierce": 1,
    "explosion": {
      "explode": true,
      "damage": 36,
      "radius": 8,
      
      "knockback": false,
      "delay": 30
    }
  },
  "reload": {
    "type": "fuel",
    "feed": {
      "empty": 3.53,
      "tactical": 2.1
    },
    "cooldown": {
      "empty": 3.9,
      "tactical": 3.1
    }
  },

  "draw_time": 0.75,
  "put_away_time": 0.46,
  "aim_time": 0.1,
  "sprint_time": 0.15,
  "bolt_action_time": 0.6,
  "weight": 4.0,
  "fire_mode": [
    "semi",
    "auto"
  ],
 "recoil": {
    "pitch": [
      {"time": 0, "value": [0.45, 0.45]},
      {"time": 0.3, "value": [0.45, 0.45]},
      {"time": 0.55, "value": [-0.125, -0.125]},
      {"time": 0.7, "value": [0, 0]}
    ],
    "yaw": [
      {"time": 0, "value": [-0.275, 0.275]},
      {"time": 0.3, "value": [-0.275, 0.275]},
      {"time": 0.55, "value": [0, 0]}
    ]
  },
  "inaccuracy": {
    "stand": 3,
    "move": 5,
    "sneak": 2,
    "lie": 1.5,
    "aim": 0.75
  },
  // 近战相关
  "melee": {
    // 枪械距离参数，用来延升近战攻击范围
    // 会与刺刀等配件的距离做加和
    "distance": 1,
    // 使用时的冷却时间
    "cooldown": 0.5,
    // 默认近战数据，会被配件的数据替换掉
    "default": {
      // 动画类型：没有枪托的为 melee_push，有枪托的为 melee_stock
      "animation_type": "melee_stock",
      // 刺刀距离参数，枪械里还有个刺刀攻击距离参数，两者做加和
      "distance": 1,
      // 刺刀范围角度
      "range_angle": 30,
      // 伤害值
      "damage": 2,
      // 击退效果
      "knockback": 0.75,
      // 前摇时长，单位：秒
      "prep": 0.1
    }
  },
  "builtin_attachments": {
    "scope": "zeta:sight_l"
  },
  "allow_attachment_types": [
    "scope",
    "extended_mag"
  ]
  }
