{
  "ammo": "zeta:p113_ammo",
  "ammo_amount": 49,
  "script": "zeta:vg70_logic",
  "extended_mag_ammo_amount": [
    49,
    49,
    49
  ],
  "bolt": "open_bolt",
  "rpm": 750,
  "bullet": {
    "life": 0.75,
    "bullet_amount": 1,
    "damage": 14,
    "tracer_count_interval": 0,
    "extra_damage": {
      "armor_ignore": 0.2,
      "head_shot_multiplier": 1.25,
      "damage_adjust": [
        {"distance": 25, "damage": 14},
        {"distance": 60, "damage": 10},
        {"distance": "infinite", "damage": 7}
      ]
    },
    "speed": 320,
    "gravity": 0.15,
    "knockback": 0,
    "friction": 0.015,
    "ignite": false,
    "pierce": 1
  },
   "reload": {
    "type": "fuel",
    "feed": {
      "empty": 1.25,
      "tactical": 1.23
    },
    "cooldown": {
      "empty": 1.7,
      "tactical": 1.6
    }
  },
  "draw_time": 0.27,
  "put_away_time": 0.23,
  "aim_time": 0.25,
  "sprint_time": 0.12,
  "weight": 6.4,
  "movement_speed": {
    "base": 0.0,
    "aim": 0.0,
    "reload": 0.1
  },
  "crawl_recoil_multiplier": 0.5,
  "fire_mode": [
    "auto",
    "semi",
    "burst"
  ],
 
  "fire_mode_adjust": {
   
    "semi": {
      "damage":-2,
      "rpm": -600
    },
     "burst": {
      "damage":-4
      
    }
    
  },
  "burst_data": {
    "continuous_shoot": false,
    "count": 1,
    "bpm": 1200,
    "min_interval": 0.5
  },
 
  "recoil": {
    "pitch": [
      {"time": 0, "value": [0.55, 0.55]},
      {"time": 0.3, "value": [0.55, 0.55]},
      {"time": 0.5, "value": [-0.125, -0.125]},
      {"time": 0.65, "value": [0, 0]}
    ],
    "yaw": [
      {"time": 0, "value": [-0.35, 0.35]},
      {"time": 0.3, "value": [-0.35, 0.35]},
      {"time": 0.5, "value": [0, 0]}
    ]
  },
  "inaccuracy": {
    "stand": 5,
    "move": 5.5,
    "sneak": 2.75,
    "lie": 1.5,
    "aim": 0.1
  },
  // 近战相关
  "melee": {
    // 枪械距离参数，用来延升近战攻击范围
    // 会与刺刀等配件的距离做加和
    "distance": 1,
    // 使用时的冷却时间
    "cooldown": 0.6,
    // 默认近战数据，会被配件的数据替换掉
    "default": {
      // 动画类型：没有枪托的为 melee_push，有枪托的为 melee_stock
      "animation_type": "melee_stock",
      // 刺刀距离参数，枪械里还有个刺刀攻击距离参数，两者做加和
      "distance": 1,
      // 刺刀范围角度
      "range_angle": 30,
      // 伤害值
      "damage": 2,
      // 击退效果
      "knockback": 0.5,
      // 前摇时长，单位：秒
      "prep": 0.1
    }
  },
  "allow_attachment_types": [
    "scope",
    "extended_mag"
  ],
  "builtin_attachments": {
    "scope": "zeta:scythe_aim"
  },
  "exclusive_attachments": {
  }
}