{
  "model": "gwg:throwable/no37_mk1_geo",
  "animation": "gwg:throwable/no37_mk1",
  "use_default_animation": "pistol",
  "state_machine": "gwg:default_grenade_state_machine",
  "texture": "gwg:throwable/no37_mk1",
  "slot_texture": "gwg:throwable/slot/no37_mk1",
  "sounds": {
    "release": "lrtactical:entity.grenade.smoke.start",
    "death": "lrtactical:entity.grenade.smoke.end"
  },
  "transforms": {
    "thirdperson_righthand": {
      "translation": [0, 5, 0]
    },
    "thirdperson_lefthand": {
      "translation": [0, 5, 0]
    },
    "ground": {
      "rotation": [45, 0, 0],
      "translation": [0, 5, 0]
    },
    "gui": {
      "rotation": [0, 135, 0],
      "translation": [0, 7.75, 0],
      "scale": [1.5, 1.5, 1.5]
    },
    "fixed": {
      "rotation": [0, 90, 0],
      "translation": [0, 8, 0],
      "scale": [1.5, 1.5, 1.5]
    }
  }
}