{
  "type": "tacz:gun_smith_table_crafting",
  "materials": [
    {
      "item": {
        "tag": "forge:ingots/iron"
      },
      "count": 6
    },
    {
      "item": {
        "tag": "forge:gunpowder"
      },
      "count": 6
    },
    {
      "item": {
        "tag": "forge:gems/quartz"
      },
      "count": 1
    }
  ],
  "result": {
    "type": "custom",
    "group": "lrtactical:throwable",
    "item": {
      "item": "lrtactical:throwable",
      "nbt": {
        "ThrowableId": "gwg:shg_m17"
      },
      "count" : 2
    }
  }
}