{
  "type": "tacz:gun_smith_table_crafting",
  "materials": [
    {
      "item": {
        "tag": "forge:ingots/iron"
      },
      "count": 10
    },
    {
      "item": {
        "type": "forge:partial_nbt",
        "item": "lrtactical:throwable",
        "nbt": {
          "ThrowableId": "gwg:shg_m17"
        }
      },
      "count": 6
    },
    {
      "item": {
        "tag": "forge:gems/quartz"
      },
      "count": 2
    }
  ],
  "result": {
    "type": "custom",
    "group": "lrtactical:throwable",
    "item": {
      "item": "lrtactical:throwable",
      "nbt": {
        "ThrowableId": "gwg:shg_m17_bd"
      },
      "count" : 1
    }
  }
}