{
	"format_version": "1.8.0",
	"animations": {
		"static_idle": {
			"loop": true,
			"animation_length": 2,
			"bones": {
				"root": {
					"rotation": [0, 0, 7.5]
				},
				"rightHand": {
					"rotation": [-281.24538, -24.3683, 5.7632],
					"position": [-6.6, -17.4, -8.7],
					"scale": [1, 1.5, 1]
				},
				"leftHand": {
					"rotation": [-298.06145, 27.51235, -12.45891],
					"position": [16, -17, -5],
					"scale": [1, 1.5, 1]
				}
			}
		},
		"unlock_safe_loop": {
			"loop": true,
			"animation_length": 0.5667,
			"bones": {
				"cap": {
					"scale": 0
				},
				"pullcord": {
					"scale": 0
				},
				"ring": {
					"scale": 0
				},
				"root": {
					"rotation": {
						"0.0": {
							"post": [-30.58485, 5.60604, -21.93927],
							"lerp_mode": "catmullrom"
						},
						"0.3": {
							"post": [-32.58, 5.61, -21.94],
							"lerp_mode": "catmullrom"
						},
						"0.5667": {
							"post": [-30.58485, 5.60604, -21.93927],
							"lerp_mode": "catmullrom"
						}
					},
					"position": {
						"0.0": {
							"post": [-2.39, 5.24, 4.51],
							"lerp_mode": "catmullrom"
						},
						"0.2667": {
							"post": [-2.39, 4.785, 4.51],
							"lerp_mode": "catmullrom"
						},
						"0.5667": {
							"post": [-2.39, 5.24, 4.51],
							"lerp_mode": "catmullrom"
						}
					}
				},
				"rightHand": {
					"rotation": {
						"0.0": {
							"post": [-281.24538, -24.3683, 5.7632],
							"lerp_mode": "catmullrom"
						}
					},
					"position": {
						"0.0": {
							"post": [-7.1, -17.4, -8.95],
							"lerp_mode": "catmullrom"
						}
					},
					"scale": [1, 1.5, 1]
				},
				"leftHand": {
					"rotation": {
						"0.0": {
							"post": [-268.73361, 6.96326, -63.75427],
							"lerp_mode": "catmullrom"
						}
					},
					"position": {
						"0.0": {
							"post": [18, -27, -10],
							"lerp_mode": "catmullrom"
						}
					},
					"scale": [1, 1.5, 1]
				},
				"r": {
					"rotation": {
						"0.0": {
							"post": [-49.05471, 30.61118, 30.12029],
							"lerp_mode": "catmullrom"
						}
					},
					"position": {
						"0.0": {
							"post": [-2, -1, 1],
							"lerp_mode": "catmullrom"
						}
					}
				}
			}
		},
		"unlock_safe": {
			"loop": "hold_on_last_frame",
			"animation_length": 1.75,
			"bones": {
				"safety": {
					"rotation": {
						"0.75": [0, 0, 0],
						"0.8333": [0, 0, 0],
						"1.0417": {
							"pre": [11.07733, 41.20917, -16.31277],
							"post": [11.07733, 41.20917, -16.31277],
							"lerp_mode": "catmullrom"
						}
					},
					"position": {
						"0.75": [0, 0, 0],
						"0.8333": [0, 0, 2.25],
						"1.0417": {
							"pre": [3, 1, 7.25],
							"post": [3, 1, 7.25],
							"lerp_mode": "catmullrom"
						}
					},
					"scale": {
						"1.0417": [1, 1, 1],
						"1.0833": {"pre": [1, 1, 1], "post": [0, 0, 0]}
					}
				},
				"ring": {
					"rotation": {
						"0.3333": [0, 0, 0],
						"0.5": [10, 0, 0],
						"0.625": [14.16934, 12.64303, -15.09498],
						"0.75": [24.16934, 12.64303, -15.09498],
						"0.8333": [41.91, 37.07, -43.13]
					}
				},
				"root": {
					"rotation": {
						"0.0": {
							"post": [0, 0, 7.5],
							"lerp_mode": "catmullrom"
						},
						"0.2083": {
							"post": [-4.07, 5.2375, 20.28],
							"lerp_mode": "catmullrom"
						},
						"0.375": {
							"post": [-7.43539, 23.97592, 33.81881],
							"lerp_mode": "catmullrom"
						},
						"0.5417": {
							"post": [-3.80095, 32.70831, 44.85168],
							"lerp_mode": "catmullrom"
						},
						"0.75": {
							"post": [2.3254, 27.2975, 58.36024],
							"lerp_mode": "catmullrom"
						},
						"0.8333": {
							"post": [-18.31394, 36.99882, 56.48858],
							"lerp_mode": "catmullrom"
						},
						"0.9167": {
							"post": [-17.1375, 35.04, 64.24],
							"lerp_mode": "catmullrom"
						},
						"1.0417": {
							"post": [-4.82499, 30.90938, 65.78098],
							"lerp_mode": "catmullrom"
						},
						"1.2083": {
							"post": [-7.43539, 23.97592, 33.81881],
							"lerp_mode": "catmullrom"
						},
						"1.5833": {
							"post": [-30.58485, 5.60604, -21.93927],
							"lerp_mode": "catmullrom"
						}
					},
					"position": {
						"0.0": {
							"post": [0, 0, 0],
							"lerp_mode": "catmullrom"
						},
						"0.1667": {
							"post": [-0.26, -0.49, 0.44],
							"lerp_mode": "catmullrom"
						},
						"0.375": {
							"post": [1.36, 1.41, 1.21],
							"lerp_mode": "catmullrom"
						},
						"0.6667": {
							"post": [1.235, 1.94, -0.13],
							"lerp_mode": "catmullrom"
						},
						"0.75": {
							"post": [1.68, 1.33, -0.17],
							"lerp_mode": "catmullrom"
						},
						"0.7917": {
							"post": [2.335, -0.095, -0.21],
							"lerp_mode": "catmullrom"
						},
						"1.0": {
							"post": [2.17, 1.1225, 0.18],
							"lerp_mode": "catmullrom"
						},
						"1.25": {
							"post": [-0.64, 0.41, 1.21],
							"lerp_mode": "catmullrom"
						},
						"1.5833": {
							"post": [-2.39, 5.24, 4.51],
							"lerp_mode": "catmullrom"
						}
					}
				},
				"rightHand": {
					"rotation": {
						"0.0": [-281.24538, -24.3683, 5.7632],
						"0.2083": {
							"pre": [-281.24538, -24.3683, 5.7632],
							"post": [-281.24538, -24.3683, 5.7632],
							"lerp_mode": "catmullrom"
						},
						"0.5": {
							"post": [-275.47327, -35.71756, -3.94884],
							"lerp_mode": "catmullrom"
						},
						"0.6667": {
							"post": [-285.47327, -35.71756, -3.94884],
							"lerp_mode": "catmullrom"
						},
						"0.75": {
							"post": [-289.71, -33.53, 2.57],
							"lerp_mode": "catmullrom"
						},
						"0.8333": {
							"post": [-300.13773, -46.44084, 20.83611],
							"lerp_mode": "catmullrom"
						},
						"0.9167": {
							"post": [-297.26213, -28.32675, 18.04232],
							"lerp_mode": "catmullrom"
						},
						"1.25": {
							"post": [-297.26213, -28.32675, 18.04232],
							"lerp_mode": "catmullrom"
						},
						"1.3333": {
							"post": [-289.54803, -31.51376, 5.52272],
							"lerp_mode": "catmullrom"
						},
						"1.5": {
							"post": [-281.24538, -24.3683, 5.7632],
							"lerp_mode": "catmullrom"
						}
					},
					"position": {
						"0.0": [-6.6, -17.4, -8.7],
						"0.2083": {
							"pre": [-6.6, -17.9, -7.2],
							"post": [-6.6, -17.9, -7.2],
							"lerp_mode": "catmullrom"
						},
						"0.5": {
							"post": [-5.62, -17.63, -8.07],
							"lerp_mode": "catmullrom"
						},
						"0.75": {
							"post": [-5.62, -17.63, -8.07],
							"lerp_mode": "catmullrom"
						},
						"0.9167": {
							"post": [-6.35, -17.9, -8.45],
							"lerp_mode": "catmullrom"
						},
						"1.25": {
							"post": [-7.1, -17.4, -8.95],
							"lerp_mode": "catmullrom"
						},
						"1.3333": {
							"post": [-7.1, -17.4, -8.95],
							"lerp_mode": "catmullrom"
						},
						"1.5": {
							"post": [-7.1, -17.4, -8.95],
							"lerp_mode": "catmullrom"
						}
					},
					"scale": [1, 1.5, 1]
				},
				"leftHand": {
					"rotation": {
						"0.0": {
							"post": [-298.06145, 27.51235, -12.45891],
							"lerp_mode": "catmullrom"
						},
						"0.375": {
							"post": [-298.06, 27.51, -12.46],
							"lerp_mode": "catmullrom"
						},
						"0.5833": [-302.74581, 24.32232, -12.57679],
						"0.75": [-268.13744, 22.51275, -12.643],
						"0.8333": [-243.06, 27.51, -12.46],
						"1.0417": [-265.65793, 35.92545, -49.6211],
						"1.2083": [-265.65793, 35.92545, -49.6211],
						"1.4583": {
							"pre": [-268.73361, 6.96326, -63.75427],
							"post": [-268.73361, 6.96326, -63.75427],
							"lerp_mode": "catmullrom"
						},
						"1.5833": {
							"post": [-268.73361, 6.96326, -63.75427],
							"lerp_mode": "catmullrom"
						}
					},
					"position": {
						"0.0": {
							"post": [16, -17, -5],
							"lerp_mode": "catmullrom"
						},
						"0.375": {
							"post": [8, -15.5, -7],
							"lerp_mode": "catmullrom"
						},
						"0.5833": [7.56, -15.6, -6.85],
						"0.75": [8, -14.5, -6.25],
						"0.8333": [8, -13.5, -3.5],
						"1.0417": [11.75, -11.75, 0.25],
						"1.2083": [20.75, -17.75, 4.25],
						"1.4583": {
							"pre": [18, -27, -10],
							"post": [18, -27, -10],
							"lerp_mode": "catmullrom"
						},
						"1.5833": {
							"post": [18, -27, -10],
							"lerp_mode": "catmullrom"
						}
					},
					"scale": [1, 1.5, 1]
				},
				"camera": {
					"rotation": {
						"0.0": {
							"post": [0, 0, 0],
							"lerp_mode": "catmullrom"
						},
						"0.2083": {
							"post": [-0.25, 0, 0],
							"lerp_mode": "catmullrom"
						},
						"0.4167": {
							"post": [0.75, 0.75, -0.25],
							"lerp_mode": "catmullrom"
						},
						"0.5833": {
							"post": [0.57, 0.79, 0.5],
							"lerp_mode": "catmullrom"
						},
						"0.6667": {
							"post": [0.45, 0.84, 0.75],
							"lerp_mode": "catmullrom"
						},
						"0.75": {
							"post": [0.5, 0.75, 0],
							"lerp_mode": "catmullrom"
						},
						"0.7917": {
							"post": [1.75, -0.25, 0.75],
							"lerp_mode": "catmullrom"
						},
						"0.9167": {
							"post": [-0.25, 1, -0.25],
							"lerp_mode": "catmullrom"
						},
						"1.0": {
							"post": [-0.27, 0.88, -0.48],
							"lerp_mode": "catmullrom"
						},
						"1.125": {
							"post": [0.25, 0.5, -0.25],
							"lerp_mode": "catmullrom"
						},
						"1.25": {
							"post": [1.5, 1, 0.25],
							"lerp_mode": "catmullrom"
						},
						"1.4167": {
							"post": [0.55, 0.91, 0.375],
							"lerp_mode": "catmullrom"
						},
						"1.5833": {
							"post": [-0.5, 0.25, 0.125],
							"lerp_mode": "catmullrom"
						},
						"1.75": {
							"post": [0, 0, 0],
							"lerp_mode": "catmullrom"
						}
					}
				},
				"r": {
					"rotation": {
						"1.2917": {
							"pre": [0, 0, 0],
							"post": [0, 0, 0],
							"lerp_mode": "catmullrom"
						},
						"1.5833": {
							"post": [-49.05471, 30.61118, 30.12029],
							"lerp_mode": "catmullrom"
						}
					},
					"position": {
						"1.2917": {
							"pre": [0, 0, 0],
							"post": [0, 0, 0],
							"lerp_mode": "catmullrom"
						},
						"1.5833": {
							"post": [-2, -1, 1],
							"lerp_mode": "catmullrom"
						}
					}
				}
			},
			"sound_effects": {
				"0.5417": {
					"effect": "gwg:grenade/grenade_frag_fuse_1"
				}
			}
		},
		"throw": {
			"animation_length": 0.5667,
			"bones": {
				"lever": {
					"rotation": {
						"0.0333": [0, 0, 0],
						"0.1333": [45, 0, 0]
					},
					"position": {
						"0.0333": [0, 0, 0],
						"0.1333": [0, 9, 4]
					},
					"scale": {
						"0.0333": [1, 1, 1],
						"0.1333": [0, 0, 0]
					}
				},
				"safety": {
					"scale": 0
				},
				"body": {
					"rotation": [0, 0, 0],
					"position": [0, 0, 0],
					"scale": {
						"0.0333": [1, 1, 1],
						"0.0667": [0, 0, 0]
					}
				},
				"root": {
					"rotation": {
						"0.0": {
							"post": [-30.58485, 5.60604, -21.93927],
							"lerp_mode": "catmullrom"
						},
						"0.1": {
							"post": [26.62488, 3.97696, 6.42456],
							"lerp_mode": "catmullrom"
						}
					},
					"position": {
						"0.0": {
							"post": [-2.39, 5.24, 4.51],
							"lerp_mode": "catmullrom"
						},
						"0.1": {
							"post": [-2.39, 2.155, -8.165],
							"lerp_mode": "catmullrom"
						}
					}
				},
				"rightHand": {
					"rotation": {
						"0.0": {
							"post": [-281.24538, -24.3683, 5.7632],
							"lerp_mode": "catmullrom"
						},
						"0.1333": {
							"post": [-303.75, -24.37, 5.76],
							"lerp_mode": "catmullrom"
						},
						"0.2667": {
							"post": [-300.55897, -37.2989, 37.78713],
							"lerp_mode": "catmullrom"
						}
					},
					"position": {
						"0.0": {
							"post": [-7.1, -17.4, -8.95],
							"lerp_mode": "catmullrom"
						},
						"0.1": {
							"post": [-5.6, -14.9, -8.2],
							"lerp_mode": "catmullrom"
						},
						"0.2333": {
							"post": [-3.51, -24.1, -6.425],
							"lerp_mode": "catmullrom"
						},
						"0.3": {
							"post": [0.115, -37.28, 0.57],
							"lerp_mode": "catmullrom"
						}
					},
					"scale": [1, 1.5, 1]
				},
				"leftHand": {
					"rotation": {
						"0.0": {
							"post": [-268.73361, 6.96326, -63.75427],
							"lerp_mode": "catmullrom"
						},
						"0.1": {
							"post": [-313.61921, -22.47174, -36.53853],
							"lerp_mode": "catmullrom"
						}
					},
					"position": {
						"0.0": {
							"post": [18, -27, -10],
							"lerp_mode": "catmullrom"
						},
						"0.1": {
							"post": [18, -35, 3],
							"lerp_mode": "catmullrom"
						}
					},
					"scale": [1, 1.5, 1]
				},
				"r": {
					"rotation": {
						"0.0": {
							"post": [-49.05471, 30.61118, 30.12029],
							"lerp_mode": "catmullrom"
						},
						"0.1": {
							"post": [0, 0, 0],
							"lerp_mode": "catmullrom"
						}
					},
					"position": {
						"0.0": {
							"post": [-2, -1, 1],
							"lerp_mode": "catmullrom"
						},
						"0.1": {
							"post": [0, 0, 0],
							"lerp_mode": "catmullrom"
						}
					}
				},
				"camera": {
					"rotation": {
						"0.0": {
							"post": [0, 0, 0],
							"lerp_mode": "catmullrom"
						},
						"0.0333": {
							"post": [1.46, 0, 0.57],
							"lerp_mode": "catmullrom"
						},
						"0.1": {
							"post": [-2.05, 1, 1.55],
							"lerp_mode": "catmullrom"
						},
						"0.2": {
							"post": [-0.41, -0.25, -1.33],
							"lerp_mode": "catmullrom"
						},
						"0.3667": {
							"post": [-0.545, 0, 0.235],
							"lerp_mode": "catmullrom"
						},
						"0.5": {
							"post": [0, 0, 0],
							"lerp_mode": "catmullrom"
						}
					}
				}
			},
			"sound_effects": {
				"0.0333": {
					"effect": "gwg:grenade/grenade_frag_throw"
				}
			}
		},
		"draw": {
			"loop": true,
			"animation_length": 0.9167,
			"bones": {
				"root": {
					"rotation": {
						"0.0": {
							"post": [25.56728, -53.71885, 22.08401],
							"lerp_mode": "catmullrom"
						},
						"0.2917": {
							"post": [42.50229, -27.40188, -30.56975],
							"lerp_mode": "catmullrom"
						},
						"0.5": {
							"post": [-3.625, 0, 7.5],
							"lerp_mode": "catmullrom"
						},
						"0.6667": {
							"post": [0, 0, 7.5],
							"lerp_mode": "catmullrom"
						},
						"0.7917": [0, 0, 7.5],
						"0.9167": [0, 0, 7.5]
					},
					"position": {
						"0.0": {
							"post": [9, -7.75, -0.25],
							"lerp_mode": "catmullrom"
						},
						"0.2917": {
							"post": [2.7, 0.81, 1.75],
							"lerp_mode": "catmullrom"
						},
						"0.5": {
							"post": [-0.4375, -0.6875, -1.25],
							"lerp_mode": "catmullrom"
						},
						"0.6667": {
							"post": [0.18, -0.09, -0.4375],
							"lerp_mode": "catmullrom"
						},
						"0.7917": [0, 0, 0],
						"0.9167": [0, 0, 0]
					}
				},
				"rightHand": {
					"rotation": {
						"0.0": [-287.76527, -2.37954, -8.0439],
						"0.3333": [-281.24538, -24.3683, 5.7632]
					},
					"position": {
						"0.0": [-7.1, -16.9, -7.2],
						"0.3333": [-6.6, -17.4, -8.7]
					},
					"scale": [1, 1.5, 1]
				},
				"leftHand": {
					"rotation": {
						"0.0": [-298.06145, 27.51235, -12.45891],
						"0.5": {
							"pre": [-298.06145, 27.51235, -12.45891],
							"post": [-298.06145, 27.51235, -12.45891],
							"lerp_mode": "catmullrom"
						},
						"0.6667": {
							"post": [-298.06145, 27.51235, -12.45891],
							"lerp_mode": "catmullrom"
						},
						"0.7917": {
							"post": [-298.06145, 27.51235, -12.45891],
							"lerp_mode": "catmullrom"
						}
					},
					"position": {
						"0.0": [16, -16, -5],
						"0.5": {
							"pre": [16, -19, 2],
							"post": [16, -19, 2],
							"lerp_mode": "catmullrom"
						},
						"0.6667": {
							"post": [16, -17, -5],
							"lerp_mode": "catmullrom"
						},
						"0.7917": {
							"post": [16, -17, -5],
							"lerp_mode": "catmullrom"
						}
					},
					"scale": {
						"0.4583": [0, 0, 1],
						"0.5": {"pre": [0, 0, 1], "post": [1, 1.5, 1]}
					}
				},
				"camera": {
					"rotation": {
						"0.0": {
							"post": [0, 0, 0],
							"lerp_mode": "catmullrom"
						},
						"0.0833": {
							"post": [-0.275, -0.75, 0.25],
							"lerp_mode": "catmullrom"
						},
						"0.1667": {
							"post": [1.7, -0.5, 0.75],
							"lerp_mode": "catmullrom"
						},
						"0.3333": {
							"post": [0.45, 1.75, -0.25],
							"lerp_mode": "catmullrom"
						},
						"0.5417": {
							"post": [-0.34, 1.06, 0],
							"lerp_mode": "catmullrom"
						},
						"0.625": {
							"post": [0.24, 0.275, 0],
							"lerp_mode": "catmullrom"
						},
						"0.7083": {
							"post": [0.09, -0.29, -0.25],
							"lerp_mode": "catmullrom"
						},
						"0.75": {
							"post": [0, -0.4375, 0.25],
							"lerp_mode": "catmullrom"
						},
						"0.875": {
							"post": [0, 0, 0],
							"lerp_mode": "catmullrom"
						}
					}
				}
			},
			"sound_effects": {
				"0.0417": {
					"effect": "gwg:grenade/grenade_frag_deploy_1"
				}
			}
		},
		"put_away": {
			"loop": "hold_on_last_frame",
			"animation_length": 0.5,
			"bones": {
				"body": {
					"rotation": {
						"0.125": {
							"pre": [0, 0, 0],
							"post": [0, 0, 0],
							"lerp_mode": "catmullrom"
						},
						"0.2917": {
							"post": [-12.5, 0, -15],
							"lerp_mode": "catmullrom"
						}
					},
					"position": {
						"0.125": {
							"pre": [0, 0, 0],
							"post": [0, 0, 0],
							"lerp_mode": "catmullrom"
						},
						"0.2917": {
							"post": [0.5, 0, 0],
							"lerp_mode": "catmullrom"
						}
					}
				},
				"root": {
					"rotation": {
						"0.0": {
							"post": [0, 0, 7.5],
							"lerp_mode": "catmullrom"
						},
						"0.125": {
							"post": [3.69667, -10.7865, 22.94862],
							"lerp_mode": "catmullrom"
						},
						"0.2917": {
							"post": [20.61852, -34.77119, -15.74358],
							"lerp_mode": "catmullrom"
						},
						"0.5": {
							"post": [47.5, -57.5, 7.5],
							"lerp_mode": "catmullrom"
						}
					},
					"position": {
						"0.0": {
							"post": [0, 0, 0],
							"lerp_mode": "catmullrom"
						},
						"0.125": {
							"post": [-0.855, -1.7725, 0],
							"lerp_mode": "catmullrom"
						},
						"0.2917": {
							"post": [4.41, -0.8675, 0],
							"lerp_mode": "catmullrom"
						},
						"0.5": {
							"post": [8, -11, 2],
							"lerp_mode": "catmullrom"
						}
					}
				},
				"rightHand": {
					"rotation": {
						"0.0": {
							"post": [-281.24538, -24.3683, 5.7632],
							"lerp_mode": "catmullrom"
						},
						"0.125": {
							"post": [-276.30267, -25.65176, -15.61829],
							"lerp_mode": "catmullrom"
						},
						"0.2708": {
							"post": [-304.70207, -8.9074, 19.06241],
							"lerp_mode": "catmullrom"
						},
						"0.5": {
							"post": [-271.64889, 21.67045, 72.03876],
							"lerp_mode": "catmullrom"
						}
					},
					"position": {
						"0.0": {
							"post": [-6.6, -17.4, -8.7],
							"lerp_mode": "catmullrom"
						},
						"0.125": {
							"post": [-7.3, -16.99, -7.2],
							"lerp_mode": "catmullrom"
						},
						"0.2708": {
							"post": [-7.35, -16.4, -7.95],
							"lerp_mode": "catmullrom"
						},
						"0.5": {
							"post": [-7.6, -14.9, -7.2],
							"lerp_mode": "catmullrom"
						}
					},
					"scale": [1, 1.5, 1]
				},
				"leftHand": {
					"rotation": {
						"0.0": {
							"post": [-298.06145, 27.51235, -12.45891],
							"lerp_mode": "catmullrom"
						},
						"0.2083": {
							"post": [-298.06145, 27.51235, -12.45891],
							"lerp_mode": "catmullrom"
						}
					},
					"position": {
						"0.0": {
							"post": [16, -17, -5],
							"lerp_mode": "catmullrom"
						},
						"0.2083": {
							"post": [19, -18, -5],
							"lerp_mode": "catmullrom"
						}
					},
					"scale": {
						"0.0": [1, 1.5, 1],
						"0.2083": {"pre": [1, 1.5, 1], "post": [0, 1.5, 0]}
					}
				},
				"camera": {
					"rotation": {
						"0.0": {
							"post": [0, 0, 0],
							"lerp_mode": "catmullrom"
						},
						"0.0625": {
							"post": [0, -0.28, 0],
							"lerp_mode": "catmullrom"
						},
						"0.125": {
							"post": [0.75, 1.25, 0.5],
							"lerp_mode": "catmullrom"
						},
						"0.25": {
							"post": [-0.25, 0.36, 0.25],
							"lerp_mode": "catmullrom"
						},
						"0.3542": {
							"post": [0, -0.5, 0],
							"lerp_mode": "catmullrom"
						},
						"0.4167": {
							"post": [1, -0.5, 0.3125],
							"lerp_mode": "catmullrom"
						},
						"0.4583": {
							"post": [-0.19, -0.25, -0.5],
							"lerp_mode": "catmullrom"
						},
						"0.5417": {
							"post": [0, 0, 0],
							"lerp_mode": "catmullrom"
						}
					}
				}
			}
		},
		"re_draw": {
			"loop": true,
			"animation_length": 0.9167,
			"bones": {
				"root": {
					"rotation": {
						"0.0": {
							"post": [25.56728, -53.71885, 22.08401],
							"lerp_mode": "catmullrom"
						},
						"0.2917": {
							"post": [42.50229, -27.40188, -30.56975],
							"lerp_mode": "catmullrom"
						},
						"0.5": {
							"post": [-3.625, 0, 7.5],
							"lerp_mode": "catmullrom"
						},
						"0.6667": {
							"post": [0, 0, 7.5],
							"lerp_mode": "catmullrom"
						},
						"0.7917": [0, 0, 7.5],
						"0.9167": [0, 0, 7.5]
					},
					"position": {
						"0.0": {
							"post": [9, -7.75, -0.25],
							"lerp_mode": "catmullrom"
						},
						"0.2917": {
							"post": [2.7, 0.81, 1.75],
							"lerp_mode": "catmullrom"
						},
						"0.5": {
							"post": [-0.4375, -0.6875, -1.25],
							"lerp_mode": "catmullrom"
						},
						"0.6667": {
							"post": [0.18, -0.09, -0.4375],
							"lerp_mode": "catmullrom"
						},
						"0.7917": [0, 0, 0],
						"0.9167": [0, 0, 0]
					}
				},
				"rightHand": {
					"rotation": {
						"0.0": [-287.76527, -2.37954, -8.0439],
						"0.3333": [-281.24538, -24.3683, 5.7632]
					},
					"position": {
						"0.0": [-7.1, -16.9, -7.2],
						"0.3333": [-6.6, -17.4, -8.7]
					},
					"scale": [1, 1.5, 1]
				},
				"leftHand": {
					"rotation": {
						"0.0": {
							"post": [-347.31952, 30.98906, -26.23247],
							"lerp_mode": "catmullrom"
						},
						"0.375": {
							"post": [-347.31952, 30.98906, -26.23247],
							"lerp_mode": "catmullrom"
						},
						"0.5833": {
							"post": [-298.06145, 27.51235, -12.45891],
							"lerp_mode": "catmullrom"
						},
						"0.75": {
							"post": [-298.06145, 27.51235, -12.45891],
							"lerp_mode": "catmullrom"
						}
					},
					"position": {
						"0.0": {
							"post": [8, -16, -8],
							"lerp_mode": "catmullrom"
						},
						"0.375": {
							"post": [8, -16, -8],
							"lerp_mode": "catmullrom"
						},
						"0.5833": {
							"post": [16, -16, -5],
							"lerp_mode": "catmullrom"
						},
						"0.75": {
							"post": [16, -17, -5],
							"lerp_mode": "catmullrom"
						}
					},
					"scale": [1, 1.5, 1]
				},
				"camera": {
					"rotation": {
						"0.0": {
							"post": [0, 0, 0],
							"lerp_mode": "catmullrom"
						},
						"0.0833": {
							"post": [-0.275, -0.75, 0.25],
							"lerp_mode": "catmullrom"
						},
						"0.1667": {
							"post": [1.7, -0.5, 0.75],
							"lerp_mode": "catmullrom"
						},
						"0.3333": {
							"post": [0.45, 1.75, -0.25],
							"lerp_mode": "catmullrom"
						},
						"0.5417": {
							"post": [-0.34, 1.06, 0],
							"lerp_mode": "catmullrom"
						},
						"0.625": {
							"post": [0.24, 0.275, 0],
							"lerp_mode": "catmullrom"
						},
						"0.7083": {
							"post": [0.09, -0.29, -0.25],
							"lerp_mode": "catmullrom"
						},
						"0.75": {
							"post": [0, -0.4375, 0.25],
							"lerp_mode": "catmullrom"
						},
						"0.875": {
							"post": [0, 0, 0],
							"lerp_mode": "catmullrom"
						}
					}
				}
			},
			"sound_effects": {
				"0.0833": {
					"effect": "gwg:grenade/grenade_frag_deploy_1"
				}
			}
		},
		"inspect": {
			"animation_length": 4.2,
			"bones": {
				"root": {
					"rotation": {
						"0.0": [0, 0, 7.5],
						"0.2333": {
							"pre": [-1.74891, -55.24611, -38.70148],
							"post": [-1.74891, -55.24611, -38.70148],
							"lerp_mode": "catmullrom"
						},
						"0.4": {
							"post": [8.25, -55.25, -38.7],
							"lerp_mode": "catmullrom"
						},
						"0.6667": {
							"post": [8.705, -61.19, -43.79],
							"lerp_mode": "catmullrom"
						},
						"0.9667": {
							"post": [1.335, -48.335, -31.785],
							"lerp_mode": "catmullrom"
						},
						"1.3333": {
							"post": [-64.39855, 37.78211, 40.52694],
							"lerp_mode": "catmullrom"
						},
						"1.7333": {
							"post": [-72.38, 46.09, 48.09],
							"lerp_mode": "catmullrom"
						},
						"2.1333": {
							"post": [-66.235, 35.61, 36.54],
							"lerp_mode": "catmullrom"
						},
						"2.4667": {
							"post": [-1.57, 6.11, 7.635],
							"lerp_mode": "catmullrom"
						},
						"2.7333": {
							"post": [49.34317, -1.16722, -43.60292],
							"lerp_mode": "catmullrom"
						},
						"2.9": {
							"post": [56.47641, -5.3401, -49.10838],
							"lerp_mode": "catmullrom"
						},
						"3.5": {
							"post": [56.47641, -5.3401, -49.10838],
							"lerp_mode": "catmullrom"
						},
						"3.9": {
							"post": [4.21, 0, 1.87],
							"lerp_mode": "catmullrom"
						},
						"4.1": {
							"post": [0, 0, 7.5],
							"lerp_mode": "catmullrom"
						}
					},
					"position": {
						"0.0": [0, 0, 0],
						"0.2": {
							"pre": [3, 3, 0],
							"post": [3, 3, 0],
							"lerp_mode": "catmullrom"
						},
						"0.3667": {
							"post": [3, 2.5, 0],
							"lerp_mode": "catmullrom"
						},
						"0.9333": {
							"post": [3, 2.5, 0],
							"lerp_mode": "catmullrom"
						},
						"1.1667": {
							"post": [3, 1.5, 0],
							"lerp_mode": "catmullrom"
						},
						"1.3333": {
							"post": [3, 1.5, 0],
							"lerp_mode": "catmullrom"
						},
						"1.7": {
							"post": [3.1, 1.295, 0.8],
							"lerp_mode": "catmullrom"
						},
						"2.1333": {
							"post": [3.1, 1.295, 0.8],
							"lerp_mode": "catmullrom"
						},
						"2.4": {
							"post": [1.23, -0.74, 0],
							"lerp_mode": "catmullrom"
						},
						"2.7333": {
							"post": [0.68, 2.19, -2.73],
							"lerp_mode": "catmullrom"
						},
						"2.9": {
							"post": [0.68, 2.59, -3.05],
							"lerp_mode": "catmullrom"
						},
						"3.5": {
							"post": [0.68, 2.59, -3.05],
							"lerp_mode": "catmullrom"
						},
						"3.7": {
							"post": [0, 0.295, -0.67],
							"lerp_mode": "catmullrom"
						},
						"3.9333": {
							"post": [0, -0.15, 0],
							"lerp_mode": "catmullrom"
						},
						"4.1333": {
							"post": [0, 0, 0],
							"lerp_mode": "catmullrom"
						}
					}
				},
				"rightHand": {
					"rotation": [-281.24538, -24.3683, 5.7632],
					"position": [-6.6, -17.4, -8.7],
					"scale": [1, 1.5, 1]
				},
				"leftHand": {
					"rotation": {
						"0.0": {
							"post": [-298.06145, 27.51235, -12.45891],
							"lerp_mode": "catmullrom"
						},
						"0.2333": [-298.06, 27.51, -12.46],
						"3.6333": [-298.06, 27.51, -12.46],
						"3.9333": {
							"pre": [-298.06145, 27.51235, -12.45891],
							"post": [-298.06145, 27.51235, -12.45891],
							"lerp_mode": "catmullrom"
						}
					},
					"position": {
						"0.0": {
							"post": [16, -17, -5],
							"lerp_mode": "catmullrom"
						},
						"0.2333": [17, -28, 14],
						"3.6333": [17, -28, 14],
						"3.9333": {
							"pre": [16, -17, -5],
							"post": [16, -17, -5],
							"lerp_mode": "catmullrom"
						}
					},
					"scale": {
						"0.0": [1, 1.5, 1],
						"0.2333": [0, 0, 0],
						"3.6333": [0, 0, 0],
						"3.9333": [1, 1.5, 1]
					}
				},
				"camera": {
					"rotation": {
						"0.0": {
							"post": [0, 0, 0],
							"lerp_mode": "catmullrom"
						},
						"0.2667": {
							"post": [0.531, 0, -0.395],
							"lerp_mode": "catmullrom"
						},
						"0.4333": {
							"post": [0.3725, 0, -0.395],
							"lerp_mode": "catmullrom"
						},
						"0.8667": {
							"post": [0.37, 0, -0.39],
							"lerp_mode": "catmullrom"
						},
						"1.2": {
							"post": [1.315, 0, 0.89],
							"lerp_mode": "catmullrom"
						},
						"1.6667": {
							"post": [1.105, 0, 0.635],
							"lerp_mode": "catmullrom"
						},
						"2.0667": {
							"post": [1.11, 0, 0.64],
							"lerp_mode": "catmullrom"
						},
						"2.4": {
							"post": [1.385, 0, 0.64],
							"lerp_mode": "catmullrom"
						},
						"2.6": {
							"post": [-0.205, 0, -0.19],
							"lerp_mode": "catmullrom"
						},
						"2.7": {
							"post": [0.12, 0, 0.09],
							"lerp_mode": "catmullrom"
						},
						"2.8333": {
							"post": [0, 0, 0],
							"lerp_mode": "catmullrom"
						}
					}
				}
			},
			"sound_effects": {
				"0.0": {
					"effect": "lrtactical:grenade/grenade_inspect"
				}
			}
		}
	}
}