{
	"format_version": "1.8.0",
	"animations": {
		"static_idle": {
			"loop": true,
			"bones": {
				"root": {
					"rotation": [0, 0, 7.5],
					"position": [0, 0, 0]
				},
				"leftHand": {
					"rotation": [-298.06145, 27.51235, -12.45891],
					"position": [16, -16, -5],
					"scale": [1, 1.5, 1]
				},
				"rightHand": {
					"rotation": [-281.24538, -24.3683, 5.7632],
					"position": [-5.6, -14.9, -8.2],
					"scale": [1, 1.5, 1]
				}
			}
		},
		"re_draw": {
			"loop": true,
			"animation_length": 1.5,
			"bones": {
				"root": {
					"rotation": {
						"0.0": {
							"post": [0, 0, 7.5],
							"lerp_mode": "catmullrom"
						},
						"0.3333": {
							"post": [0, -10, 9],
							"lerp_mode": "catmullrom"
						},
						"0.5208": {
							"post": [0, 0, 7.5],
							"lerp_mode": "catmullrom"
						},
						"0.7708": {
							"post": [0, 0, 19.91],
							"lerp_mode": "catmullrom"
						},
						"0.9583": {
							"post": [0, 0, 6.75],
							"lerp_mode": "catmullrom"
						},
						"1.0833": {
							"post": [0, 0, 7.05],
							"lerp_mode": "catmullrom"
						},
						"1.2083": [0, 0, 7.5]
					},
					"position": {
						"0.0": {
							"post": [7, -23, 5],
							"lerp_mode": "catmullrom"
						},
						"0.3333": {
							"post": [10, -10, 3.25],
							"lerp_mode": "catmullrom"
						},
						"0.5208": {
							"post": [10, -10.25, 0],
							"lerp_mode": "catmullrom"
						},
						"0.6042": {
							"post": [9.64, -11.2, -1],
							"lerp_mode": "catmullrom"
						},
						"0.6875": {
							"post": [6.47, -8.88, 1],
							"lerp_mode": "catmullrom"
						},
						"0.8333": {
							"post": [2.71, -2.82, 0],
							"lerp_mode": "catmullrom"
						},
						"1.0": [0, 0, 0],
						"1.2083": [0, 0, 0]
					}
				},
				"leftHand": {
					"rotation": {
						"0.0": {
							"post": [-245.56145, 27.51235, -12.45891],
							"lerp_mode": "catmullrom"
						},
						"0.5": {
							"post": [-302.39602, 4.35909, 7.56147],
							"lerp_mode": "catmullrom"
						},
						"0.625": {
							"post": [-298.55068, -16.56866, -26.92831],
							"lerp_mode": "catmullrom"
						},
						"0.8333": {
							"post": [-298.06145, 27.51235, -12.45891],
							"lerp_mode": "catmullrom"
						},
						"1.0": [-298.06145, 27.51235, -12.45891],
						"1.1458": [-298.06145, 27.51235, -12.45891]
					},
					"position": {
						"0.0": {
							"post": [8, -3, -9],
							"lerp_mode": "catmullrom"
						},
						"0.5": {
							"post": [8, -3, -9],
							"lerp_mode": "catmullrom"
						},
						"0.625": {
							"post": [11, -3, -9],
							"lerp_mode": "catmullrom"
						},
						"0.8333": {
							"post": [16, -14, -5],
							"lerp_mode": "catmullrom"
						},
						"1.0": [16, -16, -5],
						"1.1458": [16, -16, -5]
					},
					"scale": [1, 1.5, 1]
				},
				"rightHand": {
					"rotation": {
						"0.0": {
							"post": [-281.24538, -24.3683, 5.7632],
							"lerp_mode": "catmullrom"
						},
						"0.3333": {
							"post": [-281.25, -24.37, 5.76],
							"lerp_mode": "catmullrom"
						},
						"0.5208": [-291.29097, -16.49602, 33.94481],
						"1.0": [-281.24538, -24.3683, 5.7632]
					},
					"position": {
						"0.0": {
							"post": [-5.6, -14.9, -8.2],
							"lerp_mode": "catmullrom"
						},
						"0.3333": {
							"post": [-13.6, -10.9, -10.2],
							"lerp_mode": "catmullrom"
						},
						"0.5208": [-6.6, -13.9, -8.2],
						"1.0": [-5.6, -14.9, -8.2]
					},
					"scale": [1, 1.5, 1]
				},
				"r": {
					"rotation": {
						"0.5417": {
							"pre": [0, 0, 0],
							"post": [0, 0, 0],
							"lerp_mode": "catmullrom"
						},
						"0.625": {
							"post": [0.59102, 3.4742, 6.78472],
							"lerp_mode": "catmullrom"
						},
						"0.7083": {
							"post": [-2.14, -4.71, 6.9975],
							"lerp_mode": "catmullrom"
						},
						"0.8333": {
							"post": [-7.85952, -17.34551, 27.35666],
							"lerp_mode": "catmullrom"
						},
						"1.0417": {
							"post": [-4.42, -9.76, 3.64],
							"lerp_mode": "catmullrom"
						},
						"1.25": {
							"post": [0, 0, 0],
							"lerp_mode": "catmullrom"
						},
						"1.5": {
							"post": [0, 0, 0],
							"lerp_mode": "catmullrom"
						}
					},
					"position": {
						"0.625": {
							"pre": [0, 0, 0],
							"post": [0, 0, 0],
							"lerp_mode": "catmullrom"
						},
						"0.8333": {
							"post": [0, -1.25, -0.5],
							"lerp_mode": "catmullrom"
						},
						"0.9583": {
							"post": [0, -0.98, -0.5],
							"lerp_mode": "catmullrom"
						},
						"1.1042": {
							"post": [0, -0.4, 0.14],
							"lerp_mode": "catmullrom"
						},
						"1.25": {
							"post": [0, 0.125, 0.25],
							"lerp_mode": "catmullrom"
						},
						"1.375": [0, 0, 0],
						"1.5": [0, 0, 0]
					}
				},
				"camera": {
					"rotation": {
						"0.0": {
							"post": [0, 0, 0],
							"lerp_mode": "catmullrom"
						},
						"0.1042": {
							"post": [0.25, -0.25, -0.25],
							"lerp_mode": "catmullrom"
						},
						"0.25": {
							"post": [1.5, -1.25, -0.75],
							"lerp_mode": "catmullrom"
						},
						"0.375": {
							"post": [1.09, -1.3, -0.5],
							"lerp_mode": "catmullrom"
						},
						"0.4583": {
							"post": [1, -1.25, 0],
							"lerp_mode": "catmullrom"
						},
						"0.5417": {
							"post": [-0.25, -1.25, 0.75],
							"lerp_mode": "catmullrom"
						},
						"0.5833": {
							"post": [0.08, -1.39, -0.25],
							"lerp_mode": "catmullrom"
						},
						"0.625": {
							"post": [0.5, -1.5, 0.25],
							"lerp_mode": "catmullrom"
						},
						"0.7292": {
							"post": [0, -1.25, 0],
							"lerp_mode": "catmullrom"
						},
						"0.9583": {
							"post": [-1.25, 1.25, 0.5],
							"lerp_mode": "catmullrom"
						},
						"1.0208": {
							"post": [-1.25, 1, 0.5],
							"lerp_mode": "catmullrom"
						},
						"1.125": {
							"post": [0.27, 0.07, -0.25],
							"lerp_mode": "catmullrom"
						},
						"1.2292": {
							"post": [0.3, 0.15, 0.25],
							"lerp_mode": "catmullrom"
						},
						"1.3333": {
							"post": [-0.25, 0, 0],
							"lerp_mode": "catmullrom"
						},
						"1.4375": {
							"post": [0, 0, 0],
							"lerp_mode": "catmullrom"
						}
					}
				}
			},
			"sound_effects": {
				"0.0625": {
					"effect": "gwg:grenade/grenade_deploy_1"
				}
			}
		},
		"inspect": {
			"animation_length": 4.2,
			"bones": {
				"root": {
					"rotation": {
						"0.0": [0, 0, 7.5],
						"0.2333": {
							"pre": [-1.74891, -55.24611, -38.70148],
							"post": [-1.74891, -55.24611, -38.70148],
							"lerp_mode": "catmullrom"
						},
						"0.4": {
							"post": [8.25, -55.25, -38.7],
							"lerp_mode": "catmullrom"
						},
						"0.6667": {
							"post": [8.705, -61.19, -43.79],
							"lerp_mode": "catmullrom"
						},
						"0.9667": {
							"post": [1.335, -48.335, -31.785],
							"lerp_mode": "catmullrom"
						},
						"1.3333": {
							"post": [-64.39855, 37.78211, 40.52694],
							"lerp_mode": "catmullrom"
						},
						"1.7333": {
							"post": [-72.38, 46.09, 48.09],
							"lerp_mode": "catmullrom"
						},
						"2.1333": {
							"post": [-66.235, 35.61, 36.54],
							"lerp_mode": "catmullrom"
						},
						"2.4667": {
							"post": [-1.57, 6.11, 7.635],
							"lerp_mode": "catmullrom"
						},
						"2.7333": {
							"post": [49.34317, -1.16722, -43.60292],
							"lerp_mode": "catmullrom"
						},
						"2.9": {
							"post": [56.47641, -5.3401, -49.10838],
							"lerp_mode": "catmullrom"
						},
						"3.5": {
							"post": [56.47641, -5.3401, -49.10838],
							"lerp_mode": "catmullrom"
						},
						"3.9": {
							"post": [4.21, 0, 1.87],
							"lerp_mode": "catmullrom"
						},
						"4.1": {
							"post": [0, 0, 7.5],
							"lerp_mode": "catmullrom"
						}
					},
					"position": {
						"0.0": [0, 0, 0],
						"0.2": {
							"pre": [3, 3, 0],
							"post": [3, 3, 0],
							"lerp_mode": "catmullrom"
						},
						"0.3667": {
							"post": [3, 2.5, 0],
							"lerp_mode": "catmullrom"
						},
						"0.9333": {
							"post": [3, 2.5, 0],
							"lerp_mode": "catmullrom"
						},
						"1.1667": {
							"post": [3, 1.5, 0],
							"lerp_mode": "catmullrom"
						},
						"1.3333": {
							"post": [3, 1.5, 0],
							"lerp_mode": "catmullrom"
						},
						"1.7": {
							"post": [3.1, 1.295, 0.8],
							"lerp_mode": "catmullrom"
						},
						"2.1333": {
							"post": [3.1, 1.295, 0.8],
							"lerp_mode": "catmullrom"
						},
						"2.4": {
							"post": [1.23, -0.74, 0],
							"lerp_mode": "catmullrom"
						},
						"2.7333": {
							"post": [0.68, 2.19, -2.73],
							"lerp_mode": "catmullrom"
						},
						"2.9": {
							"post": [0.68, 2.59, -3.05],
							"lerp_mode": "catmullrom"
						},
						"3.5": {
							"post": [0.68, 2.59, -3.05],
							"lerp_mode": "catmullrom"
						},
						"3.7": {
							"post": [0, 0.295, -0.67],
							"lerp_mode": "catmullrom"
						},
						"3.9333": {
							"post": [0, -0.15, 0],
							"lerp_mode": "catmullrom"
						},
						"4.1333": {
							"post": [0, 0, 0],
							"lerp_mode": "catmullrom"
						}
					}
				},
				"leftHand": {
					"rotation": {
						"0.0": [-298.06145, 27.51235, -12.45891],
						"0.2333": [-298.06, 27.51, -12.46],
						"3.6333": [-298.06, 27.51, -12.46],
						"3.9333": [-298.06145, 27.51235, -12.45891]
					},
					"position": {
						"0.0": [16, -16, -5],
						"0.2333": [17, -28, 14],
						"3.6333": [17, -28, 14],
						"3.9333": [16, -16, -5]
					},
					"scale": {
						"0.0": [1, 1.5, 1],
						"0.2333": [0, 0, 0],
						"3.6333": [0, 0, 0],
						"3.9333": [1, 1.5, 1]
					}
				},
				"rightHand": {
					"rotation": [-281.24538, -24.3683, 5.7632],
					"position": [-5.6, -14.9, -8.2],
					"scale": [1, 1.5, 1]
				},
				"camera": {
					"rotation": {
						"0.0": {
							"post": [0, 0, 0],
							"lerp_mode": "catmullrom"
						},
						"0.2667": {
							"post": [0.531, 0, -0.395],
							"lerp_mode": "catmullrom"
						},
						"0.4333": {
							"post": [0.3725, 0, -0.395],
							"lerp_mode": "catmullrom"
						},
						"0.8667": {
							"post": [0.37, 0, -0.39],
							"lerp_mode": "catmullrom"
						},
						"1.2": {
							"post": [1.315, 0, 0.89],
							"lerp_mode": "catmullrom"
						},
						"1.6667": {
							"post": [1.105, 0, 0.635],
							"lerp_mode": "catmullrom"
						},
						"2.0667": {
							"post": [1.11, 0, 0.64],
							"lerp_mode": "catmullrom"
						},
						"2.4": {
							"post": [1.385, 0, 0.64],
							"lerp_mode": "catmullrom"
						},
						"2.6": {
							"post": [-0.205, 0, -0.19],
							"lerp_mode": "catmullrom"
						},
						"2.7": {
							"post": [0.12, 0, 0.09],
							"lerp_mode": "catmullrom"
						},
						"2.8333": {
							"post": [0, 0, 0],
							"lerp_mode": "catmullrom"
						}
					}
				}
			},
			"sound_effects": {
				"0.0": {
					"effect": "lrtactical:grenade/grenade_inspect"
				}
			}
		},
		"unlock_safe": {
			"animation_length": 2.8333,
			"bones": {
				"cap": {
					"rotation": {
						"0.3667": [0, 0, 0],
						"0.4333": [0, 37.5, 0],
						"0.7667": [0, 37.5, 0],
						"0.9": [0, 134.5, 0],
						"1.1": [0, 134.5, 0],
						"1.2333": [0, 162.535, 0],
						"1.3667": [0, 162.535, 0],
						"1.5": [-37.29242, -2.427, -93.19353]
					},
					"position": {
						"0.3667": [0, 0, 0],
						"0.4333": [0, -0.14, 0],
						"0.7667": [0, -0.14, 0],
						"0.9": [0, -0.22, 0],
						"1.1": [0, -0.22, 0],
						"1.2333": [0, -0.455, 0],
						"1.5": [3.81, -7.145, 0]
					},
					"scale": {
						"1.5": [1, 1, 1],
						"1.5333": [0, 0, 0]
					}
				},
				"pullcord": {
					"rotation": {
						"1.4": [0, 0, 9],
						"1.5": [-9, 0, -4],
						"1.6333": [3.99757, -0.13948, 1.99513],
						"1.7667": [0, 0, 0],
						"1.9667": [0, 0, 0],
						"2.0333": [-44, 0, -42]
					},
					"position": {
						"1.3333": [0, 0, 0],
						"1.4": [0, -3, 0],
						"1.9333": [0, -3, 0],
						"2.0": [0, -9, 0]
					},
					"scale": {
						"2.1667": [1, 1, 1],
						"2.2": [0, 0, 0]
					}
				},
				"root": {
					"rotation": {
						"0.0": [0, 0, 7.5],
						"0.2": {
							"pre": [0, -16, -14.5],
							"post": [0, -16, -14.5],
							"lerp_mode": "catmullrom"
						},
						"0.3667": {
							"post": [-0.85978, -15.97749, -11.37934],
							"lerp_mode": "catmullrom"
						},
						"0.4667": {
							"post": [-0.7584, -18.68983, -11.21237],
							"lerp_mode": "catmullrom"
						},
						"0.6": {
							"post": [-1.59378, -19.66465, -8.02414],
							"lerp_mode": "catmullrom"
						},
						"0.7667": {
							"post": [-0.37391, -20.03596, -10.53912],
							"lerp_mode": "catmullrom"
						},
						"0.8667": {
							"post": [-1.84434, -23.86309, -10.62139],
							"lerp_mode": "catmullrom"
						},
						"1.0667": {
							"post": [-3.42566, -25.24277, -7.91715],
							"lerp_mode": "catmullrom"
						},
						"1.2": {
							"post": [4.98934, -25.24277, -7.91715],
							"lerp_mode": "catmullrom"
						},
						"1.3333": {
							"post": [1.18953, -26.58442, -11.29973],
							"lerp_mode": "catmullrom"
						},
						"1.4667": {
							"post": [-0.85978, -24.63749, -11.37934],
							"lerp_mode": "catmullrom"
						},
						"1.5667": {
							"post": [-2.71589, -19.73621, -15.52538],
							"lerp_mode": "catmullrom"
						},
						"1.6667": {
							"post": [-1.62855, -19.83596, -20.81114],
							"lerp_mode": "catmullrom"
						},
						"1.8333": {
							"post": [-0.08669, -19.95593, -24.90397],
							"lerp_mode": "catmullrom"
						},
						"1.9333": {
							"post": [-0.65007, -20.36417, -8.97709],
							"lerp_mode": "catmullrom"
						},
						"2.0": {
							"post": [1.26091, -19.69668, -8.24802],
							"lerp_mode": "catmullrom"
						},
						"2.1667": {
							"post": [1.60124, -8.47924, -18.83942],
							"lerp_mode": "catmullrom"
						},
						"2.3333": {
							"post": [-10.03343, 0.48701, -24.14785],
							"lerp_mode": "catmullrom"
						},
						"2.5": {
							"post": [-38.33485, 5.60604, -21.93927],
							"lerp_mode": "catmullrom"
						},
						"2.6333": {
							"post": [-50.58485, 5.60604, -21.93927],
							"lerp_mode": "catmullrom"
						}
					},
					"position": {
						"0.0": [0, 0, 0],
						"0.1667": {
							"pre": [0, 1.46, 0],
							"post": [0, 1.46, 0],
							"lerp_mode": "catmullrom"
						},
						"0.3333": {
							"post": [0, 1.15, 0],
							"lerp_mode": "catmullrom"
						},
						"0.5": {
							"post": [0, 0.92, 0],
							"lerp_mode": "catmullrom"
						},
						"0.7333": {
							"post": [0, 1.46, 0],
							"lerp_mode": "catmullrom"
						},
						"0.9333": {
							"post": [0, 0.66, 0],
							"lerp_mode": "catmullrom"
						},
						"1.1": {
							"post": [0, 0.66, 0],
							"lerp_mode": "catmullrom"
						},
						"1.2": {
							"post": [0, 0.66, 0],
							"lerp_mode": "catmullrom"
						},
						"1.2667": {
							"post": [-0.1875, 0.09, 0],
							"lerp_mode": "catmullrom"
						},
						"1.3667": {
							"post": [0.1875, 0.585, 0],
							"lerp_mode": "catmullrom"
						},
						"1.5333": {
							"post": [0, 1.15, 0],
							"lerp_mode": "catmullrom"
						},
						"1.7": {
							"post": [0, 1.835, 0],
							"lerp_mode": "catmullrom"
						},
						"1.8667": {
							"post": [0, 2.63, 0],
							"lerp_mode": "catmullrom"
						},
						"1.9667": {
							"post": [0.1875, 2.385, 0],
							"lerp_mode": "catmullrom"
						},
						"2.0333": {
							"post": [-0.1875, 0.135, 0],
							"lerp_mode": "catmullrom"
						},
						"2.1333": {
							"post": [-0.19, 1.3275, 0.25],
							"lerp_mode": "catmullrom"
						},
						"2.2333": {
							"post": [-0.41, 1.85, 0.57],
							"lerp_mode": "catmullrom"
						},
						"2.3667": {
							"post": [-1.32, 4.17, 1.98],
							"lerp_mode": "catmullrom"
						},
						"2.5": {
							"post": [-2.98, 5.24, 4.51],
							"lerp_mode": "catmullrom"
						},
						"2.6333": {
							"post": [-4.39, 5.24, 7.51],
							"lerp_mode": "catmullrom"
						}
					}
				},
				"leftHand": {
					"rotation": {
						"0.0": [-298.06145, 27.51235, -12.45891],
						"0.2667": [-247.57359, 12.39533, 72.9424],
						"0.3667": [-247.57359, 12.39533, 72.9424],
						"0.4333": [-231.57, 12.4, 72.94],
						"0.6": [-222.32359, 12.39533, 103.0624],
						"0.7667": [-222.32359, 12.39533, 103.0624],
						"0.8333": [-201.365, 12.4, 103.06],
						"0.9333": [-187.65359, 12.39533, 103.0624],
						"1.1333": [-187.65359, 12.39533, 103.0624],
						"1.2": [-171.65, 12.4, 103.06],
						"1.3667": [-179.09563, 26.81879, 106.54969],
						"1.4667": {
							"pre": [-262.08056, 39.42214, 10.44066],
							"post": [-262.08056, 39.42214, 10.44066],
							"lerp_mode": "catmullrom"
						},
						"1.6": {
							"post": [-262.08056, 39.42214, 10.44066],
							"lerp_mode": "catmullrom"
						},
						"1.8333": [-275.10967, 57.09384, 10.24962],
						"1.9": [-281.15156, 56.69336, -11.80448],
						"1.9333": [-281.15156, 56.69336, -11.80448],
						"2.0333": {
							"pre": [-319.42656, 38.5842, -57.84926],
							"post": [-319.42656, 38.5842, -57.84926],
							"lerp_mode": "catmullrom"
						},
						"2.2333": {
							"post": [-319.43, 38.58, -57.85],
							"lerp_mode": "catmullrom"
						},
						"2.6": {
							"post": [-268.66678, 19.46007, -63.46358],
							"lerp_mode": "catmullrom"
						}
					},
					"position": {
						"0.0": [16, -16, -5],
						"0.2333": [6, -19.73, -8.91],
						"0.3667": [6, -19.73, -8.91],
						"0.4333": [6, -19.73, -8.91],
						"0.6": [6, -19.73, -8.91],
						"0.7667": [6, -19.73, -8.91],
						"0.8333": [6, -19.73, -8.91],
						"0.9333": [6, -19.73, -8.91],
						"1.1333": [6, -19.73, -8.91],
						"1.2": [6, -19.73, -8.91],
						"1.3667": [6, -21.73, -8.91],
						"1.4667": {
							"pre": [9.38, -23.525, -8.91],
							"post": [9.38, -23.525, -8.91],
							"lerp_mode": "catmullrom"
						},
						"1.6": {
							"post": [8.845, -25.785, -8.91],
							"lerp_mode": "catmullrom"
						},
						"1.8333": [7.66, -21.9, -7.615],
						"1.9": [7.66, -21.71, -7.615],
						"1.9333": [7.66, -21.71, -7.615],
						"2.0": {
							"pre": [7.66, -26.895, -9.395],
							"post": [7.66, -26.895, -9.395],
							"lerp_mode": "catmullrom"
						},
						"2.2333": {
							"post": [7.66, -35.89, 8.61],
							"lerp_mode": "catmullrom"
						},
						"2.6": {
							"post": [18, -26, -5],
							"lerp_mode": "catmullrom"
						}
					},
					"scale": [1, 1.5, 1]
				},
				"rightHand": {
					"rotation": [-281.24538, -24.3683, 5.7632],
					"position": [-5.6, -14.9, -8.2],
					"scale": [1, 1.5, 1]
				},
				"camera": {
					"rotation": {
						"0.0": {
							"post": [0, 0, 0],
							"lerp_mode": "catmullrom"
						},
						"0.2333": {
							"post": [-0.8, 0.71, 0],
							"lerp_mode": "catmullrom"
						},
						"0.4333": {
							"post": [-0.68, 0.71, -0.385],
							"lerp_mode": "catmullrom"
						},
						"0.6667": {
							"post": [-0.8, 0.71, -0.15],
							"lerp_mode": "catmullrom"
						},
						"0.8667": {
							"post": [-0.89, 0.71, -0.505],
							"lerp_mode": "catmullrom"
						},
						"1.0667": {
							"post": [-0.8, 0.71, -0.38],
							"lerp_mode": "catmullrom"
						},
						"1.2667": {
							"post": [-0.445, 0.71, -1.12],
							"lerp_mode": "catmullrom"
						},
						"1.4333": {
							"post": [-0.44, 0.71, 0.245],
							"lerp_mode": "catmullrom"
						},
						"1.7": {
							"post": [-1.09, 0.71, -0.315],
							"lerp_mode": "catmullrom"
						},
						"1.9333": {
							"post": [-1.09, 1.16, 0.135],
							"lerp_mode": "catmullrom"
						},
						"2.0333": {
							"post": [1.105, -0.295, -0.84],
							"lerp_mode": "catmullrom"
						},
						"2.1667": {
							"post": [-0.695, 0.325, 0.91],
							"lerp_mode": "catmullrom"
						},
						"2.4333": {
							"post": [-0.69, -0.03, -0.04],
							"lerp_mode": "catmullrom"
						},
						"2.7333": {
							"post": [0, 0, 0],
							"lerp_mode": "catmullrom"
						}
					}
				}
			},
			"sound_effects": {
				"0.2": {
					"effect": "gwg:grenade/grenade_fuse"
				},
				"1.7333": {
					"effect": "gwg:grenade/grenade_frag_fuse"
				}
			}
		},
		"unlock_safe_loop": {
			"loop": true,
			"animation_length": 0.7,
			"bones": {
				"cap": {
					"scale": 0
				},
				"pullcord": {
					"scale": 0
				},
				"root": {
					"rotation": {
						"0.0": {
							"post": [-50.58485, 5.60604, -21.93927],
							"lerp_mode": "catmullrom"
						},
						"0.4": {
							"post": [-50.58, 4.4225, -21.94],
							"lerp_mode": "catmullrom"
						},
						"0.7": {
							"post": [-50.58485, 5.60604, -21.93927],
							"lerp_mode": "catmullrom"
						}
					},
					"position": {
						"0.0": {
							"post": [-4.39, 5.24, 7.51],
							"lerp_mode": "catmullrom"
						},
						"0.3": {
							"post": [-4.39, 4.99, 7.51],
							"lerp_mode": "catmullrom"
						},
						"0.7": {
							"post": [-4.39, 5.24, 7.51],
							"lerp_mode": "catmullrom"
						}
					}
				},
				"leftHand": {
					"rotation": {
						"0.0": {
							"post": [-268.66678, 19.46007, -63.46358],
							"lerp_mode": "catmullrom"
						},
						"1.4667": {
							"post": [-268.66678, 19.46007, -63.46358],
							"lerp_mode": "catmullrom"
						}
					},
					"position": {
						"0.0": {
							"post": [18, -26, -5],
							"lerp_mode": "catmullrom"
						},
						"1.4667": {
							"post": [18, -26, -5],
							"lerp_mode": "catmullrom"
						}
					},
					"scale": [1, 1.5, 1]
				},
				"rightHand": {
					"rotation": [-281.24538, -24.3683, 5.7632],
					"position": [-5.6, -14.9, -8.2],
					"scale": [1, 1.5, 1]
				}
			}
		},
		"draw": {
			"animation_length": 0.8,
			"bones": {
				"root": {
					"rotation": {
						"0.0": {
							"post": [-121.11052, 74.35604, 35.04214],
							"lerp_mode": "catmullrom"
						},
						"0.3": {
							"post": [3, 0, 15.5],
							"lerp_mode": "catmullrom"
						},
						"0.4667": {
							"post": [0, 0, 16.5],
							"lerp_mode": "catmullrom"
						},
						"0.5667": {
							"post": [0, 0, 13],
							"lerp_mode": "catmullrom"
						},
						"0.8": {
							"post": [0, 0, 7.5],
							"lerp_mode": "catmullrom"
						}
					},
					"position": {
						"0.0": {
							"post": [13, -19, 0],
							"lerp_mode": "catmullrom"
						},
						"0.1667": {
							"post": [8, -5.1875, 0],
							"lerp_mode": "catmullrom"
						},
						"0.3": {
							"post": [0, -2.5925, 0],
							"lerp_mode": "catmullrom"
						},
						"0.4667": {
							"post": [-1.625, -1.375, 0.225],
							"lerp_mode": "catmullrom"
						},
						"0.5667": {
							"post": [-0.375, 0.1875, 0],
							"lerp_mode": "catmullrom"
						},
						"0.7": {
							"post": [0, 0.09, -0.01],
							"lerp_mode": "catmullrom"
						},
						"0.8": {
							"post": [0, 0, 0],
							"lerp_mode": "catmullrom"
						}
					}
				},
				"leftHand": {
					"rotation": [-298.06145, 27.51235, -12.45891],
					"position": {
						"0.4333": [16, -16, 1.915],
						"0.6333": [16, -16, -5]
					},
					"scale": {
						"0.2333": [0, 0, 0],
						"0.2667": [1, 1.5, 1]
					}
				},
				"rightHand": {
					"rotation": [-281.24538, -24.3683, 5.7632],
					"position": [-5.6, -14.9, -8.2],
					"scale": [1, 1.5, 1]
				},
				"camera": {
					"rotation": {
						"0.0": {
							"post": [0, 0, 0],
							"lerp_mode": "catmullrom"
						},
						"0.0667": {
							"post": [1.75, -1.1875, 0.4],
							"lerp_mode": "catmullrom"
						},
						"0.2": {
							"post": [-0.75, 0.5625, 1.155],
							"lerp_mode": "catmullrom"
						},
						"0.4": {
							"post": [0, 0.6875, -0.47],
							"lerp_mode": "catmullrom"
						},
						"0.5333": {
							"post": [0.125, -0.25, 0],
							"lerp_mode": "catmullrom"
						},
						"0.6667": {
							"post": [0, 0, 0.03],
							"lerp_mode": "catmullrom"
						},
						"0.8": {
							"post": [0, 0, 0],
							"lerp_mode": "catmullrom"
						}
					}
				}
			},
			"sound_effects": {
				"0.0667": {
					"effect": "gwg:grenade/grenade_deploy_1"
				}
			}
		},
		"throw": {
			"animation_length": 0.5667,
			"bones": {
				"cap": {
					"scale": 0
				},
				"pullcord": {
					"scale": 0
				},
				"body": {
					"scale": {
						"0.0333": [1, 1, 1],
						"0.0667": [0, 0, 0]
					}
				},
				"root": {
					"rotation": {
						"0.0": {
							"post": [-50.58485, 5.60604, -21.93927],
							"lerp_mode": "catmullrom"
						},
						"0.1": {
							"post": [26.62488, 3.97696, 6.42456],
							"lerp_mode": "catmullrom"
						}
					},
					"position": {
						"0.0": {
							"post": [-4.39, 5.24, 7.51],
							"lerp_mode": "catmullrom"
						},
						"0.1": {
							"post": [-2.39, 4.155, -6.165],
							"lerp_mode": "catmullrom"
						}
					}
				},
				"leftHand": {
					"rotation": {
						"0.0": {
							"post": [-268.66678, 19.46007, -63.46358],
							"lerp_mode": "catmullrom"
						},
						"0.1": {
							"post": [-313.61921, -22.47174, -36.53853],
							"lerp_mode": "catmullrom"
						}
					},
					"position": {
						"0.0": {
							"post": [18, -26, -5],
							"lerp_mode": "catmullrom"
						},
						"0.1": {
							"post": [22, -30, -1],
							"lerp_mode": "catmullrom"
						}
					},
					"scale": [1, 1.5, 1]
				},
				"rightHand": {
					"rotation": {
						"0.0": [-281.24538, -24.3683, 5.7632],
						"0.1333": {
							"pre": [-303.75, -24.37, 5.76],
							"post": [-303.75, -24.37, 5.76],
							"lerp_mode": "catmullrom"
						},
						"0.2667": {
							"post": [-300.55897, -37.2989, 37.78713],
							"lerp_mode": "catmullrom"
						}
					},
					"position": {
						"0.0": [-5.6, -14.9, -8.2],
						"0.1": {
							"pre": [-5.6, -14.9, -8.2],
							"post": [-5.6, -14.9, -8.2],
							"lerp_mode": "catmullrom"
						},
						"0.2333": {
							"post": [-3.51, -24.1, -6.425],
							"lerp_mode": "catmullrom"
						},
						"0.3": {
							"post": [0.115, -37.28, 0.57],
							"lerp_mode": "catmullrom"
						}
					},
					"scale": [1, 1.5, 1]
				},
				"camera": {
					"rotation": {
						"0.0": {
							"post": [0, 0, 0],
							"lerp_mode": "catmullrom"
						},
						"0.1": {
							"post": [2.2, 0, 1.55],
							"lerp_mode": "catmullrom"
						},
						"0.2": {
							"post": [0.59, 0, -1.33],
							"lerp_mode": "catmullrom"
						},
						"0.3667": {
							"post": [-0.545, 0, 0.235],
							"lerp_mode": "catmullrom"
						},
						"0.5": {
							"post": [0, 0, 0],
							"lerp_mode": "catmullrom"
						}
					}
				}
			},
			"sound_effects": {
				"0.0333": {
					"effect": "gwg:grenade/grenade_throw"
				}
			}
		},
		"put_away": {
			"animation_length": 0.4,
			"bones": {
				"root": {
					"rotation": {
						"0.0": [0, 0, 7.5],
						"0.1667": [0, 0, 45],
						"0.3667": [0, 0, 69]
					},
					"position": {
						"0.0": [0, 0, 0],
						"0.1667": [0, -8, 0],
						"0.3667": [5.165, -23.885, 0]
					}
				},
				"leftHand": {
					"rotation": {
						"0.0": [-298.06145, 27.51235, -12.45891],
						"0.1333": [-318.97039, -19.30892, -79.51024],
						"0.3": [-317.06622, 13.49482, -114.3976]
					},
					"position": {
						"0.0": [16, -16, -5],
						"0.1333": [5, -3, -8],
						"0.3": [5, -3, -8]
					},
					"scale": [1, 1.5, 1]
				},
				"rightHand": {
					"rotation": [-281.24538, -24.3683, 5.7632],
					"position": [-5.6, -14.9, -8.2],
					"scale": [1, 1.5, 1]
				},
				"camera": {
					"rotation": {
						"0.0": {
							"post": [0, 0, 0],
							"lerp_mode": "catmullrom"
						},
						"0.1667": {
							"post": [0.8, 0, -0.77],
							"lerp_mode": "catmullrom"
						},
						"0.3333": {
							"post": [0, 0, 0],
							"lerp_mode": "catmullrom"
						}
					}
				}
			}
		}
	}
}