{
  "ammo": "tacz:762x54",
  "ammo_amount": 10,
  "extended_mag_ammo_amount": [
    10,
    10,
    10
  ],
  "bolt": "closed_bolt",
  "rpm": 300,
  "bullet": {
    "life": 0.8,
    "bullet_amount": 1,
    "damage": 29,
    "tracer_count_interval": 0,
    "extra_damage": {
      "armor_ignore": 0.39,
      "head_shot_multiplier": 3.3,
      "damage_adjust": [
        {"distance": 55, "damage": 29},
        {"distance": 110, "damage": 25},
        {"distance": "infinite", "damage": 10}
      ]
    },
    "speed": 450,
    "gravity": 0.0245,
    "knockback": 0,
    "friction": 0.012,
    "ignite": false,
    "pierce": 3
  },
  "reload": {
    "type": "magazine",
    "feed": {
      "empty": 2.17,
      "tactical": 1.6
    },
    "cooldown": {
      "empty": 2.84,
      "tactical": 2.19
    }
  },
  "draw_time": 0.48,
  "put_away_time": 0.47,
  "aim_time": 0.2,
  "sprint_time": 0.22,
  "weight": 3.85,
  "movement_speed": {
    "base": 0.0,
    "aim": -0.2,
    "reload": -0.1
  },
  "crawl_recoil_multiplier": 0.5,
  "fire_mode": [
    "semi"
  ],
  "recoil": {
    "pitch": [
      {"time": 0, "value": [1.25, 1.25]},
      {"time": 0.25, "value": [1.25, 1.25]},
      {"time": 0.5, "value": [-0.225, -0.225]},
      {"time": 0.6, "value": [0, 0]},
      {"time": 0.8, "value": [0, 0]}
    ],
    "yaw": [
      {"time": 0, "value": [-0.35, 0.15]},
      {"time": 0.5, "value": [-0.35, 0.15]},
      {"time": 0.7, "value": [0, 0]}
    ]
  },
  "inaccuracy": {
    "stand": 5.5,
    "move": 6,
    "sneak": 5.25,
    "lie": 4,
    "aim": 0.075
  },
  // 近战相关
  "melee": {
    // 枪械距离参数，用来延升近战攻击范围
    // 会与刺刀等配件的距离做加和
    "distance": 1,
    // 使用时的冷却时间
    "cooldown": 0.7,
    // 默认近战数据，会被配件的数据替换掉
    "default": {
      // 动画类型：没有枪托的为 melee_push，有枪托的为 melee_stock
      "animation_type": "melee_stock",
      // 刺刀距离参数，枪械里还有个刺刀攻击距离参数，两者做加和
      "distance": 1,
      // 刺刀范围角度
      "range_angle": 30,
      // 伤害值
      "damage": 2,
      // 击退效果
      "knockback": 0.6,
      // 前摇时长，单位：秒
      "prep": 0.1
    }
  },
  "allow_attachment_types": [
    "scope",
    "muzzle",
    "extended_mag"
  ],
  "exclusive_attachments": {
  }
}