{
	"format_version": "1.12.0",
	"minecraft:geometry": [
		{
			"description": {
				"identifier": "geometry.unknown",
				"texture_width": 32,
				"texture_height": 32,
				"visible_bounds_width": 3,
				"visible_bounds_height": 1.5,
				"visible_bounds_offset": [0, 0.25, 0]
			},
			"bones": [
				{
					"name": "spear",
					"pivot": [0, 0, -4.29202],
					"cubes": [
						{
							"origin": [-0.21099, -0.50938, -6.18438],
							"size": [0.42198, 1.01876, 2.41224],
							"pivot": [0, 0, -4.95326],
							"rotation": [0, 0, 45],
							"uv": {
								"north": {"uv": [2, 17], "uv_size": [0.5, 1]},
								"south": {"uv": [17, 2], "uv_size": [0.5, 1]},
								"up": {"uv": [11, 12], "uv_size": [0.5, 2.5]},
								"down": {"uv": [12, 14.5], "uv_size": [0.5, -2.5]}
							}
						},
						{
							"origin": [-0.16394, -0.39579, -7.71299],
							"size": [0.32788, 0.79158, 16.61946],
							"uv": {
								"north": {"uv": [3, 17], "uv_size": [0.5, 1]},
								"up": {"uv": [0, 0], "uv_size": [0.5, 16.5]},
								"down": {"uv": [1, 16.5], "uv_size": [0.5, -16.5]}
							}
						},
						{
							"origin": [-0.13894, -0.99579, -7.58799],
							"size": [0.27788, 1.99158, 0.24446],
							"uv": {
								"north": {"uv": [8, 15], "uv_size": [0.5, 2]},
								"east": {"uv": [9, 15], "uv_size": [0.5, 2]},
								"south": {"uv": [15, 9], "uv_size": [0.5, 2]},
								"west": {"uv": [11, 15], "uv_size": [0.5, 2]}
							}
						},
						{
							"origin": [-0.06394, -1.09579, -7.34353],
							"size": [0.12788, 2.19158, 0.09446],
							"uv": {
								"east": {"uv": [15, 11], "uv_size": [0.5, 2]},
								"south": {"uv": [12, 15], "uv_size": [0.5, 2]},
								"west": {"uv": [13, 15], "uv_size": [0.5, 2]}
							}
						},
						{
							"origin": [-0.06394, -0.57079, -7.24907],
							"size": [0.12788, 1.14158, 0.11946],
							"uv": {
								"east": {"uv": [17, 3], "uv_size": [0.5, 1]},
								"west": {"uv": [4, 17], "uv_size": [0.5, 1]},
								"up": {"uv": [17, 18], "uv_size": [0.5, 0.5]},
								"down": {"uv": [18, 17.5], "uv_size": [0.5, -0.5]}
							}
						},
						{
							"origin": [-0.06394, -0.57079, -7.24907],
							"size": [0.12788, 1.14158, 0.11946],
							"pivot": [0, 0, -7.18934],
							"rotation": [0, 0, -90],
							"uv": {
								"east": {"uv": [17, 4], "uv_size": [0.5, 1]},
								"west": {"uv": [5, 17], "uv_size": [0.5, 1]},
								"up": {"uv": [18, 18], "uv_size": [0.5, 0.5]},
								"down": {"uv": [0, 19.5], "uv_size": [0.5, -0.5]}
							}
						},
						{
							"origin": [-0.11394, -0.59579, -7.14353],
							"size": [0.22788, 1.19158, 0.39446],
							"uv": {
								"north": {"uv": [17, 5], "uv_size": [0.5, 1]},
								"east": {"uv": [6, 17], "uv_size": [0.5, 1]},
								"west": {"uv": [17, 6], "uv_size": [0.5, 1]},
								"up": {"uv": [19, 0], "uv_size": [0.5, 0.5]},
								"down": {"uv": [1, 19.5], "uv_size": [0.5, -0.5]}
							}
						},
						{
							"origin": [-0.11394, 0.23925, -7.22812],
							"size": [0.22788, 0.39158, 0.39445],
							"pivot": [0, 0.03504, -7.0309],
							"rotation": [-45, 0, 0],
							"uv": {
								"east": {"uv": [19, 1], "uv_size": [0.5, 0.5]},
								"west": {"uv": [2, 19], "uv_size": [0.5, 0.5]},
								"up": {"uv": [19, 2], "uv_size": [0.5, 0.5]}
							}
						},
						{
							"origin": [-0.11394, -0.63083, -7.22812],
							"size": [0.22788, 0.39158, 0.39445],
							"pivot": [0, -0.03504, -7.0309],
							"rotation": [45, 0, 0],
							"uv": {
								"east": {"uv": [3, 19], "uv_size": [0.5, 0.5]},
								"west": {"uv": [19, 3], "uv_size": [0.5, 0.5]},
								"down": {"uv": [4, 19.5], "uv_size": [0.5, -0.5]}
							}
						},
						{
							"origin": [-0.11394, 0.02899, -7.17006],
							"size": [0.22788, 0.39157, 0.39446],
							"pivot": [0, 0, -6.74805],
							"rotation": [-45, 0, -90],
							"uv": {
								"east": {"uv": [19, 4], "uv_size": [0.5, 0.5]},
								"west": {"uv": [5, 19], "uv_size": [0.5, 0.5]},
								"up": {"uv": [19, 5], "uv_size": [0.5, 0.5]}
							}
						},
						{
							"origin": [-0.11394, -0.42056, -7.17006],
							"size": [0.22788, 0.39157, 0.39446],
							"pivot": [0, 0, -6.74805],
							"rotation": [45, 0, -90],
							"uv": {
								"east": {"uv": [6, 19], "uv_size": [0.5, 0.5]},
								"west": {"uv": [19, 6], "uv_size": [0.5, 0.5]},
								"down": {"uv": [7, 19.5], "uv_size": [0.5, -0.5]}
							}
						},
						{
							"origin": [-0.11394, -0.59579, -7.14353],
							"size": [0.22788, 1.19158, 0.39446],
							"pivot": [0, 0, -6.9463],
							"rotation": [0, 0, 90],
							"uv": {
								"north": {"uv": [7, 17], "uv_size": [0.5, 1]},
								"east": {"uv": [17, 7], "uv_size": [0.5, 1]},
								"west": {"uv": [8, 17], "uv_size": [0.5, 1]},
								"up": {"uv": [19, 7], "uv_size": [0.5, 0.5]},
								"down": {"uv": [8, 19.5], "uv_size": [0.5, -0.5]}
							}
						},
						{
							"origin": [-0.06394, -1.09579, -7.34353],
							"size": [0.12788, 2.19158, 0.09446],
							"pivot": [0, 0, -7.2963],
							"rotation": [0, 0, 90],
							"uv": {
								"east": {"uv": [15, 13], "uv_size": [0.5, 2]},
								"south": {"uv": [14, 15], "uv_size": [0.5, 2]},
								"west": {"uv": [15, 15], "uv_size": [0.5, 2]}
							}
						},
						{
							"origin": [-0.13894, -0.97657, -8.33015],
							"size": [0.27788, 3.09157, 0.14446],
							"pivot": [0, 0.71921, -8.30792],
							"rotation": [-67, 0, 0],
							"uv": {
								"east": {"uv": [10, 8], "uv_size": [0.5, 3]},
								"south": {"uv": [11, 0], "uv_size": [0.5, 3]},
								"west": {"uv": [11, 3], "uv_size": [0.5, 3]},
								"up": {"uv": [19, 8], "uv_size": [0.5, 0.5]}
							}
						},
						{
							"origin": [0.31105, -1.31021, -9.17016],
							"size": [0.19649, 3.29157, 0.19649],
							"pivot": [0.05756, 0, -8.63878],
							"rotation": [-73.2929, 16.0388, -42.6297],
							"uv": {
								"north": {"uv": [8, 0], "uv_size": [0.5, 3.5]},
								"west": {"uv": [8, 4], "uv_size": [0.5, 3.5]},
								"up": {"uv": [9, 19], "uv_size": [0.5, 0.5]},
								"down": {"uv": [19, 9.5], "uv_size": [0.5, -0.5]}
							}
						},
						{
							"origin": [0.31105, -1.98136, -9.17016],
							"size": [0.19649, 3.29157, 0.19649],
							"pivot": [0.05756, 0, -8.63878],
							"rotation": [73.2929, 16.0388, 42.6297],
							"uv": {
								"north": {"uv": [8, 8], "uv_size": [0.5, 3.5]},
								"west": {"uv": [9, 0], "uv_size": [0.5, 3.5]},
								"up": {"uv": [10, 19], "uv_size": [0.5, 0.5]},
								"down": {"uv": [19, 10.5], "uv_size": [0.5, -0.5]}
							}
						},
						{
							"origin": [0.29419, -1.98137, -9.12946],
							"size": [0.19649, 3.29158, 0.19649],
							"pivot": [0, 0, -8.63878],
							"rotation": [73.2929, 16.0388, 132.6297],
							"uv": {
								"north": {"uv": [9, 4], "uv_size": [0.5, 3.5]},
								"west": {"uv": [9, 8], "uv_size": [0.5, 3.5]},
								"up": {"uv": [11, 19], "uv_size": [0.5, 0.5]},
								"down": {"uv": [19, 11.5], "uv_size": [0.5, -0.5]}
							}
						},
						{
							"origin": [0.29419, -1.31021, -9.12946],
							"size": [0.19649, 3.29158, 0.19649],
							"pivot": [0, 0, -8.63878],
							"rotation": [-73.2929, 16.0388, 47.3703],
							"uv": {
								"north": {"uv": [10, 0], "uv_size": [0.5, 3.5]},
								"west": {"uv": [10, 4], "uv_size": [0.5, 3.5]},
								"up": {"uv": [12, 19], "uv_size": [0.5, 0.5]},
								"down": {"uv": [19, 12.5], "uv_size": [0.5, -0.5]}
							}
						},
						{
							"origin": [-0.13894, -2.115, -8.33015],
							"size": [0.27788, 3.09157, 0.14446],
							"pivot": [0, -0.71921, -8.30792],
							"rotation": [67, 0, 0],
							"uv": {
								"east": {"uv": [11, 6], "uv_size": [0.5, 3]},
								"south": {"uv": [11, 9], "uv_size": [0.5, 3]},
								"west": {"uv": [10, 11], "uv_size": [0.5, 3]},
								"down": {"uv": [13, 19.5], "uv_size": [0.5, -0.5]}
							}
						},
						{
							"origin": [-0.13894, -1.13619, -9.17657],
							"size": [0.27788, 3.09158, 0.14445],
							"pivot": [0, 0, -8.61056],
							"rotation": [-67, 0, 90],
							"uv": {
								"east": {"uv": [12, 0], "uv_size": [0.5, 3]},
								"south": {"uv": [12, 3], "uv_size": [0.5, 3]},
								"west": {"uv": [12, 6], "uv_size": [0.5, 3]},
								"up": {"uv": [19, 13], "uv_size": [0.5, 0.5]}
							}
						},
						{
							"origin": [-0.13894, -1.95539, -9.17657],
							"size": [0.27788, 3.09158, 0.14445],
							"pivot": [0, 0, -8.61056],
							"rotation": [67, 0, 90],
							"uv": {
								"east": {"uv": [8, 12], "uv_size": [0.5, 3]},
								"south": {"uv": [9, 12], "uv_size": [0.5, 3]},
								"west": {"uv": [12, 9], "uv_size": [0.5, 3]},
								"down": {"uv": [14, 19.5], "uv_size": [0.5, -0.5]}
							}
						},
						{
							"origin": [-0.13894, -0.99579, -7.58799],
							"size": [0.27788, 1.99158, 0.24446],
							"pivot": [0, 0, -7.46576],
							"rotation": [0, 0, -90],
							"uv": {
								"north": {"uv": [16, 0], "uv_size": [0.5, 2]},
								"east": {"uv": [16, 2], "uv_size": [0.5, 2]},
								"south": {"uv": [16, 4], "uv_size": [0.5, 2]},
								"west": {"uv": [16, 6], "uv_size": [0.5, 2]}
							}
						},
						{
							"origin": [-0.16394, -0.39579, -7.71299],
							"size": [0.32788, 0.79158, 16.61946],
							"pivot": [0, 0, 1.04674],
							"rotation": [0, 0, 45],
							"uv": {
								"north": {"uv": [17, 8], "uv_size": [0.5, 1]},
								"up": {"uv": [2, 0], "uv_size": [0.5, 16.5]},
								"down": {"uv": [3, 16.5], "uv_size": [0.5, -16.5]}
							}
						},
						{
							"origin": [-0.16394, -0.39579, -7.71299],
							"size": [0.32788, 0.79158, 16.61946],
							"pivot": [0, 0, 1.04674],
							"rotation": [0, 0, 90],
							"uv": {
								"north": {"uv": [9, 17], "uv_size": [0.5, 1]},
								"up": {"uv": [4, 0], "uv_size": [0.5, 16.5]},
								"down": {"uv": [5, 16.5], "uv_size": [0.5, -16.5]}
							}
						},
						{
							"origin": [-0.16394, -0.39579, -7.71299],
							"size": [0.32788, 0.79158, 16.61946],
							"pivot": [0, 0, 1.04674],
							"rotation": [0, 0, 135],
							"uv": {
								"north": {"uv": [17, 9], "uv_size": [0.5, 1]},
								"up": {"uv": [6, 0], "uv_size": [0.5, 16.5]},
								"down": {"uv": [7, 16.5], "uv_size": [0.5, -16.5]}
							}
						},
						{
							"origin": [-0.09836, -0.23747, -9.5891],
							"size": [0.19672, 0.47494, 2.47168],
							"pivot": [0, 0, -8.20326],
							"rotation": [0, 0, 45],
							"uv": {
								"north": {"uv": [19, 14], "uv_size": [0.5, 0.5]},
								"up": {"uv": [13, 0], "uv_size": [0.5, 2.5]},
								"down": {"uv": [13, 5.5], "uv_size": [0.5, -2.5]}
							}
						},
						{
							"origin": [-0.09836, -0.23747, -9.5891],
							"size": [0.19672, 0.47494, 2.47168],
							"uv": {
								"north": {"uv": [15, 19], "uv_size": [0.5, 0.5]},
								"up": {"uv": [13, 6], "uv_size": [0.5, 2.5]},
								"down": {"uv": [13, 11.5], "uv_size": [0.5, -2.5]}
							}
						},
						{
							"origin": [-0.09836, -0.23747, -9.5891],
							"size": [0.19672, 0.47494, 2.47168],
							"pivot": [0, 0, -8.20326],
							"rotation": [0, 0, 90],
							"uv": {
								"north": {"uv": [19, 15], "uv_size": [0.5, 0.5]},
								"up": {"uv": [13, 12], "uv_size": [0.5, 2.5]},
								"down": {"uv": [14, 2.5], "uv_size": [0.5, -2.5]}
							}
						},
						{
							"origin": [-0.09836, -0.23747, -9.5891],
							"size": [0.19672, 0.47494, 2.47168],
							"pivot": [0, 0, -8.20326],
							"rotation": [0, 0, 135],
							"uv": {
								"north": {"uv": [16, 19], "uv_size": [0.5, 0.5]},
								"up": {"uv": [14, 3], "uv_size": [0.5, 2.5]},
								"down": {"uv": [14, 8.5], "uv_size": [0.5, -2.5]}
							}
						},
						{
							"origin": [-0.21099, -0.50938, -6.18438],
							"size": [0.42198, 1.01876, 2.41224],
							"pivot": [0, 0, -4.95326],
							"rotation": [0, 0, 90],
							"uv": {
								"north": {"uv": [10, 17], "uv_size": [0.5, 1]},
								"south": {"uv": [17, 10], "uv_size": [0.5, 1]},
								"up": {"uv": [14, 9], "uv_size": [0.5, 2.5]},
								"down": {"uv": [10, 16.5], "uv_size": [0.5, -2.5]}
							}
						},
						{
							"origin": [-0.21099, -0.50938, -6.18438],
							"size": [0.42198, 1.01876, 2.41224],
							"pivot": [0, 0, -4.95326],
							"rotation": [0, 0, 135],
							"uv": {
								"north": {"uv": [11, 17], "uv_size": [0.5, 1]},
								"south": {"uv": [17, 11], "uv_size": [0.5, 1]},
								"up": {"uv": [14, 12], "uv_size": [0.5, 2.5]},
								"down": {"uv": [15, 2.5], "uv_size": [0.5, -2.5]}
							}
						},
						{
							"origin": [-0.21099, -0.50938, -6.18438],
							"size": [0.42198, 1.01876, 2.41224],
							"uv": {
								"north": {"uv": [12, 17], "uv_size": [0.5, 1]},
								"south": {"uv": [17, 12], "uv_size": [0.5, 1]},
								"up": {"uv": [15, 3], "uv_size": [0.5, 2.5]},
								"down": {"uv": [15, 8.5], "uv_size": [0.5, -2.5]}
							}
						},
						{
							"origin": [-0.23443, -0.56597, -5.32117],
							"size": [0.46886, 1.13194, 0.73582],
							"uv": {
								"north": {"uv": [13, 17], "uv_size": [0.5, 1]},
								"south": {"uv": [17, 13], "uv_size": [0.5, 1]},
								"up": {"uv": [19, 16], "uv_size": [0.5, 0.5]},
								"down": {"uv": [17, 19.5], "uv_size": [0.5, -0.5]}
							}
						},
						{
							"origin": [-0.23443, -0.56597, -5.32117],
							"size": [0.46886, 1.13194, 0.73582],
							"pivot": [0, 0, -4.90326],
							"rotation": [0, 0, 45],
							"uv": {
								"north": {"uv": [14, 17], "uv_size": [0.5, 1]},
								"south": {"uv": [17, 14], "uv_size": [0.5, 1]},
								"up": {"uv": [19, 17], "uv_size": [0.5, 0.5]},
								"down": {"uv": [18, 19.5], "uv_size": [0.5, -0.5]}
							}
						},
						{
							"origin": [-0.23443, -0.56597, -5.32117],
							"size": [0.46886, 1.13194, 0.73582],
							"pivot": [0, 0, -4.90326],
							"rotation": [0, 0, 90],
							"uv": {
								"north": {"uv": [15, 17], "uv_size": [0.5, 1]},
								"south": {"uv": [17, 15], "uv_size": [0.5, 1]},
								"up": {"uv": [19, 18], "uv_size": [0.5, 0.5]},
								"down": {"uv": [19, 19.5], "uv_size": [0.5, -0.5]}
							}
						},
						{
							"origin": [-0.23443, -0.56597, -5.32117],
							"size": [0.46886, 1.13194, 0.73582],
							"pivot": [0, 0, -4.90326],
							"rotation": [0, 0, 135],
							"uv": {
								"north": {"uv": [17, 16], "uv_size": [0.5, 1]},
								"south": {"uv": [17, 17], "uv_size": [0.5, 1]},
								"up": {"uv": [0, 20], "uv_size": [0.5, 0.5]},
								"down": {"uv": [20, 0.5], "uv_size": [0.5, -0.5]}
							}
						},
						{
							"origin": [-0.19927, -0.48108, -7.21599],
							"size": [0.39854, 0.96216, 0.67546],
							"uv": {
								"north": {"uv": [18, 0], "uv_size": [0.5, 1]},
								"south": {"uv": [18, 1], "uv_size": [0.5, 1]},
								"up": {"uv": [1, 20], "uv_size": [0.5, 0.5]},
								"down": {"uv": [20, 1.5], "uv_size": [0.5, -0.5]}
							}
						},
						{
							"origin": [-0.19927, -0.48108, -7.21599],
							"size": [0.39854, 0.96216, 0.67546],
							"pivot": [0, 0, -6.90326],
							"rotation": [0, 0, 45],
							"uv": {
								"north": {"uv": [2, 18], "uv_size": [0.5, 1]},
								"south": {"uv": [18, 2], "uv_size": [0.5, 1]},
								"up": {"uv": [2, 20], "uv_size": [0.5, 0.5]},
								"down": {"uv": [20, 2.5], "uv_size": [0.5, -0.5]}
							}
						},
						{
							"origin": [-0.19927, -0.48108, -7.21599],
							"size": [0.39854, 0.96216, 0.67546],
							"pivot": [0, 0, -6.90326],
							"rotation": [0, 0, 90],
							"uv": {
								"north": {"uv": [3, 18], "uv_size": [0.5, 1]},
								"south": {"uv": [18, 3], "uv_size": [0.5, 1]},
								"up": {"uv": [3, 20], "uv_size": [0.5, 0.5]},
								"down": {"uv": [20, 3.5], "uv_size": [0.5, -0.5]}
							}
						},
						{
							"origin": [-0.19927, -0.48108, -7.21599],
							"size": [0.39854, 0.96216, 0.67546],
							"pivot": [0, 0, -6.90326],
							"rotation": [0, 0, 135],
							"uv": {
								"north": {"uv": [4, 18], "uv_size": [0.5, 1]},
								"south": {"uv": [18, 4], "uv_size": [0.5, 1]},
								"up": {"uv": [4, 20], "uv_size": [0.5, 0.5]},
								"down": {"uv": [20, 4.5], "uv_size": [0.5, -0.5]}
							}
						},
						{
							"origin": [-0.18033, -0.43536, -2.69396],
							"size": [0.36066, 0.87072, 0.1814],
							"uv": {
								"north": {"uv": [5, 18], "uv_size": [0.5, 1]},
								"south": {"uv": [18, 5], "uv_size": [0.5, 1]},
								"up": {"uv": [5, 20], "uv_size": [0.5, 0.5]},
								"down": {"uv": [20, 5.5], "uv_size": [0.5, -0.5]}
							}
						},
						{
							"origin": [-0.18033, -0.43536, -2.69396],
							"size": [0.36066, 0.87072, 0.1814],
							"pivot": [0, 0, -2.20326],
							"rotation": [0, 0, 45],
							"uv": {
								"north": {"uv": [6, 18], "uv_size": [0.5, 1]},
								"south": {"uv": [18, 6], "uv_size": [0.5, 1]},
								"up": {"uv": [6, 20], "uv_size": [0.5, 0.5]},
								"down": {"uv": [20, 6.5], "uv_size": [0.5, -0.5]}
							}
						},
						{
							"origin": [-0.18033, -0.43536, -2.69396],
							"size": [0.36066, 0.87072, 0.1814],
							"pivot": [0, 0, -2.20326],
							"rotation": [0, 0, 90],
							"uv": {
								"north": {"uv": [7, 18], "uv_size": [0.5, 1]},
								"south": {"uv": [18, 7], "uv_size": [0.5, 1]},
								"up": {"uv": [7, 20], "uv_size": [0.5, 0.5]},
								"down": {"uv": [20, 7.5], "uv_size": [0.5, -0.5]}
							}
						},
						{
							"origin": [-0.18033, -0.43536, -2.69396],
							"size": [0.36066, 0.87072, 0.1814],
							"pivot": [0, 0, -2.20326],
							"rotation": [0, 0, 135],
							"uv": {
								"north": {"uv": [8, 18], "uv_size": [0.5, 1]},
								"south": {"uv": [18, 8], "uv_size": [0.5, 1]},
								"up": {"uv": [8, 20], "uv_size": [0.5, 0.5]},
								"down": {"uv": [20, 8.5], "uv_size": [0.5, -0.5]}
							}
						},
						{
							"origin": [-0.18033, -0.43536, 0.90604],
							"size": [0.36066, 0.87072, 0.1814],
							"pivot": [0, 0, 1.39674],
							"rotation": [0, 0, 45],
							"uv": {
								"north": {"uv": [9, 18], "uv_size": [0.5, 1]},
								"south": {"uv": [18, 9], "uv_size": [0.5, 1]},
								"up": {"uv": [9, 20], "uv_size": [0.5, 0.5]},
								"down": {"uv": [20, 9.5], "uv_size": [0.5, -0.5]}
							}
						},
						{
							"origin": [-0.18033, -0.43536, 0.90604],
							"size": [0.36066, 0.87072, 0.1814],
							"pivot": [0, 0, 1.39674],
							"rotation": [0, 0, 90],
							"uv": {
								"north": {"uv": [10, 18], "uv_size": [0.5, 1]},
								"south": {"uv": [18, 10], "uv_size": [0.5, 1]},
								"up": {"uv": [10, 20], "uv_size": [0.5, 0.5]},
								"down": {"uv": [20, 10.5], "uv_size": [0.5, -0.5]}
							}
						},
						{
							"origin": [-0.18033, -0.43536, 0.90604],
							"size": [0.36066, 0.87072, 0.1814],
							"pivot": [0, 0, 1.39674],
							"rotation": [0, 0, 135],
							"uv": {
								"north": {"uv": [11, 18], "uv_size": [0.5, 1]},
								"south": {"uv": [18, 11], "uv_size": [0.5, 1]},
								"up": {"uv": [11, 20], "uv_size": [0.5, 0.5]},
								"down": {"uv": [20, 11.5], "uv_size": [0.5, -0.5]}
							}
						},
						{
							"origin": [-0.18033, -0.43536, 0.90604],
							"size": [0.36066, 0.87072, 0.1814],
							"uv": {
								"north": {"uv": [12, 18], "uv_size": [0.5, 1]},
								"south": {"uv": [18, 12], "uv_size": [0.5, 1]},
								"up": {"uv": [12, 20], "uv_size": [0.5, 0.5]},
								"down": {"uv": [20, 12.5], "uv_size": [0.5, -0.5]}
							}
						},
						{
							"origin": [-0.18033, -0.43536, 7.60604],
							"size": [0.36066, 0.87072, 1.8814],
							"pivot": [0, 0, 8.09674],
							"rotation": [0, 0, 45],
							"uv": {
								"north": {"uv": [13, 18], "uv_size": [0.5, 1]},
								"south": {"uv": [18, 13], "uv_size": [0.5, 1]},
								"up": {"uv": [16, 8], "uv_size": [0.5, 2]},
								"down": {"uv": [16, 12], "uv_size": [0.5, -2]}
							}
						},
						{
							"origin": [-0.18033, -0.43536, 7.60604],
							"size": [0.36066, 0.87072, 1.8814],
							"uv": {
								"north": {"uv": [14, 18], "uv_size": [0.5, 1]},
								"south": {"uv": [18, 14], "uv_size": [0.5, 1]},
								"up": {"uv": [16, 12], "uv_size": [0.5, 2]},
								"down": {"uv": [16, 16], "uv_size": [0.5, -2]}
							}
						},
						{
							"origin": [-0.18033, -0.43536, 7.60604],
							"size": [0.36066, 0.87072, 1.8814],
							"pivot": [0, 0, 8.09674],
							"rotation": [0, 0, 135],
							"uv": {
								"north": {"uv": [15, 18], "uv_size": [0.5, 1]},
								"south": {"uv": [18, 15], "uv_size": [0.5, 1]},
								"up": {"uv": [16, 16], "uv_size": [0.5, 2]},
								"down": {"uv": [0, 19], "uv_size": [0.5, -2]}
							}
						},
						{
							"origin": [-0.18033, -0.43536, 7.60604],
							"size": [0.36066, 0.87072, 1.8814],
							"pivot": [0, 0, 8.09674],
							"rotation": [0, 0, 90],
							"uv": {
								"north": {"uv": [16, 18], "uv_size": [0.5, 1]},
								"south": {"uv": [18, 16], "uv_size": [0.5, 1]},
								"up": {"uv": [17, 0], "uv_size": [0.5, 2]},
								"down": {"uv": [1, 19], "uv_size": [0.5, -2]}
							}
						}
					]
				}
			]
		}
	]
}