{
  "materials": [
    {
      "item": {
        "item": "securitycraft:redstone_module"
      },
      "count": 1
    },
    {
      "item": {
        "item": "minecraft:redstone"
      },
      "count": 16
    },
    {
      "item": {
        "item": "gamediscs:redstone_circuit"
      },
      "count": 1
    },
    {
      "item": {
        "item": "create_no_touching:energy_cell"
      },
      "count": 1
    },
    {
      "item": {
        "item": "createaddition:iron_wire"
      },
      "count": 3
    },
    {
      "item": {
        "item": "createaddition:copper_wire"
      },
      "count": 4
    },
    {
      "item": {
        "item": "createaddition:copper_rod"
      },
      "count": 1
    },
    {
      "item": {
        "item": "createaddition:iron_rod"
      },
      "count": 1
    }
  ],
  "result": {
    "type": "gun",
    "id": "zeta:cqc30",
    "ammo_count": 1
  },
  "type": "tacz:gun_smith_table_crafting"
}
