{
  "materials": [
    {
      "item": {
        "tag": "forge:ingots/iron"
      },
      "count": 72
    },
    {
      "item": {
        "tag": "forge:ingots/gold"
      },
      "count": 12
    },
    {
      "item": {
        "tag": "forge:gems/diamond"
      },
      "count": 1
    },
    {
      "item": {
        "tag": "forge:gems/amethyst"
      },
      "count": 3
    },
    {
      "item": {
        "tag": "forge:dyes/yellow"
      },
      "count": 3
    }
  ],
  "result": {
    "type": "gun",
    "id": "zeta:las_5"
  },
  "type": "tacz:gun_smith_table_crafting"
}