{
  "materials": [
    {
      "item": {
        "tag": "forge:ingots/iron"
      },
      "count": 64
    },
       {
      "item": {
        "tag": "forge:ingots/gold"
      },
      "count": 32
    }, 
    {
      "item": {
        "tag": "forge:ingots/netherite"
      },
      "count": 2
    },
   {
      "item": {
        "tag": "forge:gems/diamond"
      },
      "count": 4
    }
  ],
  "result": {
    "type": "gun",
    "id": "zeta:mp98"
  },
  "type": "tacz:gun_smith_table_crafting"
}