{
  "materials": [
     {
      "item": {
        "type": "forge:partial_nbt",
        "item": "tacz:modern_kinetic_gun",
        "nbt": {
          "GunId": "zeta:plas_1"
        }
      },
      "count": 1
    },
    {
      "item": {
        "tag": "forge:ingots/iron"
      },
      "count": 16
    },
    {
      "item": {
        "tag": "forge:ingots/netherite"
      },
      "count": 4
    },
    {
      "item": {
        "tag": "forge:ingots/gold"
      },
      "count": 50
    }
  ],
  "result": {
    "type": "gun",
    "id": "zeta:plas101"
  },
  "type": "tacz:gun_smith_table_crafting"
}