{
  "materials": [
     {
      "item": {
        "type": "forge:partial_nbt",
        "item": "tacz:modern_kinetic_gun",
        "nbt": {
          "GunId": "zeta:sg8"
        }
      },
      "count": 1
    },
    {
      "item": {
        "tag": "forge:ingots/iron"
      },
      "count": 32
    },
    {
      "item": {
        "tag": "forge:ingots/gold"
      },
      "count": 10
    },
    {
      "item": {
        "tag": "forge:gems/diamond"
      },
      "count": 3
    },
    {
      "item": {
        "tag": "forge:gems/emerald"
      },
      "count": 6
    }
  ],
  "result": {
    "type": "gun",
    "id": "zeta:sg8p"
  },
  "type": "tacz:gun_smith_table_crafting"
}