{
  "materials": [
  {
      "item": {
        "tag": "forge:dusts/redstone"
      },
      "count": 10
    },
     {
      "item": {
        "tag": "forge:gunpowder"
      },
      "count": 10
    },
    {
      "item": {
        "tag": "forge:ingots/iron"
      },
      "count": 5
    },
    {
      "item": {
        "tag": "minecraft:arrows"
      },
      "count": 5
    }
  ],
  "result": {
    "type": "ammo",
    "id": "zeta:arrow_ammo",
    "count": 1
  },
  "type": "tacz:gun_smith_table_crafting"
}