{
	"format_version": "1.8.0",
	"animations": {
		"static_idle": {
			"loop": true,
			"bones": {
				"constraint": {
					"rotation": [0.2, 0.2, 0.4],
					"position": [0.1, 0.1, 0.1]
				},
				"lefthand": {
					"rotation": [90.4533, -389.73135, -129.57361],
					"position": [7.4, -14.7, -4.5],
					"scale": [1, 1.5, 1]
				},
				"righthand": {
					"rotation": [100.03742, 4.92385, -179.12962],
					"position": [-6.8, -14.2, 7.4],
					"scale": [1, 1.5, 1]
				}
			}
		},
		"shoot": {
			"loop": "hold_on_last_frame",
			"animation_length": 0.875,
			"bones": {
				"la1": {
					"rotation": {
						"0.0": [0, 0, 0],
						"0.0208": [0, 32.5, 0],
						"0.4167": [0, 32.5, 0],
						"0.875": [0, 0, 0]
					},
					"position": {
						"0.0": [0, 0, 0],
						"0.0208": [-0.83, 0, -3.98],
						"0.4167": [-0.83, 0, -3.98],
						"0.875": [0, 0, 0]
					},
					"scale": {
						"0.0": [1, 1, 1],
						"0.0208": [1.1333, 1, 1],
						"0.4167": [1.1333, 1, 1],
						"0.875": [1, 1, 1]
					}
				},
				"la2": {
					"rotation": {
						"0.0": [0, 0, 0],
						"0.0208": [0, -32.5, 0],
						"0.4167": [0, -32.5, 0],
						"0.875": [0, 0, 0]
					},
					"position": {
						"0.0": [0, 0, 0],
						"0.0208": [0.83, 0, -3.98],
						"0.4167": [0.83, 0, -3.98],
						"0.875": [0, 0, 0]
					},
					"scale": {
						"0.0": [1, 1, 1],
						"0.0208": [1.1333, 1, 1],
						"0.4167": [1.1333, 1, 1],
						"0.875": [1, 1, 1]
					}
				},
				"l": {
					"rotation": {
						"0.0": [0, 0, 0],
						"0.0208": [0, 20, 0],
						"0.4167": [0, 20, 0],
						"0.875": [0, 0, 0]
					}
				},
				"l_hualun": {
					"rotation": {
						"0.0": [0, 0, 0],
						"0.0208": [0, 45, 0],
						"0.4167": [0, 45, 0],
						"0.875": [0, 0, 0]
					}
				},
				"r": {
					"rotation": {
						"0.0": [0, 0, 0],
						"0.0208": [0, -20, 0],
						"0.4167": [0, -20, 0],
						"0.875": [0, 0, 0]
					}
				},
				"r_hualun": {
					"rotation": {
						"0.0": [0, 0, 0],
						"0.0208": [0, -45, 0],
						"0.4167": [0, -45, 0],
						"0.875": [0, 0, 0]
					}
				},
				"bone3": {
					"rotation": {
						"0.0": [0, 0, 0],
						"0.0208": [0, 20, 0],
						"0.4167": [0, 20, 0],
						"0.875": [0, 0, 0]
					},
					"scale": {
						"0.0": [1, 1, 1],
						"0.0208": [1.3, 1, 1],
						"0.4167": [1.3, 1, 1],
						"0.875": [1, 1, 1]
					}
				},
				"bone4": {
					"rotation": {
						"0.0": [0, 0, 0],
						"0.0208": [0, -20, 0],
						"0.4167": [0, -20, 0],
						"0.875": [0, 0, 0]
					},
					"scale": {
						"0.0": [1, 1, 1],
						"0.0208": [1.3, 1, 1],
						"0.4167": [1.3, 1, 1],
						"0.875": [1, 1, 1]
					}
				},
				"root": {
					"rotation": {
						"0.0": {
							"post": [0, 0, 0],
							"lerp_mode": "catmullrom"
						},
						"0.0208": {
							"post": [0.67, -0.2, -0.025],
							"lerp_mode": "catmullrom"
						},
						"0.0417": {
							"post": [-1, -0.025, 0],
							"lerp_mode": "catmullrom"
						},
						"0.0625": {
							"post": [-1.8, 0.11875, 0.04375],
							"lerp_mode": "catmullrom"
						},
						"0.0833": {
							"post": [-0.96, -0.2, 0],
							"lerp_mode": "catmullrom"
						},
						"0.1458": {
							"post": [0.2, 0.2, 0],
							"lerp_mode": "catmullrom"
						},
						"0.2083": {
							"post": [0, 0, 0],
							"lerp_mode": "catmullrom"
						},
						"0.2708": {
							"post": [-0.2, -0.1, 0],
							"lerp_mode": "catmullrom"
						},
						"0.3958": {
							"post": [0, 0, 0],
							"lerp_mode": "catmullrom"
						}
					}
				},
				"camera": {
					"rotation": {
						"0.0": {
							"post": [0, 0, 0],
							"lerp_mode": "catmullrom"
						},
						"0.0417": {
							"post": [0.21, -0.2, 0],
							"lerp_mode": "catmullrom"
						},
						"0.0833": {
							"post": [-0.21, 0.08125, 0],
							"lerp_mode": "catmullrom"
						},
						"0.125": {
							"post": [0, -0.06875, 0],
							"lerp_mode": "catmullrom"
						},
						"0.1667": {
							"post": [0.07, 0, 0],
							"lerp_mode": "catmullrom"
						},
						"0.2083": {
							"post": [0, 0, 0],
							"lerp_mode": "catmullrom"
						}
					}
				},
				"dianji2": {
					"rotation": {
						"0.4167": [0, 0, 0],
						"0.4792": [-29.55, 0, 0],
						"0.8125": [-333.91, 0, 0],
						"0.875": [-360, 0, 0]
					}
				}
			},
			"sound_effects": {
				"0.0": {
					"effect": "526341955.wem"
				},
				"0.2292": {
					"effect": "89793099.wem"
				}
			}
		},
		"reload_tactical": {
			"animation_length": 3.8333,
			"bones": {
				"root": {
					"rotation": {
						"0.0": {
							"post": [0, 0, 0],
							"lerp_mode": "catmullrom"
						},
						"0.0833": {
							"post": [-5.4, -6.12, 8],
							"lerp_mode": "catmullrom"
						},
						"0.2083": {
							"post": [-8.1, -8.5, 10],
							"lerp_mode": "catmullrom"
						},
						"0.5": {
							"post": [-7.5, -8.5, 10],
							"lerp_mode": "catmullrom"
						},
						"0.8333": {
							"post": [-7.92, -8.17, 10.75],
							"lerp_mode": "catmullrom"
						},
						"1.0417": {
							"post": [-8.26, -10.44, 12.44],
							"lerp_mode": "catmullrom"
						},
						"1.1667": {
							"post": [-4.17284, -11.29478, 12.85035],
							"lerp_mode": "catmullrom"
						},
						"1.375": {
							"post": [-6.04, -6, 9],
							"lerp_mode": "catmullrom"
						},
						"1.5417": {
							"post": [-8.5, -9.5, 10],
							"lerp_mode": "catmullrom"
						},
						"1.7917": {
							"post": [-3.58, -15.66, 5.17],
							"lerp_mode": "catmullrom"
						},
						"2.0": {
							"post": [-4.7, -15.1, 6.1],
							"lerp_mode": "catmullrom"
						},
						"2.125": {
							"post": [-4.39, -14.95, 5.85],
							"lerp_mode": "catmullrom"
						},
						"2.4167": {
							"post": [-4.34, -14.38, 6.01],
							"lerp_mode": "catmullrom"
						},
						"2.5833": {
							"post": [-3.51, -11.35, 7.18],
							"lerp_mode": "catmullrom"
						},
						"2.75": {
							"post": [-5.34, -12.38, 10.01],
							"lerp_mode": "catmullrom"
						},
						"3.0833": {
							"post": [-7.5, -12.97, 10.81],
							"lerp_mode": "catmullrom"
						},
						"3.2083": {
							"post": [-4.87, -12.09, 8.51],
							"lerp_mode": "catmullrom"
						},
						"3.375": {
							"post": [-8.5, -12.5, 11],
							"lerp_mode": "catmullrom"
						},
						"3.5": {
							"post": [-0.89, -15.02, 9.82],
							"lerp_mode": "catmullrom"
						},
						"3.7083": {
							"post": [-2.1, 0, 0],
							"lerp_mode": "catmullrom"
						},
						"3.8333": {
							"post": [0.4, -0.3, 0.6],
							"lerp_mode": "catmullrom"
						},
						"3.9583": {
							"post": [0, 0, 0],
							"lerp_mode": "catmullrom"
						}
					},
					"position": {
						"0.0": [0, 0, 0],
						"0.0833": [-1, -1, 1],
						"0.8333": [-1, -1, 1],
						"3.4167": [-1, -1, 1],
						"3.625": [0, 0, 0]
					}
				},
				"constraint": {
					"rotation": [0.2, 0.2, 0.4],
					"position": [0.1, 0.1, 0.1]
				},
				"lefthand_and_mag": {
					"rotation": {
						"1.2917": [0, 0, 0],
						"1.375": [0, 0, 12.5],
						"1.75": [0, 0, 12.5],
						"1.9167": [25.68482, -10.17781, 32.67393],
						"2.2083": [5.15995, 5.42981, 7.20304],
						"2.2917": [0, 0, 0],
						"2.4167": [0, 0, 0],
						"2.4583": [0, 0, 0]
					},
					"position": {
						"1.2083": [0, 0, 0],
						"1.2917": [0, 3, 0],
						"1.375": [-1, 4, 0],
						"1.75": [-1, 4, 0],
						"1.7917": [10.39785, -13.89103, 0],
						"1.9167": [10.4, -0.89, -4],
						"2.0": [9.32, 1.42, -3.2],
						"2.0833": [7.24, 3.13, -2.4],
						"2.1667": [4.16, 3.64, -1.6],
						"2.2083": [1.38, 2.82, -0.8],
						"2.2917": [0, 1.25, 0],
						"2.4167": [0, 0, 0],
						"2.4583": [0, 0, 0]
					}
				},
				"mag_and_bullet": {
					"rotation": {
						"1.375": [0, 0, 0],
						"1.5833": [-17.5, 0, 7.5],
						"1.75": [-17.5, 0, 7.5],
						"1.7917": [0, 0, 0]
					},
					"position": {
						"1.375": [0, 0, 0],
						"1.4167": [-1.4, -0.6, 0.7],
						"1.5": [-2.6, -2.5, 2.3],
						"1.5417": [-3.47, -4.95, 4.55],
						"1.5833": [-4.35, -7.4, 7.4],
						"1.6667": [-6.85, -16.4, 14.4],
						"1.75": [-9.35, -29.4, 22.4],
						"1.7917": [0, 0, 0]
					}
				},
				"lefthand": {
					"rotation": {
						"0.0": [90.4533, -389.73135, -129.57361],
						"0.2083": [125.22797, -387.10059, -155.03276],
						"0.4583": [134.36294, -359.35146, -262.38218],
						"0.5417": [134.36294, -359.35146, -262.38218],
						"0.75": [105.19787, -385.76198, -207.43721],
						"0.9167": [85.90711, -404.35935, -173.01643],
						"0.9583": [85.90711, -404.35935, -173.01643],
						"1.1667": [155.20304, -357.98503, -258.88358],
						"1.2917": [155.2, -357.99, -258.88],
						"1.375": [155.48731, -356.05835, -254.65189],
						"1.5": [155.21447, -362.19217, -267.95628],
						"1.625": [184.69196, -406.18092, -288.75717],
						"1.75": [184.69, -406.18, -288.76],
						"1.7917": [183.24625, -361.27395, -285.4447],
						"2.0": [168.89521, -363.19605, -240.44753],
						"2.2083": [127.67749, -354.48798, -256.86354],
						"2.4583": [147.67749, -354.48798, -256.86354],
						"2.5417": [112.0162, -386.05499, -213.88078],
						"2.7083": [85.90711, -404.35935, -173.01643],
						"2.7917": [85.90711, -404.35935, -173.01643],
						"3.1667": [134.36294, -359.35146, -262.38218],
						"3.2083": [134.36294, -359.35146, -262.38218],
						"3.4583": [125.22797, -387.10059, -155.03276],
						"3.6667": [90.4533, -389.73135, -129.57361]
					},
					"position": {
						"0.0": [7.4, -14.7, -4.5],
						"0.2083": [14.4, -12.7, -0.5],
						"0.3333": [14.73, -8.7, 0.17],
						"0.4583": [7.4, -6.7, 0.5],
						"0.5417": [7.4, -6.7, 0.5],
						"0.75": [8.3, -5.26, -0.28],
						"0.9167": [7.4, -6.7, -3.5],
						"0.9583": [7.4, -6.7, -3.5],
						"1.0417": [9.4, -6.7, -1.1],
						"1.1667": [7.4, -6.7, 2.5],
						"1.2917": [7.4, -6.7, 2.5],
						"1.375": [8.26, -6.27, 2.5],
						"1.5": [13.00191, -11.19601, 3.5],
						"1.625": [17.13152, -19.51037, 7.5],
						"1.75": [17.13, -19.51, 7.5],
						"1.7917": [6.13, -6.51, 2.5],
						"2.0": [8.13, -7.51, 2.5],
						"2.2083": [8.13, -7.51, 2.5],
						"2.4583": [7.13, -6.51, 2.5],
						"2.5417": [9.13, -6.13, -0.5],
						"2.625": [9.13, -5.94, -2],
						"2.7083": [7.4, -5.7, -3.5],
						"2.7917": [7.4, -5.7, -3.5],
						"3.0": [7.9, -5.26, -0.28],
						"3.1667": [7.4, -6.7, 0.5],
						"3.2083": [7.4, -6.7, 0.5],
						"3.3333": [14.73, -8.7, 0.17],
						"3.4583": [14.4, -12.7, -0.5],
						"3.6667": [7.4, -14.7, -4.5]
					},
					"scale": {
						"0.0": [1, 1.5, 1],
						"3.6667": [1, 1.5, 1]
					}
				},
				"shang_gan_zi": {
					"rotation": {
						"0.4583": [0, 0, 0],
						"0.5417": [0, 0, 0],
						"0.9167": [90, 0, 0],
						"0.9583": [90, 0, 0],
						"2.7083": [90, 0, 0],
						"2.7917": [90, 0, 0],
						"3.125": [0, 0, 0],
						"3.2083": [0, 0, 0]
					}
				},
				"righthand": {
					"rotation": [100.03742, 4.92385, -179.12962],
					"position": [-6.8, -14.2, 7.4],
					"scale": [1, 1.5, 1]
				},
				"camera": {
					"rotation": {
						"0.0": {
							"post": [0, 0, 0],
							"lerp_mode": "catmullrom"
						},
						"0.2083": {
							"post": [1.4, 1.2, -0.1],
							"lerp_mode": "catmullrom"
						},
						"0.4167": {
							"post": [1.36, 1.21, 0.43],
							"lerp_mode": "catmullrom"
						},
						"0.5417": {
							"post": [1.9474, 1.092, 0.455],
							"lerp_mode": "catmullrom"
						},
						"0.625": {
							"post": [1.82, 1.092, 0.455],
							"lerp_mode": "catmullrom"
						},
						"0.75": {
							"post": [1.419, 1.092, 0.455],
							"lerp_mode": "catmullrom"
						},
						"0.875": {
							"post": [1.8376, 1.1011, 0.3913],
							"lerp_mode": "catmullrom"
						},
						"1.125": {
							"post": [2.16, 1.21, 0.43],
							"lerp_mode": "catmullrom"
						},
						"1.2917": {
							"post": [2.26, 1.21, 0.43],
							"lerp_mode": "catmullrom"
						},
						"1.4167": {
							"post": [1.06, 1.21, 0.43],
							"lerp_mode": "catmullrom"
						},
						"1.5417": {
							"post": [1.66, 1.21, 0.43],
							"lerp_mode": "catmullrom"
						},
						"1.7083": {
							"post": [1.36, 1.21, 0.43],
							"lerp_mode": "catmullrom"
						},
						"1.875": {
							"post": [3.36, -1.79, 0.63],
							"lerp_mode": "catmullrom"
						},
						"2.2083": {
							"post": [3.36, -2.49, 0.63],
							"lerp_mode": "catmullrom"
						},
						"2.375": {
							"post": [2.52, -1.33, 0.64],
							"lerp_mode": "catmullrom"
						},
						"2.5833": {
							"post": [3.96, -0.49, -0.57],
							"lerp_mode": "catmullrom"
						},
						"2.7917": {
							"post": [2.03, 0.3, 0.54],
							"lerp_mode": "catmullrom"
						},
						"2.9167": {
							"post": [1.36, 1.21, 0.43],
							"lerp_mode": "catmullrom"
						},
						"3.125": {
							"post": [1.76, 1.21, 0.43],
							"lerp_mode": "catmullrom"
						},
						"3.2083": {
							"post": [1.11, 1.21, 0.43],
							"lerp_mode": "catmullrom"
						},
						"3.2917": {
							"post": [1.06, 1.21, 0.43],
							"lerp_mode": "catmullrom"
						},
						"3.4167": {
							"post": [2.36, 1.21, 0.43],
							"lerp_mode": "catmullrom"
						},
						"3.75": {
							"post": [0, 0, 0],
							"lerp_mode": "catmullrom"
						}
					},
					"position": [0, 0, 0]
				}
			},
			"sound_effects": {
				"0.5": {
					"effect": "zeta:crossbow/reload1"
				},
				"2.375": {
					"effect": "zeta:crossbow/reload2"
				},
				"3.0": {
					"effect": "zeta:crossbow/reload3"
				}
			}
		},
		"draw": {
			"loop": "hold_on_last_frame",
			"animation_length": 0.75,
			"bones": {
				"root": {
					"rotation": {
						"0.0": {
							"post": [36.5349, -61.24192, 49.96861],
							"lerp_mode": "catmullrom"
						},
						"0.1667": {
							"post": [37.90361, -50.06908, 11.46623],
							"lerp_mode": "catmullrom"
						},
						"0.3333": {
							"post": [17.99, -23.81, 3.3],
							"lerp_mode": "catmullrom"
						},
						"0.5": {
							"post": [-7.3, 3.4, -2.8],
							"lerp_mode": "catmullrom"
						},
						"0.6667": {
							"post": [0, 0, 0],
							"lerp_mode": "catmullrom"
						},
						"0.75": {
							"post": [0.9, -0.6, -0.6625],
							"lerp_mode": "catmullrom"
						},
						"0.8333": {
							"post": [0, 0, 0],
							"lerp_mode": "catmullrom"
						}
					},
					"position": {
						"0.0": {
							"post": [8, -15, -3.8],
							"lerp_mode": "catmullrom"
						},
						"0.1667": {
							"post": [4, -5.5, -8],
							"lerp_mode": "catmullrom"
						},
						"0.5": {
							"post": [0, 0, 0],
							"lerp_mode": "catmullrom"
						}
					}
				},
				"constraint": {
					"rotation": [0.2, 0.2, 0.4],
					"position": [0.1, 0.1, 0.1]
				},
				"lefthand": {
					"rotation": {
						"0.0": [117.95427, -370.57011, -199.59125],
						"0.4583": [90.4533, -389.73135, -129.57361]
					},
					"position": {
						"0.0": [17.4, -19.7, 2.5],
						"0.125": [17.4, -19.7, 2.5],
						"0.4583": [7.4, -14.7, -4.5]
					},
					"scale": {
						"0.0": [1, 1.5, 1],
						"0.4583": [1, 1.5, 1]
					}
				},
				"righthand": {
					"rotation": {
						"0.0": [122.53742, 4.92385, -179.12962],
						"0.5": [100.03742, 4.92385, -179.12962]
					},
					"position": {
						"0.0": [-6.8, -14.2, 7.4],
						"0.5": [-6.8, -14.2, 7.4]
					},
					"scale": {
						"0.0": [1, 1.5, 1],
						"0.5": [1, 1.5, 1]
					}
				},
				"camera": {
					"rotation": {
						"0.0": {
							"post": [0, 0, 0],
							"lerp_mode": "catmullrom"
						},
						"0.125": {
							"post": [4.8, -3, 0],
							"lerp_mode": "catmullrom"
						},
						"0.25": {
							"post": [3.17, -2.86, 0],
							"lerp_mode": "catmullrom"
						},
						"0.4167": {
							"post": [0, 0, 0],
							"lerp_mode": "catmullrom"
						},
						"0.5417": {
							"post": [-1.53, 1.01, 0],
							"lerp_mode": "catmullrom"
						},
						"0.75": {
							"post": [0, 0, 0],
							"lerp_mode": "catmullrom"
						}
					}
				}
			},
			"sound_effects": {
				"0.0833": {
					"effect": "zeta:crossbow/inspect_end"
				}
			}
		},
		"put_away": {
			"loop": "hold_on_last_frame",
			"animation_length": 0.6667,
			"bones": {
				"root": {
					"rotation": {
						"0.0": {
							"post": [0, 0, 0],
							"lerp_mode": "catmullrom"
						},
						"0.125": {
							"post": [-0.04, -14.18, 0.85],
							"lerp_mode": "catmullrom"
						},
						"0.25": {
							"post": [2.89, -34.81, 3.3],
							"lerp_mode": "catmullrom"
						},
						"0.4583": {
							"post": [26.40361, -58.06908, 19.46623],
							"lerp_mode": "catmullrom"
						},
						"0.6667": {
							"post": [22.3349, -49.24192, 49.96861],
							"lerp_mode": "catmullrom"
						}
					},
					"position": {
						"0.0": {
							"post": [0, 0, 0],
							"lerp_mode": "catmullrom"
						},
						"0.125": {
							"post": [0.22, 0.92, 0.89],
							"lerp_mode": "catmullrom"
						},
						"0.4583": {
							"post": [1.6, -3.9, -3.7],
							"lerp_mode": "catmullrom"
						},
						"0.6667": {
							"post": [4.6, -15, -2.4],
							"lerp_mode": "catmullrom"
						}
					}
				},
				"constraint": {
					"rotation": [0.2, 0.2, 0.4],
					"position": [0.1, 0.1, 0.1]
				},
				"lefthand": {
					"rotation": {
						"0.0": [90.4533, -389.73135, -129.57361],
						"0.375": [117.95427, -370.57011, -199.59125]
					},
					"position": {
						"0.0": {
							"post": [7.4, -14.7, -4.5],
							"lerp_mode": "catmullrom"
						},
						"0.25": {
							"post": [17.4, -19.7, 2.5],
							"lerp_mode": "catmullrom"
						},
						"0.375": {
							"post": [17.4, -19.7, 2.5],
							"lerp_mode": "catmullrom"
						}
					},
					"scale": {
						"0.0": [1, 1.5, 1],
						"0.375": [1, 1.5, 1]
					}
				},
				"righthand": {
					"rotation": {
						"0.1667": [100.03742, 4.92385, -179.12962],
						"0.5417": [122.53742, 4.92385, -179.12962]
					},
					"position": {
						"0.1667": [-6.8, -14.2, 7.4],
						"0.5417": [-6.8, -14.2, 7.4]
					},
					"scale": {
						"0.1667": [1, 1.5, 1],
						"0.5417": [1, 1.5, 1]
					}
				},
				"camera": {
					"rotation": {
						"0.0": {
							"post": [0, 0, 0],
							"lerp_mode": "catmullrom"
						},
						"0.1667": {
							"post": [1.67, -2.86, 0],
							"lerp_mode": "catmullrom"
						},
						"0.4167": {
							"post": [4.8, -3, 0],
							"lerp_mode": "catmullrom"
						},
						"0.625": {
							"post": [0, 0, 0],
							"lerp_mode": "catmullrom"
						}
					}
				}
			},
			"sound_effects": {
				"0.0": {
					"effect": "zeta:crossbow/put_away"
				}
			}
		},
		"inspect": {
			"animation_length": 6.5,
			"bones": {
				"root": {
					"rotation": {
						"0.0": {
							"post": [0, 0, 0],
							"lerp_mode": "catmullrom"
						},
						"0.0833": {
							"post": [-12.4, -10.12, 8],
							"lerp_mode": "catmullrom"
						},
						"0.2083": {
							"post": [-15.1, -12.5, 10],
							"lerp_mode": "catmullrom"
						},
						"0.5833": {
							"post": [-14.5, -12.5, 10],
							"lerp_mode": "catmullrom"
						},
						"0.75": {
							"post": [-13.75, -12.42, 10.17],
							"lerp_mode": "catmullrom"
						},
						"0.9583": {
							"post": [-14.11, -12.34, 10.36],
							"lerp_mode": "catmullrom"
						},
						"1.1667": {
							"post": [-13.7475, -12.34, 10.36],
							"lerp_mode": "catmullrom"
						},
						"2.1667": {
							"post": [-13.75, -11.34, 9.36],
							"lerp_mode": "catmullrom"
						},
						"2.4583": {
							"post": [-14.25, -25.34, 10.86],
							"lerp_mode": "catmullrom"
						},
						"2.625": {
							"post": [-11.62, -41.97, 8],
							"lerp_mode": "catmullrom"
						},
						"2.875": {
							"post": [-6.27, -64.24, 2],
							"lerp_mode": "catmullrom"
						},
						"3.0417": {
							"post": [-3.25, -76.34, -1.24],
							"lerp_mode": "catmullrom"
						},
						"3.2917": {
							"post": [-3.25, -82.24, 0.06],
							"lerp_mode": "catmullrom"
						},
						"4.25": {
							"post": [-3.25, -76.34, 0.06],
							"lerp_mode": "catmullrom"
						},
						"4.75": {
							"post": [-53.47139, 26.59558, 92.47572],
							"lerp_mode": "catmullrom"
						},
						"6.0": {
							"post": [-53.47139, 26.59558, 92.47572],
							"lerp_mode": "catmullrom"
						},
						"6.5": {
							"post": [0, 0, 0],
							"lerp_mode": "catmullrom"
						}
					},
					"position": {
						"0.0": {
							"post": [0, 0, 0],
							"lerp_mode": "catmullrom"
						},
						"0.0833": {
							"post": [-1, -2, 0.8],
							"lerp_mode": "catmullrom"
						},
						"0.1667": {
							"post": [-1.06, -2.06, 3.68],
							"lerp_mode": "catmullrom"
						},
						"0.3333": {
							"post": [-1.05, -2.05, 3.92],
							"lerp_mode": "catmullrom"
						},
						"0.7917": {
							"post": [-1, -2, 4],
							"lerp_mode": "catmullrom"
						},
						"1.4583": {
							"post": [-1, -2, 4],
							"lerp_mode": "catmullrom"
						},
						"1.7917": {
							"post": [-0.41, -2.29, 3.3],
							"lerp_mode": "catmullrom"
						},
						"1.9583": [-0.32, -2.34, 3.6],
						"2.125": [-1, -2, 3],
						"3.0": {
							"pre": [-7, 1, -6],
							"post": [-7, 1, -6],
							"lerp_mode": "catmullrom"
						},
						"3.6667": {
							"post": [-7.54, 1.44, -6.72],
							"lerp_mode": "catmullrom"
						},
						"4.25": {
							"post": [-7, 1, -6],
							"lerp_mode": "catmullrom"
						},
						"4.75": {
							"post": [-4, -6, 0],
							"lerp_mode": "catmullrom"
						},
						"6.0": {
							"post": [-4, -6, 0],
							"lerp_mode": "catmullrom"
						},
						"6.5": {
							"post": [0, 0, 0],
							"lerp_mode": "catmullrom"
						}
					}
				},
				"constraint": {
					"rotation": [0.2, 0.2, 0.4],
					"position": [0.1, 0.1, 0.1]
				},
				"lefthand": {
					"rotation": {
						"0.0": [90.4533, -389.73135, -129.57361],
						"0.2083": [125.22797, -387.10059, -155.03276],
						"0.4583": [134.36294, -359.35146, -262.38218],
						"0.5417": [134.36294, -359.35146, -262.38218],
						"0.75": [105.19787, -385.76198, -207.43721],
						"0.9167": [85.90711, -404.35935, -173.01643],
						"0.9583": [85.90711, -404.35935, -173.01643],
						"1.5417": [85.90711, -404.35935, -173.01643],
						"1.5833": [85.90711, -404.35935, -173.01643],
						"1.75": [105.19787, -385.76198, -207.43721],
						"1.9583": [134.36294, -359.35146, -262.38218],
						"2.0417": [134.36294, -359.35146, -262.38218],
						"2.2917": [125.22797, -387.10059, -155.03276],
						"2.5": {
							"pre": [90.4533, -389.73135, -129.57361],
							"post": [90.4533, -389.73135, -129.57361],
							"lerp_mode": "catmullrom"
						},
						"3.0417": {
							"post": [17.891, -392.49402, -46.24516],
							"lerp_mode": "catmullrom"
						},
						"4.0417": {
							"post": [17.891, -392.49402, -46.24516],
							"lerp_mode": "catmullrom"
						},
						"4.25": {
							"post": [17.891, -392.49402, -46.24516],
							"lerp_mode": "catmullrom"
						},
						"4.625": {
							"post": [55.20178, -376.72222, -229.374],
							"lerp_mode": "catmullrom"
						},
						"4.7917": {
							"post": [42.70178, -376.72222, -229.374],
							"lerp_mode": "catmullrom"
						},
						"5.875": {
							"post": [42.70178, -376.72222, -229.374],
							"lerp_mode": "catmullrom"
						},
						"6.0417": {
							"post": [38.26965, -382.3256, -203.18563],
							"lerp_mode": "catmullrom"
						},
						"6.25": [65.61951, -387.21575, -141.33069],
						"6.4167": [90.4533, -389.73135, -129.57361]
					},
					"position": {
						"0.0": [7.4, -14.7, -4.5],
						"0.2083": [14.4, -12.7, -0.5],
						"0.3333": [14.73, -8.7, 0.17],
						"0.4583": [7.4, -6.7, 0.5],
						"0.5417": [7.4, -6.7, 0.5],
						"0.75": [8.3, -5.26, -0.28],
						"0.9167": [7.4, -6.7, -3.5],
						"0.9583": [7.4, -6.7, -3.5],
						"1.5417": [7.4, -6.7, -3.5],
						"1.5833": [7.4, -6.7, -3.5],
						"1.75": [8.3, -5.26, -0.28],
						"1.9583": [7.4, -6.7, 0.5],
						"2.0417": [7.4, -6.7, 0.5],
						"2.1667": [14.73, -8.7, 0.17],
						"2.2917": [14.4, -12.7, -0.5],
						"2.5": {
							"pre": [7.4, -14.7, -4.5],
							"post": [7.4, -14.7, -4.5],
							"lerp_mode": "catmullrom"
						},
						"3.0417": {
							"post": [4.88, -14.85, -2.8],
							"lerp_mode": "catmullrom"
						},
						"4.0417": {
							"post": [4.88, -14.85, -2.8],
							"lerp_mode": "catmullrom"
						},
						"4.25": {
							"post": [4.88, -14.85, -2.8],
							"lerp_mode": "catmullrom"
						},
						"4.4167": {
							"post": [8.33, -15.13, -4.09],
							"lerp_mode": "catmullrom"
						},
						"4.5417": {
							"post": [12.33, -12.47, -5.22],
							"lerp_mode": "catmullrom"
						},
						"4.625": {
							"post": [12.88, -10.85, -5.8],
							"lerp_mode": "catmullrom"
						},
						"4.7917": {
							"post": [12.88, -10.85, -5.8],
							"lerp_mode": "catmullrom"
						},
						"5.875": {
							"post": [12.88, -10.85, -5.8],
							"lerp_mode": "catmullrom"
						},
						"6.0417": {
							"post": [12.52, -12.51, -5.24],
							"lerp_mode": "catmullrom"
						},
						"6.25": [14.31, -15.96, -1.75],
						"6.4167": [7.4, -14.7, -4.5]
					},
					"scale": {
						"0.0": [1, 1.5, 1],
						"2.5": {
							"pre": [1, 1.5, 1],
							"post": [1, 1.5, 1],
							"lerp_mode": "catmullrom"
						},
						"6.4167": [1, 1.5, 1]
					}
				},
				"shang_gan_zi": {
					"rotation": {
						"0.4583": [0, 0, 0],
						"0.5417": [0, 0, 0],
						"0.9167": [90, 0, 0],
						"0.9583": [90, 0, 0],
						"1.5417": [90, 0, 0],
						"1.5833": [90, 0, 0],
						"1.9583": [0, 0, 0],
						"2.0417": [0, 0, 0]
					}
				},
				"righthand": {
					"rotation": {
						"0.0": [100.03742, 4.92385, -179.12962],
						"2.5417": [100.04, 4.92, -179.13],
						"3.1667": [102.96655, -39.27684, -188.2933],
						"4.2083": [102.96655, -39.27684, -188.2933],
						"5.0": [100.04, 4.92, -179.13]
					},
					"position": {
						"0.0": [-6.8, -14.2, 7.4],
						"2.5417": [-6.8, -14.2, 7.4],
						"3.1667": [-6.8, -14.2, 9.65],
						"4.2083": [-6.8, -14.2, 9.65],
						"5.0": [-6.8, -14.2, 7.4]
					},
					"scale": [1, 1.5, 1]
				},
				"camera": {
					"rotation": {
						"0.0": {
							"post": [0, 0, 0],
							"lerp_mode": "catmullrom"
						},
						"0.2083": {
							"post": [5.4, 1.2, -0.1],
							"lerp_mode": "catmullrom"
						},
						"0.4167": {
							"post": [5.36, 1.21, 0.43],
							"lerp_mode": "catmullrom"
						},
						"0.5417": {
							"post": [5.9474, 1.092, 0.455],
							"lerp_mode": "catmullrom"
						},
						"0.625": {
							"post": [5.82, 1.092, 0.455],
							"lerp_mode": "catmullrom"
						},
						"0.75": {
							"post": [5.419, 1.092, 0.455],
							"lerp_mode": "catmullrom"
						},
						"0.875": {
							"post": [5.8376, 1.1011, 0.3913],
							"lerp_mode": "catmullrom"
						},
						"1.4583": {
							"post": [5.84, 1.1, 0.39],
							"lerp_mode": "catmullrom"
						},
						"1.625": {
							"post": [4.84, 1.4, 0.39],
							"lerp_mode": "catmullrom"
						},
						"1.8333": {
							"post": [4.95, 0.95, 0.39],
							"lerp_mode": "catmullrom"
						},
						"2.0": {
							"post": [7.54, 1.1, 0.39],
							"lerp_mode": "catmullrom"
						},
						"2.1667": {
							"post": [4.54, 1.1, 0.39],
							"lerp_mode": "catmullrom"
						},
						"2.3333": {
							"post": [6.24, 1.1, 0.39],
							"lerp_mode": "catmullrom"
						},
						"2.5417": {
							"post": [6.94, 1.1, 0.39],
							"lerp_mode": "catmullrom"
						},
						"2.6667": {
							"post": [6.94, -0.2, 0.39],
							"lerp_mode": "catmullrom"
						},
						"3.1667": {
							"post": [6.94, -2.9, 0.39],
							"lerp_mode": "catmullrom"
						},
						"3.625": [6.94, 12.1, 0.39],
						"3.9167": [6.94, 12.1, 0.39],
						"4.4167": {
							"pre": [12.94, 3.1, 0.39],
							"post": [12.94, 3.1, 0.39],
							"lerp_mode": "catmullrom"
						},
						"4.9583": {
							"post": [22.28, 2.59, 0.39],
							"lerp_mode": "catmullrom"
						},
						"5.7917": {
							"post": [19.94, 3.1, 0.39],
							"lerp_mode": "catmullrom"
						},
						"6.375": {
							"post": [0, 0, 0],
							"lerp_mode": "catmullrom"
						}
					}
				}
			},
			"sound_effects": {
				"0.0": {
					"effect": "zeta:crossbow/inspect_end"
				},
				"0.4583": {
					"effect": "zeta:crossbow/open"
				},
				"1.75": {
					"effect": "zeta:crossbow/close"
				},
				"2.5": {
					"effect": "zeta:crossbow/inspect_raise"
				},
				"4.5": {
					"effect": "zeta:crossbow/inspect_quick"
				},
				"5.75": {
					"effect": "zeta:crossbow/inspect_armin"
				},
				"6.25": {
					"effect": "zeta:crossbow/inspect_end"
				}
			}
		},
		"static_bolt_caught": {
			"loop": true,
			"bones": {
				"constraint": {
					"rotation": [0.2, 0.2, 0.4],
					"position": [0.1, 0.1, 0.1]
				},
				"lefthand": {
					"rotation": [90.4533, -389.73135, -129.57361],
					"position": [7.4, -14.7, -4.5],
					"scale": [1, 1.5, 1]
				},
				"righthand": {
					"rotation": [100.03742, 4.92385, -179.12962],
					"position": [-6.8, -14.2, 7.4],
					"scale": [1, 1.5, 1]
				},
				"arrow1": {
					"scale": 0
				},
				"arrow2": {
					"scale": 0
				},
				"arrow3": {
					"scale": 0
				},
				"arrow4": {
					"scale": 0
				},
				"arrow5": {
					"scale": 0
				},
				"shang_gan_zi": {
					"rotation": [-5, 0, 0]
				}
			}
		},
		"reload_empty": {
			"animation_length": 3.8333,
			"bones": {
				"root": {
					"rotation": {
						"0.0": {
							"post": [0, 0, 0],
							"lerp_mode": "catmullrom"
						},
						"0.0833": {
							"post": [-5.4, -6.12, 8],
							"lerp_mode": "catmullrom"
						},
						"0.2083": {
							"post": [-8.1, -8.5, 10],
							"lerp_mode": "catmullrom"
						},
						"0.5": {
							"post": [-7.5, -8.5, 10],
							"lerp_mode": "catmullrom"
						},
						"0.8333": {
							"post": [-7.92, -8.17, 10.75],
							"lerp_mode": "catmullrom"
						},
						"1.0417": {
							"post": [-8.26, -10.44, 12.44],
							"lerp_mode": "catmullrom"
						},
						"1.1667": {
							"post": [-4.17284, -11.29478, 12.85035],
							"lerp_mode": "catmullrom"
						},
						"1.375": {
							"post": [-6.04, -6, 9],
							"lerp_mode": "catmullrom"
						},
						"1.5417": {
							"post": [-8.5, -9.5, 10],
							"lerp_mode": "catmullrom"
						},
						"1.7917": {
							"post": [-3.58, -15.66, 5.17],
							"lerp_mode": "catmullrom"
						},
						"2.0": {
							"post": [-4.7, -15.1, 6.1],
							"lerp_mode": "catmullrom"
						},
						"2.125": {
							"post": [-4.39, -14.95, 5.85],
							"lerp_mode": "catmullrom"
						},
						"2.4167": {
							"post": [-4.34, -14.38, 6.01],
							"lerp_mode": "catmullrom"
						},
						"2.5833": {
							"post": [-3.51, -11.35, 7.18],
							"lerp_mode": "catmullrom"
						},
						"2.75": {
							"post": [-5.34, -12.38, 10.01],
							"lerp_mode": "catmullrom"
						},
						"3.0833": {
							"post": [-7.5, -12.97, 10.81],
							"lerp_mode": "catmullrom"
						},
						"3.2083": {
							"post": [-4.87, -12.09, 8.51],
							"lerp_mode": "catmullrom"
						},
						"3.375": {
							"post": [-8.5, -12.5, 11],
							"lerp_mode": "catmullrom"
						},
						"3.5": {
							"post": [-0.89, -15.02, 9.82],
							"lerp_mode": "catmullrom"
						},
						"3.7083": {
							"post": [-2.1, 0, 0],
							"lerp_mode": "catmullrom"
						},
						"3.8333": {
							"post": [0.4, -0.3, 0.6],
							"lerp_mode": "catmullrom"
						},
						"3.9583": {
							"post": [0, 0, 0],
							"lerp_mode": "catmullrom"
						}
					},
					"position": {
						"0.0": [0, 0, 0],
						"0.0833": [-1, -1, 1],
						"0.8333": [-1, -1, 1],
						"3.4167": [-1, -1, 1],
						"3.625": [0, 0, 0]
					}
				},
				"constraint": {
					"rotation": [0.2, 0.2, 0.4],
					"position": [0.1, 0.1, 0.1]
				},
				"lefthand_and_mag": {
					"rotation": {
						"1.2917": [0, 0, 0],
						"1.375": [0, 0, 12.5],
						"1.75": [0, 0, 12.5],
						"1.9167": [25.68482, -10.17781, 32.67393],
						"2.2083": [5.15995, 5.42981, 7.20304],
						"2.2917": [0, 0, 0],
						"2.4167": [0, 0, 0],
						"2.4583": [0, 0, 0]
					},
					"position": {
						"1.2083": [0, 0, 0],
						"1.2917": [0, 3, 0],
						"1.375": [-1, 4, 0],
						"1.75": [-1, 4, 0],
						"1.7917": [10.39785, -13.89103, 0],
						"1.9167": [10.4, -0.89, -4],
						"2.0": [9.32, 1.42, -3.2],
						"2.0833": [7.24, 3.13, -2.4],
						"2.1667": [4.16, 3.64, -1.6],
						"2.2083": [1.38, 2.82, -0.8],
						"2.2917": [0, 1.25, 0],
						"2.4167": [0, 0, 0],
						"2.4583": [0, 0, 0]
					}
				},
				"mag_and_bullet": {
					"rotation": {
						"1.375": [0, 0, 0],
						"1.5833": [-17.5, 0, 7.5],
						"1.75": [-17.5, 0, 7.5],
						"1.7917": [0, 0, 0]
					},
					"position": {
						"1.375": [0, 0, 0],
						"1.4167": [-1.4, -0.6, 0.7],
						"1.5": [-2.6, -2.5, 2.3],
						"1.5417": [-3.47, -4.95, 4.55],
						"1.5833": [-4.35, -7.4, 7.4],
						"1.6667": [-6.85, -16.4, 14.4],
						"1.75": [-9.35, -29.4, 22.4],
						"1.7917": [0, 0, 0]
					}
				},
				"lefthand": {
					"rotation": {
						"0.0": [90.4533, -389.73135, -129.57361],
						"0.2083": [125.22797, -387.10059, -155.03276],
						"0.4583": [134.36294, -367.55146, -262.38218],
						"0.5417": [134.36294, -375.75146, -234.28218],
						"0.75": [105.19787, -385.76198, -207.43721],
						"0.9167": [85.90711, -404.35935, -173.01643],
						"0.9583": [85.90711, -404.35935, -173.01643],
						"1.1667": [155.20304, -357.98503, -258.88358],
						"1.2917": [155.2, -357.99, -258.88],
						"1.375": [155.48731, -356.05835, -254.65189],
						"1.5": [155.21447, -362.19217, -267.95628],
						"1.625": [184.69196, -406.18092, -288.75717],
						"1.75": [184.69, -406.18, -288.76],
						"1.7917": [183.24625, -361.27395, -285.4447],
						"2.0": [168.89521, -363.19605, -240.44753],
						"2.2083": [127.67749, -354.48798, -256.86354],
						"2.4583": [147.67749, -354.48798, -256.86354],
						"2.5417": [112.0162, -386.05499, -213.88078],
						"2.7083": [85.90711, -404.35935, -173.01643],
						"2.7917": [85.90711, -404.35935, -173.01643],
						"3.1667": [134.36294, -359.35146, -262.38218],
						"3.2083": [134.36294, -359.35146, -262.38218],
						"3.4583": [125.22797, -387.10059, -155.03276],
						"3.6667": [90.4533, -389.73135, -129.57361]
					},
					"position": {
						"0.0": [7.4, -14.7, -4.5],
						"0.2083": [14.4, -12.7, -0.5],
						"0.3333": [14.73, -8.7, 0.17],
						"0.4583": [7.4, -6.7, -2.5],
						"0.5417": [7.4, -7.4, -2.5],
						"0.75": [8.3, -5.26, -0.28],
						"0.9167": [7.4, -6.7, -3.5],
						"0.9583": [7.4, -6.7, -3.5],
						"1.0417": [9.4, -6.7, -1.1],
						"1.1667": [7.4, -6.7, 2.5],
						"1.2917": [7.4, -6.7, 2.5],
						"1.375": [8.26, -6.27, 2.5],
						"1.5": [13.00191, -11.19601, 3.5],
						"1.625": [17.13152, -19.51037, 7.5],
						"1.75": [17.13, -19.51, 7.5],
						"1.7917": [6.13, -6.51, 2.5],
						"2.0": [8.13, -7.51, 2.5],
						"2.2083": [8.13, -7.51, 2.5],
						"2.4583": [7.13, -6.51, 2.5],
						"2.5417": [9.13, -6.13, -0.5],
						"2.625": [9.13, -5.94, -2],
						"2.7083": [7.4, -5.7, -3.5],
						"2.7917": [7.4, -5.7, -3.5],
						"3.0": [7.9, -5.26, -0.28],
						"3.1667": [7.4, -6.7, 0.5],
						"3.2083": [7.4, -6.7, 0.5],
						"3.3333": [14.73, -8.7, 0.17],
						"3.4583": [14.4, -12.7, -0.5],
						"3.6667": [7.4, -14.7, -4.5]
					},
					"scale": {
						"0.0": [1, 1.5, 1],
						"3.6667": [1, 1.5, 1]
					}
				},
				"shang_gan_zi": {
					"rotation": {
						"0.0": [-5, 0, 0],
						"0.4583": [-5, 0, 0],
						"0.5417": [0, 0, 0],
						"0.9167": [90, 0, 0],
						"0.9583": [90, 0, 0],
						"2.7083": [90, 0, 0],
						"2.7917": [90, 0, 0],
						"3.125": [0, 0, 0],
						"3.2083": [0, 0, 0]
					}
				},
				"righthand": {
					"rotation": [100.03742, 4.92385, -179.12962],
					"position": [-6.8, -14.2, 7.4],
					"scale": [1, 1.5, 1]
				},
				"arrow1": {
					"scale": {
						"0.0": [0, 0, 0],
						"1.75": [0, 0, 0],
						"1.7917": [1, 1, 1]
					}
				},
				"arrow2": {
					"scale": {
						"0.0": [0, 0, 0],
						"1.75": [0, 0, 0],
						"1.7917": [1, 1, 1]
					}
				},
				"arrow3": {
					"scale": {
						"0.0": [0, 0, 0],
						"1.75": [0, 0, 0],
						"1.7917": [1, 1, 1]
					}
				},
				"arrow4": {
					"scale": {
						"0.0": [0, 0, 0],
						"1.75": [0, 0, 0],
						"1.7917": [1, 1, 1]
					}
				},
				"arrow5": {
					"scale": {
						"0.0": [0, 0, 0],
						"1.75": [0, 0, 0],
						"1.7917": [1, 1, 1]
					}
				},
				"camera": {
					"rotation": {
						"0.0": {
							"post": [0, 0, 0],
							"lerp_mode": "catmullrom"
						},
						"0.2083": {
							"post": [1.4, 1.2, -0.1],
							"lerp_mode": "catmullrom"
						},
						"0.4167": {
							"post": [1.36, 1.21, 0.43],
							"lerp_mode": "catmullrom"
						},
						"0.5417": {
							"post": [1.9474, 1.092, 0.455],
							"lerp_mode": "catmullrom"
						},
						"0.625": {
							"post": [1.82, 1.092, 0.455],
							"lerp_mode": "catmullrom"
						},
						"0.75": {
							"post": [1.419, 1.092, 0.455],
							"lerp_mode": "catmullrom"
						},
						"0.875": {
							"post": [1.8376, 1.1011, 0.3913],
							"lerp_mode": "catmullrom"
						},
						"1.125": {
							"post": [2.16, 1.21, 0.43],
							"lerp_mode": "catmullrom"
						},
						"1.2917": {
							"post": [2.26, 1.21, 0.43],
							"lerp_mode": "catmullrom"
						},
						"1.4167": {
							"post": [1.06, 1.21, 0.43],
							"lerp_mode": "catmullrom"
						},
						"1.5417": {
							"post": [1.66, 1.21, 0.43],
							"lerp_mode": "catmullrom"
						},
						"1.7083": {
							"post": [1.36, 1.21, 0.43],
							"lerp_mode": "catmullrom"
						},
						"1.875": {
							"post": [3.36, -1.79, 0.63],
							"lerp_mode": "catmullrom"
						},
						"2.2083": {
							"post": [3.36, -2.49, 0.63],
							"lerp_mode": "catmullrom"
						},
						"2.375": {
							"post": [2.52, -1.33, 0.64],
							"lerp_mode": "catmullrom"
						},
						"2.5833": {
							"post": [3.96, -0.49, -0.57],
							"lerp_mode": "catmullrom"
						},
						"2.7917": {
							"post": [2.03, 0.3, 0.54],
							"lerp_mode": "catmullrom"
						},
						"2.9167": {
							"post": [1.36, 1.21, 0.43],
							"lerp_mode": "catmullrom"
						},
						"3.125": {
							"post": [1.76, 1.21, 0.43],
							"lerp_mode": "catmullrom"
						},
						"3.2083": {
							"post": [1.11, 1.21, 0.43],
							"lerp_mode": "catmullrom"
						},
						"3.2917": {
							"post": [1.06, 1.21, 0.43],
							"lerp_mode": "catmullrom"
						},
						"3.4167": {
							"post": [2.36, 1.21, 0.43],
							"lerp_mode": "catmullrom"
						},
						"3.75": {
							"post": [0, 0, 0],
							"lerp_mode": "catmullrom"
						}
					},
					"position": [0, 0, 0]
				}
			},
			"sound_effects": {
				"0.5": {
					"effect": "zeta:crossbow/reload1"
				},
				"2.375": {
					"effect": "zeta:crossbow/reload2"
				},
				"3.0": {
					"effect": "zeta:crossbow/reload3"
				}
			}
		},
		"static_ammo_display": {
			"loop": "hold_on_last_frame",
			"animation_length": 3,
			"bones": {
				"arrow1": {
					"scale": {
						"0.0": [1, 1, 1],
						"0.5": {"pre": [1, 1, 1], "post": [0, 0, 0]}
					}
				},
				"arrow2": {
					"scale": {
						"0.0": [1, 1, 1],
						"1.0": {"pre": [1, 1, 1], "post": [0, 0, 0]}
					}
				},
				"arrow3": {
					"scale": {
						"0.0": [1, 1, 1],
						"1.5": {"pre": [1, 1, 1], "post": [0, 0, 0]}
					}
				},
				"arrow4": {
					"scale": {
						"0.0": [1, 1, 1],
						"2.0": {"pre": [1, 1, 1], "post": [0, 0, 0]}
					}
				},
				"arrow5": {
					"scale": {
						"0.0": [1, 1, 1],
						"2.5": {"pre": [1, 1, 1], "post": [0, 0, 0]}
					}
				},
				"shang_gan_zi": {
					"rotation": {
						"0.0": [0, 0, 0],
						"2.5": [-5, 0, 0]
					}
				}
			}
		},
		"inspect_empty": {
			"loop": "hold_on_last_frame",
			"animation_length": 6.5833,
			"bones": {
				"root": {
					"rotation": {
						"0.0": {
							"post": [0, 0, 0],
							"lerp_mode": "catmullrom"
						},
						"0.0833": {
							"post": [-12.4, -10.12, 8],
							"lerp_mode": "catmullrom"
						},
						"0.2083": {
							"post": [-15.1, -12.5, 10],
							"lerp_mode": "catmullrom"
						},
						"0.5833": {
							"post": [-14.5, -12.5, 10],
							"lerp_mode": "catmullrom"
						},
						"0.75": {
							"post": [-13.75, -12.42, 10.17],
							"lerp_mode": "catmullrom"
						},
						"0.9583": {
							"post": [-14.11, -12.34, 10.36],
							"lerp_mode": "catmullrom"
						},
						"1.1667": {
							"post": [-13.7475, -12.34, 10.36],
							"lerp_mode": "catmullrom"
						},
						"2.1667": {
							"post": [-13.75, -11.34, 9.36],
							"lerp_mode": "catmullrom"
						},
						"2.4583": {
							"post": [-14.25, -25.34, 10.86],
							"lerp_mode": "catmullrom"
						},
						"2.625": {
							"post": [-11.62, -41.97, 8],
							"lerp_mode": "catmullrom"
						},
						"2.875": {
							"post": [-6.27, -64.24, 2],
							"lerp_mode": "catmullrom"
						},
						"3.0417": {
							"post": [-3.25, -76.34, -1.24],
							"lerp_mode": "catmullrom"
						},
						"3.2917": {
							"post": [-3.25, -82.24, 0.06],
							"lerp_mode": "catmullrom"
						},
						"4.25": {
							"post": [-3.25, -76.34, 0.06],
							"lerp_mode": "catmullrom"
						},
						"4.75": {
							"post": [-53.47139, 26.59558, 92.47572],
							"lerp_mode": "catmullrom"
						},
						"6.0": {
							"post": [-53.47139, 26.59558, 92.47572],
							"lerp_mode": "catmullrom"
						},
						"6.5": {
							"post": [0, 0, 0],
							"lerp_mode": "catmullrom"
						}
					},
					"position": {
						"0.0": {
							"post": [0, 0, 0],
							"lerp_mode": "catmullrom"
						},
						"0.0833": {
							"post": [-1, -2, 0.8],
							"lerp_mode": "catmullrom"
						},
						"0.1667": {
							"post": [-1.06, -2.06, 3.68],
							"lerp_mode": "catmullrom"
						},
						"0.3333": {
							"post": [-1.05, -2.05, 3.92],
							"lerp_mode": "catmullrom"
						},
						"0.7917": {
							"post": [-1, -2, 4],
							"lerp_mode": "catmullrom"
						},
						"1.4583": {
							"post": [-1, -2, 4],
							"lerp_mode": "catmullrom"
						},
						"1.7917": {
							"post": [-0.41, -2.29, 3.3],
							"lerp_mode": "catmullrom"
						},
						"1.9583": [-0.32, -2.34, 3.6],
						"2.125": [-1, -2, 3],
						"3.0": {
							"pre": [-7, 1, -6],
							"post": [-7, 1, -6],
							"lerp_mode": "catmullrom"
						},
						"3.6667": {
							"post": [-7.54, 1.44, -6.72],
							"lerp_mode": "catmullrom"
						},
						"4.25": {
							"post": [-7, 1, -6],
							"lerp_mode": "catmullrom"
						},
						"4.75": {
							"post": [-4, -6, 0],
							"lerp_mode": "catmullrom"
						},
						"6.0": {
							"post": [-4, -6, 0],
							"lerp_mode": "catmullrom"
						},
						"6.5": {
							"post": [0, 0, 0],
							"lerp_mode": "catmullrom"
						}
					}
				},
				"constraint": {
					"rotation": [0.2, 0.2, 0.4],
					"position": [0.1, 0.1, 0.1]
				},
				"arrow1": {
					"scale": 0
				},
				"arrow2": {
					"scale": 0
				},
				"arrow3": {
					"scale": 0
				},
				"arrow4": {
					"scale": 0
				},
				"arrow5": {
					"scale": 0
				},
				"lefthand": {
					"rotation": {
						"0.0": [90.4533, -389.73135, -129.57361],
						"0.2083": [125.22797, -387.10059, -155.03276],
						"0.4583": [134.36294, -359.35146, -262.38218],
						"0.5417": [134.36294, -359.35146, -262.38218],
						"0.75": [105.19787, -385.76198, -207.43721],
						"0.9167": [85.90711, -404.35935, -173.01643],
						"0.9583": [85.90711, -404.35935, -173.01643],
						"1.5417": [85.90711, -404.35935, -173.01643],
						"1.5833": [85.90711, -404.35935, -173.01643],
						"1.75": [105.19787, -385.76198, -207.43721],
						"1.9583": [134.36294, -359.35146, -262.38218],
						"2.0417": [134.36294, -359.35146, -262.38218],
						"2.2917": [125.22797, -387.10059, -155.03276],
						"2.5": {
							"pre": [90.4533, -389.73135, -129.57361],
							"post": [90.4533, -389.73135, -129.57361],
							"lerp_mode": "catmullrom"
						},
						"3.0417": {
							"post": [17.891, -392.49402, -46.24516],
							"lerp_mode": "catmullrom"
						},
						"4.0417": {
							"post": [17.891, -392.49402, -46.24516],
							"lerp_mode": "catmullrom"
						},
						"4.25": {
							"post": [17.891, -392.49402, -46.24516],
							"lerp_mode": "catmullrom"
						},
						"4.625": {
							"post": [55.20178, -376.72222, -229.374],
							"lerp_mode": "catmullrom"
						},
						"4.7917": {
							"post": [42.70178, -376.72222, -229.374],
							"lerp_mode": "catmullrom"
						},
						"5.875": {
							"post": [42.70178, -376.72222, -229.374],
							"lerp_mode": "catmullrom"
						},
						"6.0417": {
							"post": [38.26965, -382.3256, -203.18563],
							"lerp_mode": "catmullrom"
						},
						"6.25": [65.61951, -387.21575, -141.33069],
						"6.4167": [90.4533, -389.73135, -129.57361]
					},
					"position": {
						"0.0": [7.4, -14.7, -4.5],
						"0.2083": [14.4, -12.7, -0.5],
						"0.3333": [14.73, -8.7, 0.17],
						"0.4583": [7.4, -6.7, 0.5],
						"0.5417": [7.4, -6.7, 0.5],
						"0.75": [8.3, -5.26, -0.28],
						"0.9167": [7.4, -6.7, -3.5],
						"0.9583": [7.4, -6.7, -3.5],
						"1.5417": [7.4, -6.7, -3.5],
						"1.5833": [7.4, -6.7, -3.5],
						"1.75": [8.3, -5.26, -0.28],
						"1.9583": [7.4, -6.7, 0.5],
						"2.0417": [7.4, -6.7, 0.5],
						"2.1667": [14.73, -8.7, 0.17],
						"2.2917": [14.4, -12.7, -0.5],
						"2.5": {
							"pre": [7.4, -14.7, -4.5],
							"post": [7.4, -14.7, -4.5],
							"lerp_mode": "catmullrom"
						},
						"3.0417": {
							"post": [4.88, -14.85, -2.8],
							"lerp_mode": "catmullrom"
						},
						"4.0417": {
							"post": [4.88, -14.85, -2.8],
							"lerp_mode": "catmullrom"
						},
						"4.25": {
							"post": [4.88, -14.85, -2.8],
							"lerp_mode": "catmullrom"
						},
						"4.4167": {
							"post": [8.33, -15.13, -4.09],
							"lerp_mode": "catmullrom"
						},
						"4.5417": {
							"post": [12.33, -12.47, -5.22],
							"lerp_mode": "catmullrom"
						},
						"4.625": {
							"post": [12.88, -10.85, -5.8],
							"lerp_mode": "catmullrom"
						},
						"4.7917": {
							"post": [12.88, -10.85, -5.8],
							"lerp_mode": "catmullrom"
						},
						"5.875": {
							"post": [12.88, -10.85, -5.8],
							"lerp_mode": "catmullrom"
						},
						"6.0417": {
							"post": [12.52, -12.51, -5.24],
							"lerp_mode": "catmullrom"
						},
						"6.25": [14.31, -15.96, -1.75],
						"6.4167": [7.4, -14.7, -4.5]
					},
					"scale": {
						"0.0": [1, 1.5, 1],
						"2.5": {
							"pre": [1, 1.5, 1],
							"post": [1, 1.5, 1],
							"lerp_mode": "catmullrom"
						},
						"6.4167": [1, 1.5, 1]
					}
				},
				"shang_gan_zi": {
					"rotation": {
						"0.0": [-5, 0, 0],
						"0.4583": [-5, 0, 0],
						"0.5417": [0, 0, 0],
						"0.9167": [90, 0, 0],
						"0.9583": [90, 0, 0],
						"1.5417": [90, 0, 0],
						"1.5833": [90, 0, 0],
						"1.9583": [-5, 0, 0],
						"2.0417": [-5, 0, 0]
					}
				},
				"righthand": {
					"rotation": {
						"0.0": [100.03742, 4.92385, -179.12962],
						"2.5417": [100.04, 4.92, -179.13],
						"3.1667": [102.96655, -39.27684, -188.2933],
						"4.2083": [102.96655, -39.27684, -188.2933],
						"5.0": [100.04, 4.92, -179.13]
					},
					"position": {
						"0.0": [-6.8, -14.2, 7.4],
						"2.5417": [-6.8, -14.2, 7.4],
						"3.1667": [-6.8, -14.2, 9.65],
						"4.2083": [-6.8, -14.2, 9.65],
						"5.0": [-6.8, -14.2, 7.4]
					},
					"scale": [1, 1.5, 1]
				},
				"camera": {
					"rotation": {
						"0.0": {
							"post": [0, 0, 0],
							"lerp_mode": "catmullrom"
						},
						"0.2083": {
							"post": [5.4, 1.2, -0.1],
							"lerp_mode": "catmullrom"
						},
						"0.4167": {
							"post": [5.36, 1.21, 0.43],
							"lerp_mode": "catmullrom"
						},
						"0.5417": {
							"post": [5.9474, 1.092, 0.455],
							"lerp_mode": "catmullrom"
						},
						"0.625": {
							"post": [5.82, 1.092, 0.455],
							"lerp_mode": "catmullrom"
						},
						"0.75": {
							"post": [5.419, 1.092, 0.455],
							"lerp_mode": "catmullrom"
						},
						"0.875": {
							"post": [5.8376, 1.1011, 0.3913],
							"lerp_mode": "catmullrom"
						},
						"1.4583": {
							"post": [5.84, 1.1, 0.39],
							"lerp_mode": "catmullrom"
						},
						"1.625": {
							"post": [4.84, 1.4, 0.39],
							"lerp_mode": "catmullrom"
						},
						"1.8333": {
							"post": [4.95, 0.95, 0.39],
							"lerp_mode": "catmullrom"
						},
						"2.0": {
							"post": [7.54, 1.1, 0.39],
							"lerp_mode": "catmullrom"
						},
						"2.1667": {
							"post": [4.54, 1.1, 0.39],
							"lerp_mode": "catmullrom"
						},
						"2.3333": {
							"post": [6.24, 1.1, 0.39],
							"lerp_mode": "catmullrom"
						},
						"2.5417": {
							"post": [6.94, 1.1, 0.39],
							"lerp_mode": "catmullrom"
						},
						"2.6667": {
							"post": [6.94, -0.2, 0.39],
							"lerp_mode": "catmullrom"
						},
						"3.1667": {
							"post": [6.94, -2.9, 0.39],
							"lerp_mode": "catmullrom"
						},
						"3.625": [6.94, 12.1, 0.39],
						"3.9167": [6.94, 12.1, 0.39],
						"4.4167": {
							"pre": [12.94, 3.1, 0.39],
							"post": [12.94, 3.1, 0.39],
							"lerp_mode": "catmullrom"
						},
						"4.9583": {
							"post": [22.28, 2.59, 0.39],
							"lerp_mode": "catmullrom"
						},
						"5.7917": {
							"post": [19.94, 3.1, 0.39],
							"lerp_mode": "catmullrom"
						},
						"6.375": {
							"post": [0, 0, 0],
							"lerp_mode": "catmullrom"
						}
					}
				}
			},
			"sound_effects": {
				"0.0": {
					"effect": "zeta:crossbow/inspect_end"
				},
				"0.4583": {
					"effect": "zeta:crossbow/open"
				},
				"1.75": {
					"effect": "zeta:crossbow/close"
				},
				"2.5": {
					"effect": "zeta:crossbow/inspect_raise"
				},
				"4.5": {
					"effect": "zeta:crossbow/inspect_quick"
				},
				"5.75": {
					"effect": "zeta:crossbow/inspect_armin"
				},
				"6.25": {
					"effect": "zeta:crossbow/inspect_end"
				}
			}
		}
	}
}