{
	"format_version": "1.8.0",
	"animations": {
		"static_idle": {
			"animation_length": 1,
			"bones": {
				"rightHand": {
					"rotation": [94.93393, 4.57237, -174.60633],
					"position": [-6.5, -14, -1],
					"scale": [1, 1.5, 1]
				},
				"constraint": {
					"rotation": [0.2, 0.2, 0.2],
					"position": [0.2, 0.2, 0.2]
				},
				"leftHand": {
					"rotation": [111.33068, -370.9504, -185.06009],
					"position": [6.975, -14.825, -1.3125],
					"scale": [1, 1.5, 1]
				}
			}
		},
		"reload_tactical": {
			"animation_length": 1.8,
			"bones": {
				"lever": {
					"rotation": {
						"0.0333": [0, 0, 0],
						"0.1333": [-2.43049, -17.26784, 1.9062],
						"1.3667": [-2.43049, -17.26784, 1.9062],
						"1.4": [0, 0, 0]
					}
				},
				"ejector": {
					"position": {
						"0.2667": [0, 0, 0],
						"0.3": [0, 0, 0.125],
						"1.1667": [0, 0, 0.125],
						"1.2": [0, 0, 0]
					}
				},
				"root": {
					"rotation": {
						"0.0": [0, 0, 0],
						"0.0333": [0.71, -0.08, 1.21],
						"0.0667": [1.42, -0.17, 1.99],
						"0.1": [1.39, -0.17, 1.18],
						"0.1333": [1.21, -0.14, -0.22],
						"0.1667": [1.42, -0.17, -1.38],
						"0.2": [2.41, -0.3, -1.26],
						"0.2333": [4.96, -0.61, -2.5],
						"0.2667": [11.25, -1.41, -9.65],
						"0.3": [17.48, -2.11, -16.7],
						"0.3333": [20.51, -1.72, -17.06],
						"0.3667": [17.9, -2.28, -17.19],
						"0.4": [13.84, -3.1, -17.28],
						"0.4333": [10.53, -3.62, -16.98],
						"0.4667": [9.4, -3.61, -16.45],
						"0.5": [8.57, -3.43, -15.67],
						"0.5333": [8, -3.18, -14.81],
						"0.5667": [7.6, -2.96, -14.02],
						"0.6": [7.32, -2.86, -13.48],
						"0.6333": [7.22, -2.9, -13.25],
						"0.6667": [7.29, -3.02, -13.16],
						"0.7": [7.48, -3.17, -13.15],
						"0.7333": [7.71, -3.34, -13.2],
						"0.7667": [7.91, -3.49, -13.25],
						"0.8": [8.02, -3.61, -13.27],
						"0.8333": [8.01, -3.74, -13.29],
						"0.8667": [7.92, -3.85, -13.35],
						"0.9": [7.83, -3.91, -13.38],
						"0.9333": [7.84, -3.86, -13.31],
						"0.9667": [8.08, -3.55, -12.99],
						"1.0": [8.44, -3.08, -12.54],
						"1.0333": [8.73, -2.71, -12.17],
						"1.0667": [8.87, -2.57, -12.03],
						"1.1": [8.99, -2.48, -11.97],
						"1.1333": [9.03, -2.46, -11.9],
						"1.1667": [8.98, -2.5, -11.78],
						"1.2": [7.73, -3.34, -10.77],
						"1.2333": [8.6, -3.37, -12.89],
						"1.2667": [9.53, -3.23, -14.95],
						"1.3": [9.36, -2.94, -14.5],
						"1.3333": [8.87, -2.66, -13.52],
						"1.3667": [9.05, -2.51, -13.57],
						"1.4": [9.23, -2.43, -13.77],
						"1.4333": [8.13, -2.66, -13.52],
						"1.4667": [1.73, -4.25, -11.75],
						"1.5": [-4.08, -5.5, -9.4],
						"1.5333": [-0.04, -2.75, -4.7],
						"1.5667": [1.23, -1.22, -2.06],
						"1.6": [1.75, 0, 0],
						"1.6333": [0.85, 0.31, 0.29],
						"1.6667": [-0.25, 0.25, 0],
						"1.7": [-0.32, 0.19, 0],
						"1.7333": [-0.15, 0.08, 0],
						"1.7667": [0, 0, 0]
					},
					"position": {
						"0.0": [0, 0, 0],
						"0.0333": [0.04, 0, 0],
						"0.0667": [0.09, -0.02, 0],
						"0.1": [0.08, -0.08, 0],
						"0.1333": [0.09, -0.12, 0],
						"0.1667": [0.15, -0.1, -0.01],
						"0.2": [0.23, -0.06, -0.03],
						"0.2333": [0.33, 0.01, 0],
						"0.2667": [0.52, 0.17, 0.18],
						"0.3": [0.71, 0.32, 0.4],
						"0.3333": [0.92, 0.25, 0.65],
						"0.3667": [0.91, 0.1, 0.85],
						"0.4": [0.94, -0.03, 0.88],
						"0.4333": [0.98, -0.1, 0.91],
						"0.4667": [1, -0.03, 0.97],
						"0.5": [1.03, 0.1, 1.04],
						"0.5333": [1.05, 0.18, 1.11],
						"0.5667": [1.07, 0.17, 1.17],
						"0.6": [1.08, 0.11, 1.22],
						"0.6333": [1.09, 0.07, 1.25],
						"0.6667": [1.09, 0.07, 1.26],
						"0.7": [1.09, 0.07, 1.26],
						"0.7333": [1.09, 0.07, 1.25],
						"0.7667": [1.08, 0.08, 1.25],
						"0.8": [1.08, 0.09, 1.24],
						"0.8333": [1.08, 0.09, 1.23],
						"0.8667": [1.07, 0.1, 1.21],
						"0.9": [1.07, 0.12, 1.19],
						"0.9333": [1.06, 0.13, 1.17],
						"0.9667": [1.06, 0.15, 1.14],
						"1.0": [1.05, 0.16, 1.12],
						"1.0333": [1.05, 0.17, 1.11],
						"1.0667": [1.05, 0.17, 1.1],
						"1.1": [1.05, 0.16, 1.11],
						"1.1333": [1.04, 0.15, 1.13],
						"1.1667": [1.05, 0.07, 1.1],
						"1.2": [1.16, -0.53, 0.67],
						"1.2333": [1.16, -0.5, 0.68],
						"1.2667": [1.14, -0.39, 0.79],
						"1.3": [1.1, -0.35, 1],
						"1.3333": [1.05, -0.34, 1.16],
						"1.3667": [1.01, -0.39, 1.15],
						"1.4": [0.97, -0.45, 1.08],
						"1.4333": [0.89, -0.47, 0.9],
						"1.4667": [0.77, -0.4, 0.53],
						"1.5": [0.61, -0.28, 0.05],
						"1.5333": [0.45, -0.18, -0.25],
						"1.5667": [0.2, -0.07, -0.13],
						"1.6": [0, 0, 0.13],
						"1.6333": [-0.03, -0.02, 0.14],
						"1.6667": [0, -0.06, 0.08],
						"1.7": [0, -0.04, 0.05],
						"1.7333": [0, -0.02, 0.02],
						"1.7667": [0, 0, 0]
					}
				},
				"rear_part": {
					"rotation": {
						"0.2": [0, 0, 0],
						"0.2333": [-12.37, -0.78, 0.44],
						"0.2667": [-29.36, -1.84, 1.03],
						"0.3": [-41.6, -2.52, 1.41],
						"0.3333": [-44.32, -2.45, 1.35],
						"0.3667": [-42.28, -2, 1.08],
						"0.4": [-40.5, -1.71, 0.89],
						"0.4333": [-40.66, -1.78, 0.91],
						"0.4667": [-41.02, -1.98, 1],
						"0.5": [-41.42, -2.2, 1.11],
						"0.5333": [-41.69, -2.34, 1.18],
						"1.4": [-41.68773, -2.34454, 1.17995],
						"1.4333": [-37.78608, -1.50914, 0.73766],
						"1.5": [0, 0, 0]
					}
				},
				"bullet_1": {
					"rotation": {
						"0.2667": [0, 0, 0],
						"0.3": [0, 0, 0],
						"0.3333": [0, 0, 0],
						"0.3667": [0, 0, 0],
						"0.4": [0, 0, 0],
						"0.4333": [0, 0, 0],
						"0.4667": [0, 0, 0],
						"0.5": [0, 0, 0],
						"0.5333": [0, 0, 0],
						"0.5667": [0, 0, 0],
						"0.6": [-0.94, 0.27, -0.02],
						"0.6333": [-1.88, 0.53, -0.05],
						"0.6667": [0, 0, 0],
						"0.7": [2.7, -0.73, 0.07],
						"0.7333": [6.74, -1.8, 0.17],
						"0.7667": [11.52, -3.07, 0.29],
						"0.8": [16.39, -4.39, 0.41],
						"0.8333": [20.74, -5.61, 0.53],
						"0.8667": [23.93, -6.58, 0.62],
						"0.9": [25.35, -7.17, 0.67],
						"0.9333": [20.13, -6.58, 0.59],
						"0.9667": [14.92, -5.99, 0.52],
						"1.0": [9.7, -5.41, 0.44],
						"1.0333": [4.49, -4.82, 0.37],
						"1.0667": [1.86, -0.84, -0.01],
						"1.1": [-0.77, 3.14, -0.39],
						"1.1333": [-0.38, 1.57, -0.19],
						"1.1667": [0, 0, 0],
						"1.2": [0, 0, 0]
					},
					"position": {
						"0.2667": [0, 0, 0],
						"0.3": [0, 0, 2.5],
						"0.3333": [-0.29, -0.62, 4.35],
						"0.3667": [-0.82, -2.36, 6.25],
						"0.4": [-1.08, -3.59, 6.81],
						"0.4333": [-1.36, -5.23, 7.36],
						"0.4667": [-1.68, -7.06, 7.89],
						"0.5": [-2.03, -8.84, 8.37],
						"0.5333": [-2.4, -10.36, 8.79],
						"0.5667": [-2.81, -11.37, 9.1],
						"0.6": [-3.92, -11.98, 9.55],
						"0.6333": [-5.15, -11.5, 9.71],
						"0.6667": [-5.87, -10.6, 9.43],
						"0.7": [-5.48, -8.69, 7.63],
						"0.7333": [-4.4, -6.1, 5.71],
						"0.7667": [-3.64, -3.98, 5.31],
						"0.8": [-2.76, -1.69, 5.23],
						"0.8333": [-1.95, 0.03, 5.03],
						"0.8667": {
							"pre": [-1.18, 0.79, 4.47],
							"post": [-1.18, 0.79, 4.47],
							"lerp_mode": "catmullrom"
						},
						"1.0333": {
							"post": [-0.14, 0.16, 2.53],
							"lerp_mode": "catmullrom"
						},
						"1.0667": [-0.01, 0.1, 2.4],
						"1.1": [0.12, 0.03, 2.28],
						"1.1333": [0.05, 0.03, 2.09],
						"1.1667": [-0.01, 0.03, 1.91],
						"1.2": [0, 0, 0]
					}
				},
				"rightHand": {
					"rotation": {
						"0.0": [94.93393, 4.57237, -174.60633],
						"0.0333": [96.34, 16.53, -188.97],
						"0.0667": [103.36, 18.22, -197.66],
						"0.1": [103.36, 18.22, -197.66],
						"0.1333": [100.19, 28.3, -207.58],
						"0.1667": [100.19, 28.3, -207.58],
						"0.2": [100.19, 28.3, -207.58],
						"0.2333": [96.57, 23.81, -198.48],
						"0.2667": [92.95, 19.32, -189.38],
						"0.3": [89.32, 14.83, -180.28],
						"0.3333": [89.32, 14.83, -180.28],
						"0.3667": [89.32, 14.83, -180.28],
						"0.4": [89.32, 14.83, -180.28],
						"0.4333": [89.32, 14.83, -180.28],
						"0.4667": [92.86, 9.16, -172.21],
						"0.5": [96.41, 3.49, -164.14],
						"0.5333": [99.95, -2.17, -156.07],
						"0.5667": [103.49, -7.84, -148],
						"0.6": [103.49, -7.84, -148],
						"0.6333": [103.49, -7.84, -148],
						"0.6667": [103.49, -7.84, -148],
						"0.7": [104.7, -9.78, -145.23],
						"0.7333": [105.92, -11.73, -142.46],
						"0.7667": [107.13, -13.67, -139.7],
						"0.8": [108.35, -15.62, -136.93],
						"0.8333": [109.56, -17.56, -134.16],
						"0.8667": [111.04, -19.92, -130.8],
						"0.9": [112.51, -22.28, -127.43],
						"0.9333": [113.99, -24.64, -124.07],
						"0.9667": [115.46, -27.01, -120.71],
						"1.0": [116.94, -29.37, -117.35],
						"1.0333": [118.41, -31.73, -113.98],
						"1.0667": [119.89, -34.09, -110.62],
						"1.1": [121.36, -36.45, -107.26],
						"1.1333": [121.36, -36.45, -107.26],
						"1.1667": [121.36, -36.45, -107.26],
						"1.2": [123.73, -40.22, -101.88],
						"1.2333": [123.73, -40.22, -101.88],
						"1.2667": [123.73, -40.22, -101.88],
						"1.3": [114.8, -24.48, -122.32],
						"1.3333": [105.88, -8.73, -142.76],
						"1.3667": [96.95, 7.01, -163.2],
						"1.4": [88.03, 22.76, -183.63],
						"1.4333": [88.03, 22.76, -183.63],
						"1.4667": [88.67, 18.79, -181.96],
						"1.5": [89.32, 14.83, -180.28],
						"1.5333": [94.93393, 4.57237, -174.60633]
					},
					"position": {
						"0.0": [-6.5, -14, -1],
						"0.0333": [-6.59, -12.92, -1.39],
						"0.0667": [-6.46, -12.54, -2],
						"0.1": [-6.46, -12.54, -2],
						"0.1333": [-6.54, -12.62, -1.59],
						"0.1667": [-6.54, -12.62, -1.59],
						"0.2": [-6.54, -12.62, -1.59],
						"0.2333": [-6.96, -13.82, -2.01],
						"0.2667": [-7.37, -15.02, -2.42],
						"0.3": [-7.79, -16.22, -2.83],
						"0.3333": [-7.79, -16.22, -2.83],
						"0.3667": [-7.79, -16.22, -2.83],
						"0.4": [-7.79, -16.22, -2.83],
						"0.4333": [-7.79, -16.22, -2.83],
						"0.4667": [-9.02, -16.88, -1.08],
						"0.5": [-10.81, -17.85, 1.49],
						"0.5333": [-12.61, -18.81, 4.05],
						"0.5667": [-13.84, -19.47, 5.81],
						"0.6": [-14.33, -19.82, 6.59],
						"0.6333": [-14.14, -19.8, 6.42],
						"0.6667": [-13.84, -19.47, 5.81],
						"0.7": [-13.46, -18.49, 3.9],
						"0.7333": [-12.77, -16.68, 1.9],
						"0.7667": [-12, -14.56, 1.47],
						"0.8": [-11.07, -12, 1.4],
						"0.8333": [-10.2, -10.04, 1.21],
						"0.8667": [-9.41, -9.15, 0.63],
						"0.9": [-8.67, -8.85, -0.06],
						"0.9333": [-8.17, -8.75, -0.62],
						"0.9667": [-8.2, -8.93, -0.8],
						"1.0": [-8.22, -9.11, -0.98],
						"1.0333": [-8.24, -9.29, -1.16],
						"1.0667": [-8.1, -9.31, -1.28],
						"1.1": [-7.96, -9.32, -1.39],
						"1.1333": [-8, -9.31, -1.58],
						"1.1667": [-8.03, -9.3, -1.76],
						"1.2": [-7.99, -8.91, -3.91],
						"1.2333": [-7.99, -8.91, -3.91],
						"1.2667": [-7.99, -8.91, -3.91],
						"1.3": [-8.86, -10.81, -3.77],
						"1.3333": [-9.73, -12.71, -3.64],
						"1.3667": [-9.05, -14.97, -3.62],
						"1.4": [-8.37, -17.23, -3.61],
						"1.4333": [-8.37, -17.23, -3.61],
						"1.4667": [-7.55, -15.27, -2.19],
						"1.5": [-6.72, -13.3, -0.77],
						"1.5333": [-6.5, -14, -1]
					},
					"scale": {
						"0.0": [1, 1.5, 1],
						"1.5333": [1, 1.5, 1]
					}
				},
				"leftHand": {
					"rotation": {
						"0.0": [111.33068, -370.9504, -185.06009],
						"1.5333": [111.33068, -370.9504, -185.06009]
					},
					"position": {
						"0.0": [6.975, -14.825, -1.3125],
						"1.5333": [6.975, -14.825, -1.3125]
					},
					"scale": {
						"0.0": [1, 1.5, 1],
						"1.5333": [1, 1.5, 1]
					}
				},
				"camera": {
					"rotation": {
						"0.0": [0, 0, 0],
						"0.0333": [-0.05, 0, -0.02],
						"0.0667": [-0.13, 0, -0.06],
						"0.1": [-0.22, 0, -0.1],
						"0.1333": [-0.27, 0, -0.12],
						"0.1667": [-0.28, 0, -0.12],
						"0.2": [0.37, 0.04, 0.13],
						"0.2333": [1.22, 0.09, 0.47],
						"0.2667": [2.02, 0.15, 0.59],
						"0.3": [2.3, 0.24, -0.2],
						"0.3333": [2.3, 0.33, -0.97],
						"0.3667": [2.14, 0.36, -0.9],
						"0.4": [1.9, 0.39, -0.59],
						"0.4333": [1.69, 0.41, -0.36],
						"0.4667": [1.54, 0.43, -0.38],
						"0.5": [1.46, 0.45, -0.5],
						"0.5333": [1.37, 0.46, -0.62],
						"0.5667": [1.37, 0.48, -0.72],
						"0.6": [1.4, 0.47, -0.74],
						"0.6333": [1.44, 0.47, -0.74],
						"0.6667": [1.49, 0.46, -0.74],
						"0.7": [1.55, 0.46, -0.74],
						"0.7333": [1.61, 0.45, -0.74],
						"0.7667": [1.69, 0.45, -0.74],
						"0.8": [1.77, 0.46, -0.74],
						"0.8333": [1.87, 0.48, -0.75],
						"0.8667": [2.06, 0.52, -0.78],
						"0.9": [2.3, 0.59, -0.81],
						"0.9333": [2.55, 0.67, -0.86],
						"0.9667": [2.76, 0.75, -0.89],
						"1.0": [2.91, 0.81, -0.92],
						"1.0333": [2.95, 0.84, -0.96],
						"1.0667": [2.92, 0.87, -0.99],
						"1.1": [2.86, 0.88, -1.02],
						"1.1333": [2.81, 0.9, -1.02],
						"1.1667": [2.83, 0.91, -0.99],
						"1.2": [3.25, 0.92, -0.64],
						"1.2333": [3.57, 0.92, -0.4],
						"1.2667": [3.22, 0.93, -0.86],
						"1.3": [2.77, 0.93, -1.32],
						"1.3333": [2.83, 0.92, -1.26],
						"1.3667": [2.97, 0.9, -1.05],
						"1.4": [2.78, 0.81, -0.77],
						"1.4333": [2.34, 0.68, -0.58],
						"1.4667": [1.68, 0.5, -0.33],
						"1.5": [0.95, 0.3, -0.08],
						"1.5333": [0.3, 0.13, 0.13],
						"1.5667": [-0.12, 0, 0.25],
						"1.6": [0.11, -0.07, -0.21],
						"1.6333": [0.09, -0.05, -0.16],
						"1.6667": [0.04, -0.02, -0.02],
						"1.7": [0, 0, 0.08],
						"1.7333": [-0.01, 0, 0.06],
						"1.7667": [0, 0, 0]
					}
				}
			},
			"sound_effects": {
				"0.0": {
					"effect": "zeta:las58/reload_raise"
				},
				"0.2": {
					"effect": "zeta:las58/reload1"
				},
				"0.3": {
					"effect": "zeta:las58/reload2"
				},
				"0.5667": {
					"effect": "p14_sh_charlie725_reload_rattle"
				},
				"0.7333": {
					"effect": "blt_case_bounce_shotgun_dirt_close_lrg_03"
				},
				"1.1333": {
					"effect": "zeta:las58/reload3"
				},
				"1.4333": {
					"effect": "zeta:las58/reload1"
				}
			}
		},
		"draw": {
			"animation_length": 1,
			"bones": {
				"R1": {
					"rotation": [94.93393, 4.57237, -174.60633],
					"position": [-7.5, -14, 4],
					"scale": [1.75, 2, 1.75]
				},
				"bone2": {
					"scale": 0
				},
				"root": {
					"rotation": {
						"0.0": {
							"post": [38.52472, -9.21955, 2.10886],
							"lerp_mode": "catmullrom"
						},
						"0.1667": {
							"post": [-12.20483, -7.80723, 5.82235],
							"lerp_mode": "catmullrom"
						},
						"0.2917": {
							"post": [-28.90444, -11.69786, 2.36058],
							"lerp_mode": "catmullrom"
						},
						"0.375": {
							"post": [-30.63, -14.26, -5.75],
							"lerp_mode": "catmullrom"
						},
						"0.4167": {
							"post": [-31.91055, -12.36053, -4.84755],
							"lerp_mode": "catmullrom"
						},
						"0.5417": {
							"post": [-23.54, -9.33, -9.91],
							"lerp_mode": "catmullrom"
						},
						"0.625": {
							"post": [-9.81, -5.45, -9.02],
							"lerp_mode": "catmullrom"
						},
						"0.75": {
							"post": [2.55185, -1.1729, 2.05081],
							"lerp_mode": "catmullrom"
						},
						"0.875": {
							"post": [0, 0, 0],
							"lerp_mode": "catmullrom"
						},
						"1.0": {
							"post": [0, 0, 0],
							"lerp_mode": "catmullrom"
						}
					},
					"position": {
						"0.0": {
							"post": [-5.6, -21.3125, 5],
							"lerp_mode": "catmullrom"
						},
						"0.1667": {
							"post": [-7.6, -6.4125, -4.6],
							"lerp_mode": "catmullrom"
						},
						"0.2917": {
							"post": [-6.875, -1.7825, -2.4525],
							"lerp_mode": "catmullrom"
						},
						"0.4583": {
							"post": [-6.17, -2.0525, 1.1325],
							"lerp_mode": "catmullrom"
						},
						"0.5833": {
							"post": [-4.23, -1.78, 1.74],
							"lerp_mode": "catmullrom"
						},
						"0.75": {
							"post": [-0.6, -0.3, 0],
							"lerp_mode": "catmullrom"
						},
						"0.875": {
							"post": [0, 0, 0],
							"lerp_mode": "catmullrom"
						},
						"1.0": {
							"post": [0, 0, 0],
							"lerp_mode": "catmullrom"
						}
					}
				},
				"rightHand": {
					"rotation": {
						"0.0": {
							"post": [94.93393, 4.57237, -174.60633],
							"lerp_mode": "catmullrom"
						},
						"0.2083": {
							"post": [96.34883, 14.03616, -168.58831],
							"lerp_mode": "catmullrom"
						},
						"0.375": {
							"post": [103.08554, 13.68898, -165.52117],
							"lerp_mode": "catmullrom"
						},
						"0.5833": {
							"post": [103.08554, 13.68898, -165.52117],
							"lerp_mode": "catmullrom"
						},
						"0.7917": {
							"post": [94.93393, 4.57237, -174.60633],
							"lerp_mode": "catmullrom"
						},
						"1.0": {
							"post": [94.93393, 4.57237, -174.60633],
							"lerp_mode": "catmullrom"
						}
					},
					"position": {
						"0.0": {
							"post": [-6.5, -14, -1],
							"lerp_mode": "catmullrom"
						},
						"0.2083": {
							"post": [-6.5, -13, -1],
							"lerp_mode": "catmullrom"
						},
						"0.375": {
							"post": [-6.5, -12.5, -1.25],
							"lerp_mode": "catmullrom"
						},
						"0.5833": {
							"post": [-6.5, -12.5, -1.25],
							"lerp_mode": "catmullrom"
						},
						"0.7917": {
							"post": [-6.5, -14, -1],
							"lerp_mode": "catmullrom"
						},
						"1.0": {
							"post": [-6.5, -14, -1],
							"lerp_mode": "catmullrom"
						}
					},
					"scale": {
						"0.0": {
							"post": [1, 1.5, 1],
							"lerp_mode": "catmullrom"
						},
						"1.0": {
							"post": [1, 1.5, 1],
							"lerp_mode": "catmullrom"
						}
					}
				},
				"constraint": {
					"rotation": {
						"0.5417": [1, 1, 1],
						"0.875": [0.25, 0.25, 0.25]
					},
					"position": {
						"0.5417": [0.25, 0.25, 0.25],
						"0.875": [0.25, 0.25, 0.25]
					}
				},
				"leftHand": {
					"rotation": {
						"0.375": {
							"pre": [75.88852, -376.41371, -186.1549],
							"post": [75.88852, -376.41371, -186.1549],
							"lerp_mode": "catmullrom"
						},
						"0.5417": {
							"post": [112.30998, -334.28457, -169.90459],
							"lerp_mode": "catmullrom"
						},
						"0.8333": {
							"post": [111.33068, -370.9504, -185.06009],
							"lerp_mode": "catmullrom"
						}
					},
					"position": {
						"0.375": {
							"pre": [21.95502, -29.91187, 8.03349],
							"post": [21.95502, -29.91187, 8.03349],
							"lerp_mode": "catmullrom"
						},
						"0.5417": {
							"post": [16.875, -26.125, 3.6875],
							"lerp_mode": "catmullrom"
						},
						"0.8333": {
							"post": [6.975, -14.825, -1.3125],
							"lerp_mode": "catmullrom"
						}
					},
					"scale": {
						"0.8333": {
							"pre": [1, 1.5, 1],
							"post": [1, 1.5, 1],
							"lerp_mode": "catmullrom"
						}
					}
				},
				"camera": {
					"rotation": {
						"0.0": {
							"post": [0, 0, 0],
							"lerp_mode": "catmullrom"
						},
						"0.3333": {
							"post": [0.25, 0, 0.75],
							"lerp_mode": "catmullrom"
						},
						"0.625": {
							"post": [0, 0, -0.58],
							"lerp_mode": "catmullrom"
						},
						"0.9167": {
							"post": [0, 0, 0],
							"lerp_mode": "catmullrom"
						}
					}
				},
				"colt_python": {
					"rotation": {
						"0.0417": {
							"pre": [77.5, 0, 0],
							"post": [77.5, 0, 0],
							"lerp_mode": "catmullrom"
						},
						"0.375": [-346.375, -2.5625, -3.4375],
						"0.5": [-353.7361, -1.99308, -2.67364],
						"0.6667": {
							"pre": [-360.4206, -1.13891, -1.52781],
							"post": [-360.4206, -1.13891, -1.52781],
							"lerp_mode": "catmullrom"
						},
						"0.7917": {
							"post": [-360, 0, 0],
							"lerp_mode": "catmullrom"
						}
					},
					"position": {
						"0.0417": [1, 0, 0],
						"0.375": [1, 2, 0],
						"0.5417": [1, 2.1, 0],
						"0.75": [0, 0, 0]
					}
				}
			},
			"sound_effects": {
				"0.2083": {
					"effect": "pi_stimpistol_raise_first_010_pullout"
				},
				"0.5833": {
					"effect": "pi_stimpistol_reload_030_tiltdown"
				}
			}
		},
		"shoot": {
			"loop": "hold_on_last_frame",
			"animation_length": 0.5667,
			"bones": {
				"slide2": {
					"position": {
						"0.0": [0, 0, 0],
						"0.0333": [0, 0, 3],
						"0.0667": [0, 0, 0]
					}
				},
				"bullet_in_barrel": {
					"scale": {
						"0.0": [0, 0, 0],
						"0.0667": [0, 0, 0],
						"0.1": [1, 1, 1]
					}
				},
				"new_cylinder": {
					"rotation": {
						"0.0": [0, 0, 0],
						"0.0667": [0, 0, 60]
					}
				},
				"hammer": {
					"rotation": {
						"0.0": [-22.5, 0, 0],
						"0.0333": [0, 0, 0]
					}
				},
				"root": {
					"rotation": {
						"0.0": [0, 0, 0],
						"0.0333": [5.94, -0.27, -11.04],
						"0.0667": [-40.58, -2.77, 6.13],
						"0.1": [-17.98, -8.63, -7.72],
						"0.1333": [-12.35, -1, 2.05],
						"0.1667": [-8.94, -1.29, 3.6],
						"0.2": [-2.81, -2.35, 3.27],
						"0.2333": [1.43, -1.83, 0.57],
						"0.2667": [-0.47, -0.93, -2.03],
						"0.3": [2.35, -0.29, -1.82],
						"0.3333": [1.06, 0.38, -0.79],
						"0.3667": [0, 0.75, 0],
						"0.4": [-0.15, 0.59, 0.12],
						"0.4333": [-0.07, 0.13, 0],
						"0.4667": [0, -0.2, -0.1],
						"0.5": [0, -0.21, -0.08],
						"0.5333": [0, -0.09, -0.03],
						"0.5667": [0, 0, 0]
					},
					"position": {
						"0.0": [0, 0, 0],
						"0.0333": [0, -0.22, 2.42],
						"0.0667": [-0.17, 0.16, 1.63],
						"0.1": [-0.16, 0.56, 1.75],
						"0.1333": [-0.11, 0.56, 1.14],
						"0.1667": [-0.06, 0.41, 0.43],
						"0.2": [-0.03, 0.13, 0.14],
						"0.2333": [-0.01, -0.23, -0.06],
						"0.2667": [0, -0.45, -0.17],
						"0.3": [0, -0.39, -0.14],
						"0.3333": [0, -0.19, -0.02],
						"0.3667": [0, -0.03, 0.08],
						"0.4": [0, 0.01, 0.07],
						"0.4333": [0, 0.01, 0.03],
						"0.4667": [0, 0, 0],
						"0.5": [0, 0, -0.01],
						"0.5333": [0, 0, 0],
						"0.5667": [0, 0, 0]
					}
				},
				"constraint": {
					"rotation": {
						"0.0": [0.125, 0.125, 0.125],
						"0.3": [0.25, 0.25, 0.25]
					},
					"position": {
						"0.0": [0.125, 0.125, 0.125],
						"0.3": [0.25, 0.25, 0.25]
					}
				},
				"camera": {
					"rotation": {
						"0.0": [0, 0, 0],
						"0.0333": [0, 0, 3.15],
						"0.0667": [0, 0, -2.29],
						"0.1": [0, 0, 1.94],
						"0.1333": [0, 0, -0.96],
						"0.1667": [0, 0, 0.6],
						"0.2": [0, 0, -0.32],
						"0.2333": [0, 0, 0]
					}
				}
			},
			"sound_effects": {
				"0.0": {
					"effect": "weap_decho_fire_first_plr_03"
				},
				"0.0333": {
					"effect": "weap_deagle_fire_npc_mech_02"
				}
			}
		},
		"static_bolt_caught": {
			"loop": "hold_on_last_frame",
			"animation_length": 1.44,
			"bones": {
				"R2": {
					"rotation": [0, 0, 0],
					"position": [0, 0, 0]
				},
				"R1": {
					"rotation": [94.93393, 4.57237, -174.60633],
					"position": [-7.5, -14, 4],
					"scale": [1.75, 2, 1.75]
				},
				"gun_and_righthand": {
					"rotation": [0, 0, 0],
					"position": [0, 0, 0]
				},
				"bone2": {
					"position": [0, 0, 54]
				},
				"front_part": {
					"rotation": {
						"0.0": [0, 0, 0],
						"0.08": [60, 0, 0]
					}
				},
				"bullet_1": {
					"rotation": {
						"0.2": [0, 0, 0],
						"0.24": [0, -25, 0],
						"0.28": [-47.5, -55, 0],
						"0.32": [-144.34032, -20.2237, 97.12208],
						"0.36": [-123.6384, 10.94857, 118.3106]
					},
					"position": {
						"0.2": {
							"pre": [0, 0, 0],
							"post": [0, 0, 0],
							"lerp_mode": "catmullrom"
						},
						"0.28": {
							"post": [0, 0, 12],
							"lerp_mode": "catmullrom"
						},
						"0.36": {
							"post": [-8, 0, 11],
							"lerp_mode": "catmullrom"
						},
						"0.6": {
							"post": [-15, 0, -43],
							"lerp_mode": "catmullrom"
						}
					},
					"scale": {
						"0.56": [1, 1, 1],
						"0.6": [0, 0, 0]
					}
				}
			},
			"sound_effects": {
				"0.0": {
					"effect": "zeta:las58/eject"
				}
			}
		},
		"inspect": {
			"animation_length": 5.75,
			"bones": {
				"R2": {
					"rotation": {
						"0.0": {
							"post": [0, 0, 0],
							"lerp_mode": "catmullrom"
						},
						"0.1667": {
							"post": [15.82154, -2.60627, 10.75016],
							"lerp_mode": "catmullrom"
						},
						"0.25": {
							"post": [-29.75797, -3.99024, -6.93945],
							"lerp_mode": "catmullrom"
						},
						"0.4167": {
							"post": [-33.72501, -6.80141, -10.46775],
							"lerp_mode": "catmullrom"
						},
						"0.5": {
							"post": [-31.89502, -11.43418, -15.67902],
							"lerp_mode": "catmullrom"
						},
						"0.5833": {
							"post": [-30.94266, -12.89322, -15.81875],
							"lerp_mode": "catmullrom"
						},
						"0.7917": {
							"post": [-25.99775, -22.52142, -25.82302],
							"lerp_mode": "catmullrom"
						},
						"1.0417": {
							"post": [-26.66229, -23.64621, -27.13419],
							"lerp_mode": "catmullrom"
						},
						"1.5833": {
							"post": [-26.99775, -22.52142, -25.82302],
							"lerp_mode": "catmullrom"
						},
						"1.875": {
							"post": [-27.47961, -20.76992, -22.70305],
							"lerp_mode": "catmullrom"
						},
						"2.0833": {
							"post": [-28.97606, -19.49827, -21.4678],
							"lerp_mode": "catmullrom"
						},
						"2.4583": {
							"post": [-29.11143, -19.22071, -20.33025],
							"lerp_mode": "catmullrom"
						},
						"2.6667": {
							"post": [-25.81617, -8.53906, -7.30326],
							"lerp_mode": "catmullrom"
						},
						"2.8333": {
							"post": [-0.34978, 24.07093, 86.40766],
							"lerp_mode": "catmullrom"
						},
						"2.9583": {
							"post": [4.89118, 8.36539, 78.36024],
							"lerp_mode": "catmullrom"
						},
						"3.125": {
							"post": [-42.57716, 18.94805, 55.8365],
							"lerp_mode": "catmullrom"
						},
						"3.2083": {
							"post": [-32.48043, 9.19734, 50.63627],
							"lerp_mode": "catmullrom"
						},
						"3.2917": {
							"post": [-13.575, 3.68165, 58.49269],
							"lerp_mode": "catmullrom"
						},
						"3.4583": {
							"post": [-4.7081, -0.74625, 45.20692],
							"lerp_mode": "catmullrom"
						},
						"3.5833": {
							"post": [-35.72, -11.263, -30.25942],
							"lerp_mode": "catmullrom"
						},
						"3.7083": {
							"post": [-13.08733, -18.86992, -31.3484],
							"lerp_mode": "catmullrom"
						},
						"3.9167": {
							"post": [-19.77607, -16.01829, -27.5328],
							"lerp_mode": "catmullrom"
						},
						"4.0": {
							"post": [-31.74892, -9.24929, -27.94045],
							"lerp_mode": "catmullrom"
						},
						"4.0833": {
							"post": [-43.61681, 1.71789, -22.22971],
							"lerp_mode": "catmullrom"
						},
						"4.1667": {
							"post": [-44.95377, 1.13657, -23.91025],
							"lerp_mode": "catmullrom"
						},
						"4.2917": {
							"post": [-45.56218, 2.32289, -24.18882],
							"lerp_mode": "catmullrom"
						},
						"4.4167": {
							"post": [-43.64278, 0.33782, -23.67753],
							"lerp_mode": "catmullrom"
						},
						"4.5": {
							"post": [-36.22, -5.61, -17.85],
							"lerp_mode": "catmullrom"
						},
						"4.625": {
							"post": [-4.37272, -14.18812, -7.83273],
							"lerp_mode": "catmullrom"
						},
						"4.8333": {
							"post": [-25.26572, -7.13504, -4.4306],
							"lerp_mode": "catmullrom"
						},
						"4.875": {
							"post": [-26.68783, -4.33467, -1.25666],
							"lerp_mode": "catmullrom"
						},
						"4.9167": {
							"post": [-25.35184, -2.86115, -0.51512],
							"lerp_mode": "catmullrom"
						},
						"5.125": {
							"post": [-25.32035, 0.75437, -2.22683],
							"lerp_mode": "catmullrom"
						},
						"5.2917": {
							"post": [-4.98107, -0.43523, -4.98107],
							"lerp_mode": "catmullrom"
						},
						"5.4167": {
							"post": [0, 0, 0],
							"lerp_mode": "catmullrom"
						}
					},
					"position": {
						"0.0": {
							"post": [0, 0, 0],
							"lerp_mode": "catmullrom"
						},
						"0.125": {
							"post": [-1.24, -3.42, -0.31],
							"lerp_mode": "catmullrom"
						},
						"0.2083": {
							"post": [-2.2875, -0.55, -1.2125],
							"lerp_mode": "catmullrom"
						},
						"0.2917": {
							"post": [-3.3525, 0.875, -2.05],
							"lerp_mode": "catmullrom"
						},
						"0.4167": {
							"post": [-4.35, 0.16, -1.73],
							"lerp_mode": "catmullrom"
						},
						"0.5417": {
							"post": [-5.08, -1.3, -1.38],
							"lerp_mode": "catmullrom"
						},
						"0.7917": {
							"post": [-5.8, 1.14, -1.04],
							"lerp_mode": "catmullrom"
						},
						"1.2083": {
							"post": [-5.84, 0.81, -1.07],
							"lerp_mode": "catmullrom"
						},
						"1.5833": {
							"post": [-5.75, 0.88, -1.1],
							"lerp_mode": "catmullrom"
						},
						"1.9167": {
							"post": [-5.5, 0.705, -0.75],
							"lerp_mode": "catmullrom"
						},
						"2.4583": {
							"post": [-5.86, 0.41, -0.68],
							"lerp_mode": "catmullrom"
						},
						"2.6667": {
							"post": [-7.5, -0.43, -0.68],
							"lerp_mode": "catmullrom"
						},
						"2.875": {
							"post": [-15.75, -6.43, -1.75],
							"lerp_mode": "catmullrom"
						},
						"3.0417": {
							"post": [-6.75, 1.1775, -4.32],
							"lerp_mode": "catmullrom"
						},
						"3.2917": {
							"post": [-5.935, -0.6975, -0.98],
							"lerp_mode": "catmullrom"
						},
						"3.4583": {
							"post": [-6.15, -0.53, -0.05],
							"lerp_mode": "catmullrom"
						},
						"3.6667": {
							"post": [-4.125, 4.67, -0.85],
							"lerp_mode": "catmullrom"
						},
						"3.8333": {
							"post": [-5.8125, 0.97, 0.25],
							"lerp_mode": "catmullrom"
						},
						"3.9583": {
							"post": [-5.58, 0.32, 1.65],
							"lerp_mode": "catmullrom"
						},
						"4.0417": {
							"post": [-5.3125, 2.37, 2.5],
							"lerp_mode": "catmullrom"
						},
						"4.2083": {
							"post": [-5.32, 2.45, 2.64],
							"lerp_mode": "catmullrom"
						},
						"4.375": {
							"post": [-5.3125, 1.97, 2.5],
							"lerp_mode": "catmullrom"
						},
						"4.5": {
							"post": [-4.69, -1.06, 0.75],
							"lerp_mode": "catmullrom"
						},
						"4.5833": {
							"post": [-4.32, -1.74, 0.25],
							"lerp_mode": "catmullrom"
						},
						"4.7083": {
							"post": [-4.39, 0.71, 0.62],
							"lerp_mode": "catmullrom"
						},
						"4.7917": {
							"post": [-4.34, 0.5, 0.75],
							"lerp_mode": "catmullrom"
						},
						"4.9167": {
							"post": [-4.21, 0.685, 0.97],
							"lerp_mode": "catmullrom"
						},
						"5.125": {
							"post": [-4.21, 0.385, 0.97],
							"lerp_mode": "catmullrom"
						},
						"5.2917": {
							"post": [-0.3, -1.3, 0.5],
							"lerp_mode": "catmullrom"
						},
						"5.4167": {
							"post": [0, 0, 0],
							"lerp_mode": "catmullrom"
						}
					}
				},
				"R1": {
					"rotation": [94.93393, 4.57237, -174.60633],
					"position": [-7.5, -14, 4],
					"scale": [1.75, 2, 1.75]
				},
				"bone2": {
					"scale": 0
				},
				"root": {
					"rotation": {
						"0.0": {
							"post": [0, 0, 0],
							"lerp_mode": "catmullrom"
						},
						"0.1667": {
							"post": [0.75, -4.81, -2.43],
							"lerp_mode": "catmullrom"
						},
						"0.5417": [3.69054, -23.64635, -11.95579],
						"2.5417": [3.69054, -23.64635, -11.95579],
						"5.2083": {
							"pre": [0, 0, 0],
							"post": [0, 0, 0],
							"lerp_mode": "catmullrom"
						},
						"5.4167": {
							"post": [0, 0, 0],
							"lerp_mode": "catmullrom"
						},
						"5.4583": {
							"post": [0.36987, 0.01934, 2.36893],
							"lerp_mode": "catmullrom"
						},
						"5.5417": {
							"post": [0, 0, -0.5],
							"lerp_mode": "catmullrom"
						},
						"5.6667": {
							"post": [0, 0, 0],
							"lerp_mode": "catmullrom"
						}
					},
					"position": {
						"0.0": {
							"post": [0, 0, 0],
							"lerp_mode": "catmullrom"
						},
						"0.2917": {
							"post": [0.73, 0.57, 0.31],
							"lerp_mode": "catmullrom"
						},
						"0.5417": [3.6, 1.2, -2.5],
						"2.5417": [3.6, 1.2, -2.5],
						"3.2083": [2.74, 0.92, -2.61],
						"3.6667": [2.15, 0.73, -4.68],
						"4.5": [2.15, 0.73, -4.68],
						"4.875": {
							"pre": [0, 0, -4.68],
							"post": [0, 0, -4.68],
							"lerp_mode": "catmullrom"
						},
						"5.2083": {
							"post": [0, 0, -4.68],
							"lerp_mode": "catmullrom"
						},
						"5.4583": {
							"post": [0, -0.225, -0.45],
							"lerp_mode": "catmullrom"
						},
						"5.5833": {
							"post": [0, 0, 0],
							"lerp_mode": "catmullrom"
						}
					}
				},
				"gun": {
					"rotation": {
						"0.0": {
							"post": [0, 0, 0],
							"lerp_mode": "catmullrom"
						},
						"0.1667": {
							"post": [15.82154, -2.60627, 10.75016],
							"lerp_mode": "catmullrom"
						},
						"0.25": {
							"post": [-29.75797, -3.99024, -6.93945],
							"lerp_mode": "catmullrom"
						},
						"0.4167": {
							"post": [-33.72501, -6.80141, -10.46775],
							"lerp_mode": "catmullrom"
						},
						"0.5": {
							"post": [-31.89502, -11.43418, -15.67902],
							"lerp_mode": "catmullrom"
						},
						"0.5833": {
							"post": [-30.94266, -12.89322, -15.81875],
							"lerp_mode": "catmullrom"
						},
						"0.7917": {
							"post": [-25.99775, -22.52142, -25.82302],
							"lerp_mode": "catmullrom"
						},
						"1.0417": {
							"post": [-26.66229, -23.64621, -27.13419],
							"lerp_mode": "catmullrom"
						},
						"1.5833": {
							"post": [-26.99775, -22.52142, -25.82302],
							"lerp_mode": "catmullrom"
						},
						"1.875": {
							"post": [-27.47961, -20.76992, -22.70305],
							"lerp_mode": "catmullrom"
						},
						"2.0833": {
							"post": [-28.97606, -19.49827, -21.4678],
							"lerp_mode": "catmullrom"
						},
						"2.4583": {
							"post": [-29.11143, -19.22071, -20.33025],
							"lerp_mode": "catmullrom"
						},
						"2.6667": {
							"post": [-25.81617, -8.53906, -7.30326],
							"lerp_mode": "catmullrom"
						},
						"2.8333": {
							"post": [-0.34978, 24.07093, 86.40766],
							"lerp_mode": "catmullrom"
						},
						"2.9583": {
							"post": [4.89118, 8.36539, 78.36024],
							"lerp_mode": "catmullrom"
						},
						"3.125": {
							"post": [-42.57716, 18.94805, 55.8365],
							"lerp_mode": "catmullrom"
						},
						"3.2083": {
							"post": [-32.48043, 9.19734, 50.63627],
							"lerp_mode": "catmullrom"
						},
						"3.2917": {
							"post": [-13.575, 3.68165, 58.49269],
							"lerp_mode": "catmullrom"
						},
						"3.4583": {
							"post": [-4.7081, -0.74625, 45.20692],
							"lerp_mode": "catmullrom"
						},
						"3.5833": {
							"post": [-35.72, -11.263, -30.25942],
							"lerp_mode": "catmullrom"
						},
						"3.7083": {
							"post": [-13.08733, -18.86992, -31.3484],
							"lerp_mode": "catmullrom"
						},
						"3.9167": {
							"post": [-19.77607, -16.01829, -27.5328],
							"lerp_mode": "catmullrom"
						},
						"4.0": {
							"post": [-31.74892, -9.24929, -27.94045],
							"lerp_mode": "catmullrom"
						},
						"4.0833": {
							"post": [-43.61681, 1.71789, -22.22971],
							"lerp_mode": "catmullrom"
						},
						"4.1667": {
							"post": [-44.95377, 1.13657, -23.91025],
							"lerp_mode": "catmullrom"
						},
						"4.2917": {
							"post": [-45.56218, 2.32289, -24.18882],
							"lerp_mode": "catmullrom"
						},
						"4.4167": {
							"post": [-43.64278, 0.33782, -23.67753],
							"lerp_mode": "catmullrom"
						},
						"4.5": {
							"post": [-36.22, -5.61, -17.85],
							"lerp_mode": "catmullrom"
						},
						"4.625": {
							"post": [-4.37272, -14.18812, -7.83273],
							"lerp_mode": "catmullrom"
						},
						"4.8333": {
							"post": [-25.26572, -7.13504, -4.4306],
							"lerp_mode": "catmullrom"
						},
						"4.875": {
							"post": [-26.68783, -4.33467, -1.25666],
							"lerp_mode": "catmullrom"
						},
						"4.9167": {
							"post": [-25.35184, -2.86115, -0.51512],
							"lerp_mode": "catmullrom"
						},
						"5.125": {
							"post": [-25.32035, 0.75437, -2.22683],
							"lerp_mode": "catmullrom"
						},
						"5.2917": {
							"post": [-4.98107, -0.43523, -4.98107],
							"lerp_mode": "catmullrom"
						},
						"5.4167": {
							"post": [0, 0, 0],
							"lerp_mode": "catmullrom"
						}
					},
					"position": {
						"0.0": {
							"post": [0, 0, 0],
							"lerp_mode": "catmullrom"
						},
						"0.125": {
							"post": [-1.24, -3.42, -0.31],
							"lerp_mode": "catmullrom"
						},
						"0.2083": {
							"post": [-2.2875, -0.55, -1.2125],
							"lerp_mode": "catmullrom"
						},
						"0.2917": {
							"post": [-3.3525, 0.875, -2.05],
							"lerp_mode": "catmullrom"
						},
						"0.4167": {
							"post": [-4.35, 0.16, -1.73],
							"lerp_mode": "catmullrom"
						},
						"0.5417": {
							"post": [-5.08, -1.3, -1.38],
							"lerp_mode": "catmullrom"
						},
						"0.7917": {
							"post": [-5.8, 1.14, -1.04],
							"lerp_mode": "catmullrom"
						},
						"1.2083": {
							"post": [-5.84, 0.81, -1.07],
							"lerp_mode": "catmullrom"
						},
						"1.5833": {
							"post": [-5.75, 0.88, -1.1],
							"lerp_mode": "catmullrom"
						},
						"1.9167": {
							"post": [-5.5, 0.705, -0.75],
							"lerp_mode": "catmullrom"
						},
						"2.4583": {
							"post": [-5.86, 0.41, -0.68],
							"lerp_mode": "catmullrom"
						},
						"2.6667": {
							"post": [-7.5, -0.43, -0.68],
							"lerp_mode": "catmullrom"
						},
						"2.875": {
							"post": [-15.75, -6.43, -1.75],
							"lerp_mode": "catmullrom"
						},
						"3.0417": {
							"post": [-6.75, 1.1775, -4.32],
							"lerp_mode": "catmullrom"
						},
						"3.2917": {
							"post": [-5.935, -0.6975, -0.98],
							"lerp_mode": "catmullrom"
						},
						"3.4583": {
							"post": [-6.15, -0.53, -0.05],
							"lerp_mode": "catmullrom"
						},
						"3.6667": {
							"post": [-4.125, 4.67, -0.85],
							"lerp_mode": "catmullrom"
						},
						"3.8333": {
							"post": [-5.8125, 0.97, 0.25],
							"lerp_mode": "catmullrom"
						},
						"3.9583": {
							"post": [-5.58, 0.32, 1.65],
							"lerp_mode": "catmullrom"
						},
						"4.0417": {
							"post": [-5.3125, 2.37, 2.5],
							"lerp_mode": "catmullrom"
						},
						"4.2083": {
							"post": [-5.32, 2.45, 2.64],
							"lerp_mode": "catmullrom"
						},
						"4.375": {
							"post": [-5.3125, 1.97, 2.5],
							"lerp_mode": "catmullrom"
						},
						"4.5": {
							"post": [-4.69, -1.06, 0.75],
							"lerp_mode": "catmullrom"
						},
						"4.5833": {
							"post": [-4.32, -1.74, 0.25],
							"lerp_mode": "catmullrom"
						},
						"4.7083": {
							"post": [-4.39, 0.71, 0.62],
							"lerp_mode": "catmullrom"
						},
						"4.7917": {
							"post": [-4.34, 0.5, 0.75],
							"lerp_mode": "catmullrom"
						},
						"4.9167": {
							"post": [-4.21, 0.685, 0.97],
							"lerp_mode": "catmullrom"
						},
						"5.125": {
							"post": [-4.21, 0.385, 0.97],
							"lerp_mode": "catmullrom"
						},
						"5.2917": {
							"post": [-0.3, -1.3, 0.5],
							"lerp_mode": "catmullrom"
						},
						"5.4167": {
							"post": [0, 0, 0],
							"lerp_mode": "catmullrom"
						}
					}
				},
				"colt_python": {
					"rotation": {
						"0.2083": {
							"pre": [0, 0, 0],
							"post": [0, 0, 0],
							"lerp_mode": "catmullrom"
						},
						"0.4167": [-351.21082, -3.84097, -14.51082],
						"0.5": [-369.51761, -3.84055, -14.51047],
						"0.625": [-368.01, -3.84, -14.51],
						"0.8333": [-374.51082, -3.84097, -14.51082],
						"1.5833": [-374.51082, -3.84097, -14.51082],
						"1.9167": [-374.51082, -3.84097, -16.07332],
						"2.75": [-374.51082, -3.84097, -14.51082],
						"2.9583": [-354.51082, -3.84097, -14.51082],
						"3.2083": [-756.4625, 0.16, 14.4275],
						"3.5417": [-756.4625, 0.16, 14.4275],
						"3.75": [-1402.87955, -1.05364, 13.215],
						"4.0": [-1846.12, -2.51, 11.76],
						"4.125": [-1819.94, -2.81, 11.46],
						"4.25": [-1821.96015, -3.11499, 11.15395],
						"4.5": [-1836.04832, -3.84097, 10.42668],
						"4.7083": [-1476.57, -3.84, -14.51],
						"4.7917": [-1447.57, -3.84, -14.51],
						"4.875": [-1455.57, -3.84, -14.51],
						"5.0833": [-1459.57, -3.84, -14.51],
						"5.2917": [-1440, 0, 0]
					},
					"position": {
						"0.0": [0, 0, 0],
						"0.25": [2.4, 1, 1.875],
						"0.5417": [2.4, 1, 1.875],
						"1.5833": [2.4, 1, 1.875],
						"1.9167": [2.4, 1, 1.875],
						"2.5": [2.4, 1, 1.875],
						"2.9583": [2.4, 1, 1.875],
						"3.7083": [1.93, 1, 0.67],
						"3.875": [2.47, 1, 0.56],
						"4.0833": [2.63, 0.68, 0.39],
						"4.5": [2.63, 0.68, 0.39],
						"4.75": [1.935, 1.2025, 0.06],
						"5.0833": [1.935, 1.2025, 0.06],
						"5.2917": [0, 0, 0]
					}
				},
				"rightHand": {
					"rotation": [94.93393, 4.57237, -174.60633],
					"position": [-6.5, -14, -1],
					"scale": [1, 1.5, 1]
				},
				"leftHand": {
					"rotation": {
						"0.0": [111.33068, -370.9504, -185.06009],
						"0.25": [113.34288, -329.67552, -167.7079],
						"5.2083": [113.34288, -329.67552, -167.7079],
						"5.375": [105.5341, -389.98678, -161.53547],
						"5.4583": [111.33068, -370.9504, -185.06009]
					},
					"position": {
						"0.0": [6.975, -14.825, -1.3125],
						"0.25": [15.88, -27.12, 8.69],
						"5.2083": [15.88, -27.12, 8.69],
						"5.375": [8.975, -17.325, 5.4875],
						"5.4583": [6.975, -14.825, -1.3125]
					},
					"scale": {
						"0.0": [1, 1.5, 1],
						"5.4583": [1, 1.5, 1]
					}
				},
				"camera": {
					"rotation": {
						"0.0": [0, 0, 0],
						"0.0417": [-0.01, 0, -0.04],
						"0.0833": [-0.01, -0.01, -0.17],
						"0.125": [0.08, 0, -0.22],
						"0.1667": [0.19, 0.01, -0.26],
						"0.2083": [0.37, 0.03, -0.31],
						"0.25": [0.75, 0.07, -0.39],
						"0.2917": [0.91, 0.09, -0.4],
						"0.3333": [1, 0.1, -0.37],
						"0.375": [0.95, 0.11, -0.16],
						"0.4167": [0.67, 0.13, 0.25],
						"0.4583": [0.76, 0.14, 0.06],
						"0.5": [0.92, 0.16, -0.29],
						"0.5417": [1.09, 0.18, -0.63],
						"0.5833": [1.26, 0.23, -0.78],
						"0.625": [1.26, 0.26, -0.6],
						"0.6667": [1.26, 0.29, -0.38],
						"0.7083": [1.3, 0.32, -0.22],
						"0.75": [1.59, 0.4, -0.1],
						"0.7917": [1.74, 0.43, -0.09],
						"0.8333": [1.8, 0.45, -0.15],
						"0.875": [1.77, 0.45, -0.28],
						"0.9167": [1.56, 0.41, -0.7],
						"0.9583": [1.42, 0.39, -0.89],
						"1.0": [1.27, 0.37, -1],
						"1.0417": [1.02, 0.35, -0.98],
						"1.0833": [0.44, 0.31, -0.72],
						"1.125": [0.31, 0.3, -0.7],
						"1.1667": [0.33, 0.3, -0.77],
						"1.2083": [0.42, 0.29, -0.88],
						"1.25": [0.7, 0.3, -1.17],
						"1.2917": [0.85, 0.3, -1.32],
						"1.3333": [0.97, 0.3, -1.44],
						"1.375": [1.05, 0.3, -1.52],
						"1.4167": [1.04, 0.3, -1.6],
						"1.4583": [0.98, 0.3, -1.59],
						"1.5": {
							"pre": [0.92, 0.3, -1.56],
							"post": [0.92, 0.3, -1.56],
							"lerp_mode": "catmullrom"
						},
						"1.625": {
							"post": [0.77, 0.3, -1.54],
							"lerp_mode": "catmullrom"
						},
						"1.7917": {
							"post": [0.93, 0.3, -1.49],
							"lerp_mode": "catmullrom"
						},
						"1.8333": [0.97, 0.3, -1.29],
						"1.875": [1.01, 0.3, -1.16],
						"1.9167": [1.07, 0.3, -1.21],
						"1.9583": [1.11, 0.3, -1.28],
						"2.0": [1.16, 0.28, -1.27],
						"2.0417": [1.19, 0.25, -1.24],
						"2.0833": [1.28, 0.19, -1.1],
						"2.125": [1.33, 0.16, -1.02],
						"2.1667": [1.38, 0.12, -0.93],
						"2.2083": [1.42, 0.09, -0.85],
						"2.25": [1.49, 0.05, -0.72],
						"2.2917": [1.49, 0.04, -0.69],
						"2.3333": {
							"pre": [1.46, 0.05, -0.7],
							"post": [1.46, 0.05, -0.7],
							"lerp_mode": "catmullrom"
						},
						"2.5417": {
							"post": [1.64, 0.05, -0.81],
							"lerp_mode": "catmullrom"
						},
						"2.75": {
							"post": [1.43, 0.06, -0.71],
							"lerp_mode": "catmullrom"
						},
						"2.7917": [1.45, 0.08, -0.6],
						"2.8333": [1.7, 0.09, -0.15],
						"2.875": [2.03, 0.09, 0.43],
						"2.9167": [2.15, 0.03, 0.65],
						"2.9583": [1.55, -0.12, -0.32],
						"3.0": [1.16, -0.27, -0.95],
						"3.0417": [0.94, -0.55, -1.3],
						"3.0833": [0.97, -0.92, -1.25],
						"3.125": [1.34, -1.97, -0.68],
						"3.1667": [1.53, -2.47, -0.37],
						"3.2083": [1.62, -2.86, -0.2],
						"3.25": [1.59, -3.09, -0.18],
						"3.2917": [1.39, -3.41, -0.31],
						"3.3333": [1.26, -3.51, -0.42],
						"3.375": [1.16, -3.57, -0.52],
						"3.4167": [1.11, -3.6, -0.6],
						"3.4583": [1.11, -3.6, -0.67],
						"3.5": {
							"pre": [1.13, -3.58, -0.71],
							"post": [1.13, -3.58, -0.71],
							"lerp_mode": "catmullrom"
						},
						"3.5417": {
							"post": [1.43, -3.44, -0.71],
							"lerp_mode": "catmullrom"
						},
						"3.5833": {
							"post": [1.45, -3.22, -0.6],
							"lerp_mode": "catmullrom"
						},
						"3.625": {
							"post": [1.7, -2.91, -0.15],
							"lerp_mode": "catmullrom"
						},
						"3.6667": {
							"post": [2.03, -2.91, 0.43],
							"lerp_mode": "catmullrom"
						},
						"3.7083": {
							"post": [2.15, -2.97, 0.65],
							"lerp_mode": "catmullrom"
						},
						"3.75": {
							"post": [1.55, -2.82, -0.32],
							"lerp_mode": "catmullrom"
						},
						"3.7917": {
							"post": [1.16, -2.87, -0.95],
							"lerp_mode": "catmullrom"
						},
						"3.8333": {
							"post": [0.94, -2.75, -1.3],
							"lerp_mode": "catmullrom"
						},
						"3.875": {
							"post": [0.97, -2.42, -1.25],
							"lerp_mode": "catmullrom"
						},
						"3.9167": [1.34, -2.47, -0.68],
						"3.9583": [1.53, -2.47, -0.37],
						"4.0": [1.62, -2.86, -0.2],
						"4.0417": [1.59, -3.09, -0.18],
						"4.0833": [1.39, -3.41, -0.31],
						"4.125": [1.26, -3.51, -0.42],
						"4.1667": [1.16, -3.57, -0.52],
						"4.2083": [1.11, -3.6, -0.6],
						"4.25": [1.11, -3.6, -0.67],
						"4.2917": [1.13, -3.58, -0.71],
						"4.3333": [1.16, -3.55, -0.75],
						"4.375": [1.19, -3.51, -0.78],
						"4.4167": [1.27, -3.38, -0.84],
						"4.4583": [1.3, -3.3, -0.87],
						"4.5": [1.33, -3.19, -0.89],
						"4.625": {
							"pre": [1.43, -3.44, -0.71],
							"post": [1.43, -3.44, -0.71],
							"lerp_mode": "catmullrom"
						},
						"4.6667": {
							"post": [1.45, -3.22, -0.6],
							"lerp_mode": "catmullrom"
						},
						"4.7083": {
							"post": [1.7, -2.91, -0.15],
							"lerp_mode": "catmullrom"
						},
						"4.75": {
							"post": [2.03, -2.31, 0.43],
							"lerp_mode": "catmullrom"
						},
						"4.7917": {
							"post": [2.15, -1.97, 0.65],
							"lerp_mode": "catmullrom"
						},
						"4.8333": {
							"post": [1.55, -1.42, -0.32],
							"lerp_mode": "catmullrom"
						},
						"4.875": {
							"post": [1.16, -0.97, -0.95],
							"lerp_mode": "catmullrom"
						},
						"4.9167": {
							"post": [0.94, -0.45, -1.3],
							"lerp_mode": "catmullrom"
						},
						"4.9583": [1.34, -0.09, -0.07],
						"5.0": [1.47, -0.08, -0.42],
						"5.0417": [1.1, -0.05, -0.67],
						"5.0833": [0.67, -0.02, -0.42],
						"5.125": [0.35, 0, -0.22],
						"5.1667": [0.27, 0, -0.17],
						"5.2083": [0.33, 0, -0.14],
						"5.25": [0.34, 0, -0.1],
						"5.2917": [0.28, 0, -0.01],
						"5.3333": [0.19, 0, 0.12],
						"5.375": [0.05, 0, 0.28],
						"5.4167": [0.04, 0, 0.17],
						"5.4583": [0.07, 0, -0.03],
						"5.5": [0.08, 0, -0.15],
						"5.5417": [-0.02, 0, 0.02],
						"5.5833": [-0.05, 0, 0.1],
						"5.625": [-0.05, 0, 0.1],
						"5.6667": [-0.03, 0, 0.07],
						"5.7083": [0, 0, 0]
					}
				}
			},
			"sound_effects": {
				"0.0": {
					"effect": "p25_pi_decho_akimbo_l_inspect_rattle"
				},
				"0.1667": {
					"effect": "p25_pi_decho_akimbo_r_inspect_rotate"
				},
				"2.5417": {
					"effect": "p25_pi_decho_akimbo_r_reload_empty_rattle"
				},
				"2.7917": {
					"effect": "p25_pi_decho_akimbo_r_inspect_end"
				},
				"2.9583": {
					"effect": "p25_pi_decho_akimbo_l_drop_quick_rattle"
				},
				"3.5": {
					"effect": "p25_pi_decho_inspect_empty_rotate2"
				},
				"3.625": {
					"effect": "p25_pi_decho_reload_end"
				},
				"3.7917": {
					"effect": "p25_pi_decho_inspect_empty_slidecheck2"
				},
				"4.4583": {
					"effect": "p25_pi_decho_akimbo_r_drop_quick_rattle"
				},
				"4.7083": {
					"effect": "p25_pi_decho_akimbo_r_inspect_rattle"
				},
				"5.2083": {
					"effect": "p25_pi_decho_akimbo_r_reload_raise"
				}
			}
		},
		"inspect_empty": {
			"animation_length": 5.75,
			"bones": {
				"R2": {
					"rotation": {
						"0.0": {
							"post": [0, 0, 0],
							"lerp_mode": "catmullrom"
						},
						"0.1667": {
							"post": [15.82154, -2.60627, 10.75016],
							"lerp_mode": "catmullrom"
						},
						"0.25": {
							"post": [-29.75797, -3.99024, -6.93945],
							"lerp_mode": "catmullrom"
						},
						"0.4167": {
							"post": [-33.72501, -6.80141, -10.46775],
							"lerp_mode": "catmullrom"
						},
						"0.5": {
							"post": [-31.89502, -11.43418, -15.67902],
							"lerp_mode": "catmullrom"
						},
						"0.5833": {
							"post": [-30.94266, -12.89322, -15.81875],
							"lerp_mode": "catmullrom"
						},
						"0.7917": {
							"post": [-25.99775, -22.52142, -25.82302],
							"lerp_mode": "catmullrom"
						},
						"1.0417": {
							"post": [-26.66229, -23.64621, -27.13419],
							"lerp_mode": "catmullrom"
						},
						"1.5833": {
							"post": [-26.99775, -22.52142, -25.82302],
							"lerp_mode": "catmullrom"
						},
						"1.875": {
							"post": [-27.47961, -20.76992, -22.70305],
							"lerp_mode": "catmullrom"
						},
						"2.0833": {
							"post": [-28.97606, -19.49827, -21.4678],
							"lerp_mode": "catmullrom"
						},
						"2.4583": {
							"post": [-29.11143, -19.22071, -20.33025],
							"lerp_mode": "catmullrom"
						},
						"2.6667": {
							"post": [-25.81617, -8.53906, -7.30326],
							"lerp_mode": "catmullrom"
						},
						"2.8333": {
							"post": [-0.34978, 24.07093, 86.40766],
							"lerp_mode": "catmullrom"
						},
						"2.9583": {
							"post": [4.89118, 8.36539, 78.36024],
							"lerp_mode": "catmullrom"
						},
						"3.125": {
							"post": [-42.57716, 18.94805, 55.8365],
							"lerp_mode": "catmullrom"
						},
						"3.2083": {
							"post": [-32.48043, 9.19734, 50.63627],
							"lerp_mode": "catmullrom"
						},
						"3.2917": {
							"post": [-13.575, 3.68165, 58.49269],
							"lerp_mode": "catmullrom"
						},
						"3.4583": {
							"post": [-4.7081, -0.74625, 45.20692],
							"lerp_mode": "catmullrom"
						},
						"3.5833": {
							"post": [-35.72, -11.263, -30.25942],
							"lerp_mode": "catmullrom"
						},
						"3.7083": {
							"post": [-13.08733, -18.86992, -31.3484],
							"lerp_mode": "catmullrom"
						},
						"3.9167": {
							"post": [-19.77607, -16.01829, -27.5328],
							"lerp_mode": "catmullrom"
						},
						"4.0": {
							"post": [-31.74892, -9.24929, -27.94045],
							"lerp_mode": "catmullrom"
						},
						"4.0833": {
							"post": [-43.61681, 1.71789, -22.22971],
							"lerp_mode": "catmullrom"
						},
						"4.1667": {
							"post": [-44.95377, 1.13657, -23.91025],
							"lerp_mode": "catmullrom"
						},
						"4.2917": {
							"post": [-45.56218, 2.32289, -24.18882],
							"lerp_mode": "catmullrom"
						},
						"4.4167": {
							"post": [-43.64278, 0.33782, -23.67753],
							"lerp_mode": "catmullrom"
						},
						"4.5": {
							"post": [-36.22, -5.61, -17.85],
							"lerp_mode": "catmullrom"
						},
						"4.625": {
							"post": [-4.37272, -14.18812, -7.83273],
							"lerp_mode": "catmullrom"
						},
						"4.8333": {
							"post": [-25.26572, -7.13504, -4.4306],
							"lerp_mode": "catmullrom"
						},
						"4.875": {
							"post": [-26.68783, -4.33467, -1.25666],
							"lerp_mode": "catmullrom"
						},
						"4.9167": {
							"post": [-25.35184, -2.86115, -0.51512],
							"lerp_mode": "catmullrom"
						},
						"5.125": {
							"post": [-25.32035, 0.75437, -2.22683],
							"lerp_mode": "catmullrom"
						},
						"5.2917": {
							"post": [-4.98107, -0.43523, -4.98107],
							"lerp_mode": "catmullrom"
						},
						"5.4167": {
							"post": [0, 0, 0],
							"lerp_mode": "catmullrom"
						}
					},
					"position": {
						"0.0": {
							"post": [0, 0, 0],
							"lerp_mode": "catmullrom"
						},
						"0.125": {
							"post": [-1.24, -3.42, -0.31],
							"lerp_mode": "catmullrom"
						},
						"0.2083": {
							"post": [-2.2875, -0.55, -1.2125],
							"lerp_mode": "catmullrom"
						},
						"0.2917": {
							"post": [-3.3525, 0.875, -2.05],
							"lerp_mode": "catmullrom"
						},
						"0.4167": {
							"post": [-4.35, 0.16, -1.73],
							"lerp_mode": "catmullrom"
						},
						"0.5417": {
							"post": [-5.08, -1.3, -1.38],
							"lerp_mode": "catmullrom"
						},
						"0.7917": {
							"post": [-5.8, 1.14, -1.04],
							"lerp_mode": "catmullrom"
						},
						"1.2083": {
							"post": [-5.84, 0.81, -1.07],
							"lerp_mode": "catmullrom"
						},
						"1.5833": {
							"post": [-5.75, 0.88, -1.1],
							"lerp_mode": "catmullrom"
						},
						"1.9167": {
							"post": [-5.5, 0.705, -0.75],
							"lerp_mode": "catmullrom"
						},
						"2.4583": {
							"post": [-5.86, 0.41, -0.68],
							"lerp_mode": "catmullrom"
						},
						"2.6667": {
							"post": [-7.5, -0.43, -0.68],
							"lerp_mode": "catmullrom"
						},
						"2.875": {
							"post": [-15.75, -6.43, -1.75],
							"lerp_mode": "catmullrom"
						},
						"3.0417": {
							"post": [-6.75, 1.1775, -4.32],
							"lerp_mode": "catmullrom"
						},
						"3.2917": {
							"post": [-5.935, -0.6975, -0.98],
							"lerp_mode": "catmullrom"
						},
						"3.4583": {
							"post": [-6.15, -0.53, -0.05],
							"lerp_mode": "catmullrom"
						},
						"3.6667": {
							"post": [-4.125, 4.67, -0.85],
							"lerp_mode": "catmullrom"
						},
						"3.8333": {
							"post": [-5.8125, 0.97, 0.25],
							"lerp_mode": "catmullrom"
						},
						"3.9583": {
							"post": [-5.58, 0.32, 1.65],
							"lerp_mode": "catmullrom"
						},
						"4.0417": {
							"post": [-5.3125, 2.37, 2.5],
							"lerp_mode": "catmullrom"
						},
						"4.2083": {
							"post": [-5.32, 2.45, 2.64],
							"lerp_mode": "catmullrom"
						},
						"4.375": {
							"post": [-5.3125, 1.97, 2.5],
							"lerp_mode": "catmullrom"
						},
						"4.5": {
							"post": [-4.69, -1.06, 0.75],
							"lerp_mode": "catmullrom"
						},
						"4.5833": {
							"post": [-4.32, -1.74, 0.25],
							"lerp_mode": "catmullrom"
						},
						"4.7083": {
							"post": [-4.39, 0.71, 0.62],
							"lerp_mode": "catmullrom"
						},
						"4.7917": {
							"post": [-4.34, 0.5, 0.75],
							"lerp_mode": "catmullrom"
						},
						"4.9167": {
							"post": [-4.21, 0.685, 0.97],
							"lerp_mode": "catmullrom"
						},
						"5.125": {
							"post": [-4.21, 0.385, 0.97],
							"lerp_mode": "catmullrom"
						},
						"5.2917": {
							"post": [-0.3, -1.3, 0.5],
							"lerp_mode": "catmullrom"
						},
						"5.4167": {
							"post": [0, 0, 0],
							"lerp_mode": "catmullrom"
						}
					}
				},
				"R1": {
					"rotation": [94.93393, 4.57237, -174.60633],
					"position": [-7.5, -14, 4],
					"scale": [1.75, 2, 1.75]
				},
				"bone2": {
					"scale": 0
				},
				"root": {
					"rotation": {
						"0.0": {
							"post": [0, 0, 0],
							"lerp_mode": "catmullrom"
						},
						"0.1667": {
							"post": [0.75, -4.81, -2.43],
							"lerp_mode": "catmullrom"
						},
						"0.5417": [3.69054, -23.64635, -11.95579],
						"2.5417": [3.69054, -23.64635, -11.95579],
						"5.2083": {
							"pre": [0, 0, 0],
							"post": [0, 0, 0],
							"lerp_mode": "catmullrom"
						},
						"5.4167": {
							"post": [0, 0, 0],
							"lerp_mode": "catmullrom"
						},
						"5.4583": {
							"post": [0.36987, 0.01934, 2.36893],
							"lerp_mode": "catmullrom"
						},
						"5.5417": {
							"post": [0, 0, -0.5],
							"lerp_mode": "catmullrom"
						},
						"5.6667": {
							"post": [0, 0, 0],
							"lerp_mode": "catmullrom"
						}
					},
					"position": {
						"0.0": {
							"post": [0, 0, 0],
							"lerp_mode": "catmullrom"
						},
						"0.2917": {
							"post": [0.73, 0.57, 0.31],
							"lerp_mode": "catmullrom"
						},
						"0.5417": [3.6, 1.2, -2.5],
						"2.5417": [3.6, 1.2, -2.5],
						"3.2083": [2.74, 0.92, -2.61],
						"3.6667": [2.15, 0.73, -4.68],
						"4.5": [2.15, 0.73, -4.68],
						"4.875": {
							"pre": [0, 0, -4.68],
							"post": [0, 0, -4.68],
							"lerp_mode": "catmullrom"
						},
						"5.2083": {
							"post": [0, 0, -4.68],
							"lerp_mode": "catmullrom"
						},
						"5.4583": {
							"post": [0, -0.225, -0.45],
							"lerp_mode": "catmullrom"
						},
						"5.5833": {
							"post": [0, 0, 0],
							"lerp_mode": "catmullrom"
						}
					}
				},
				"gun": {
					"rotation": {
						"0.0": {
							"post": [0, 0, 0],
							"lerp_mode": "catmullrom"
						},
						"0.1667": {
							"post": [15.82154, -2.60627, 10.75016],
							"lerp_mode": "catmullrom"
						},
						"0.25": {
							"post": [-29.75797, -3.99024, -6.93945],
							"lerp_mode": "catmullrom"
						},
						"0.4167": {
							"post": [-33.72501, -6.80141, -10.46775],
							"lerp_mode": "catmullrom"
						},
						"0.5": {
							"post": [-31.89502, -11.43418, -15.67902],
							"lerp_mode": "catmullrom"
						},
						"0.5833": {
							"post": [-30.94266, -12.89322, -15.81875],
							"lerp_mode": "catmullrom"
						},
						"0.7917": {
							"post": [-25.99775, -22.52142, -25.82302],
							"lerp_mode": "catmullrom"
						},
						"1.0417": {
							"post": [-26.66229, -23.64621, -27.13419],
							"lerp_mode": "catmullrom"
						},
						"1.5833": {
							"post": [-26.99775, -22.52142, -25.82302],
							"lerp_mode": "catmullrom"
						},
						"1.875": {
							"post": [-27.47961, -20.76992, -22.70305],
							"lerp_mode": "catmullrom"
						},
						"2.0833": {
							"post": [-28.97606, -19.49827, -21.4678],
							"lerp_mode": "catmullrom"
						},
						"2.4583": {
							"post": [-29.11143, -19.22071, -20.33025],
							"lerp_mode": "catmullrom"
						},
						"2.6667": {
							"post": [-25.81617, -8.53906, -7.30326],
							"lerp_mode": "catmullrom"
						},
						"2.8333": {
							"post": [-0.34978, 24.07093, 86.40766],
							"lerp_mode": "catmullrom"
						},
						"2.9583": {
							"post": [4.89118, 8.36539, 78.36024],
							"lerp_mode": "catmullrom"
						},
						"3.125": {
							"post": [-42.57716, 18.94805, 55.8365],
							"lerp_mode": "catmullrom"
						},
						"3.2083": {
							"post": [-32.48043, 9.19734, 50.63627],
							"lerp_mode": "catmullrom"
						},
						"3.2917": {
							"post": [-13.575, 3.68165, 58.49269],
							"lerp_mode": "catmullrom"
						},
						"3.4583": {
							"post": [-4.7081, -0.74625, 45.20692],
							"lerp_mode": "catmullrom"
						},
						"3.5833": {
							"post": [-35.72, -11.263, -30.25942],
							"lerp_mode": "catmullrom"
						},
						"3.7083": {
							"post": [-13.08733, -18.86992, -31.3484],
							"lerp_mode": "catmullrom"
						},
						"3.9167": {
							"post": [-19.77607, -16.01829, -27.5328],
							"lerp_mode": "catmullrom"
						},
						"4.0": {
							"post": [-31.74892, -9.24929, -27.94045],
							"lerp_mode": "catmullrom"
						},
						"4.0833": {
							"post": [-43.61681, 1.71789, -22.22971],
							"lerp_mode": "catmullrom"
						},
						"4.1667": {
							"post": [-44.95377, 1.13657, -23.91025],
							"lerp_mode": "catmullrom"
						},
						"4.2917": {
							"post": [-45.56218, 2.32289, -24.18882],
							"lerp_mode": "catmullrom"
						},
						"4.4167": {
							"post": [-43.64278, 0.33782, -23.67753],
							"lerp_mode": "catmullrom"
						},
						"4.5": {
							"post": [-36.22, -5.61, -17.85],
							"lerp_mode": "catmullrom"
						},
						"4.625": {
							"post": [-4.37272, -14.18812, -7.83273],
							"lerp_mode": "catmullrom"
						},
						"4.8333": {
							"post": [-25.26572, -7.13504, -4.4306],
							"lerp_mode": "catmullrom"
						},
						"4.875": {
							"post": [-26.68783, -4.33467, -1.25666],
							"lerp_mode": "catmullrom"
						},
						"4.9167": {
							"post": [-25.35184, -2.86115, -0.51512],
							"lerp_mode": "catmullrom"
						},
						"5.125": {
							"post": [-25.32035, 0.75437, -2.22683],
							"lerp_mode": "catmullrom"
						},
						"5.2917": {
							"post": [-4.98107, -0.43523, -4.98107],
							"lerp_mode": "catmullrom"
						},
						"5.4167": {
							"post": [0, 0, 0],
							"lerp_mode": "catmullrom"
						}
					},
					"position": {
						"0.0": {
							"post": [0, 0, 0],
							"lerp_mode": "catmullrom"
						},
						"0.125": {
							"post": [-1.24, -3.42, -0.31],
							"lerp_mode": "catmullrom"
						},
						"0.2083": {
							"post": [-2.2875, -0.55, -1.2125],
							"lerp_mode": "catmullrom"
						},
						"0.2917": {
							"post": [-3.3525, 0.875, -2.05],
							"lerp_mode": "catmullrom"
						},
						"0.4167": {
							"post": [-4.35, 0.16, -1.73],
							"lerp_mode": "catmullrom"
						},
						"0.5417": {
							"post": [-5.08, -1.3, -1.38],
							"lerp_mode": "catmullrom"
						},
						"0.7917": {
							"post": [-5.8, 1.14, -1.04],
							"lerp_mode": "catmullrom"
						},
						"1.2083": {
							"post": [-5.84, 0.81, -1.07],
							"lerp_mode": "catmullrom"
						},
						"1.5833": {
							"post": [-5.75, 0.88, -1.1],
							"lerp_mode": "catmullrom"
						},
						"1.9167": {
							"post": [-5.5, 0.705, -0.75],
							"lerp_mode": "catmullrom"
						},
						"2.4583": {
							"post": [-5.86, 0.41, -0.68],
							"lerp_mode": "catmullrom"
						},
						"2.6667": {
							"post": [-7.5, -0.43, -0.68],
							"lerp_mode": "catmullrom"
						},
						"2.875": {
							"post": [-15.75, -6.43, -1.75],
							"lerp_mode": "catmullrom"
						},
						"3.0417": {
							"post": [-6.75, 1.1775, -4.32],
							"lerp_mode": "catmullrom"
						},
						"3.2917": {
							"post": [-5.935, -0.6975, -0.98],
							"lerp_mode": "catmullrom"
						},
						"3.4583": {
							"post": [-6.15, -0.53, -0.05],
							"lerp_mode": "catmullrom"
						},
						"3.6667": {
							"post": [-4.125, 4.67, -0.85],
							"lerp_mode": "catmullrom"
						},
						"3.8333": {
							"post": [-5.8125, 0.97, 0.25],
							"lerp_mode": "catmullrom"
						},
						"3.9583": {
							"post": [-5.58, 0.32, 1.65],
							"lerp_mode": "catmullrom"
						},
						"4.0417": {
							"post": [-5.3125, 2.37, 2.5],
							"lerp_mode": "catmullrom"
						},
						"4.2083": {
							"post": [-5.32, 2.45, 2.64],
							"lerp_mode": "catmullrom"
						},
						"4.375": {
							"post": [-5.3125, 1.97, 2.5],
							"lerp_mode": "catmullrom"
						},
						"4.5": {
							"post": [-4.69, -1.06, 0.75],
							"lerp_mode": "catmullrom"
						},
						"4.5833": {
							"post": [-4.32, -1.74, 0.25],
							"lerp_mode": "catmullrom"
						},
						"4.7083": {
							"post": [-4.39, 0.71, 0.62],
							"lerp_mode": "catmullrom"
						},
						"4.7917": {
							"post": [-4.34, 0.5, 0.75],
							"lerp_mode": "catmullrom"
						},
						"4.9167": {
							"post": [-4.21, 0.685, 0.97],
							"lerp_mode": "catmullrom"
						},
						"5.125": {
							"post": [-4.21, 0.385, 0.97],
							"lerp_mode": "catmullrom"
						},
						"5.2917": {
							"post": [-0.3, -1.3, 0.5],
							"lerp_mode": "catmullrom"
						},
						"5.4167": {
							"post": [0, 0, 0],
							"lerp_mode": "catmullrom"
						}
					}
				},
				"colt_python": {
					"rotation": {
						"0.2083": {
							"pre": [0, 0, 0],
							"post": [0, 0, 0],
							"lerp_mode": "catmullrom"
						},
						"0.4167": [-351.21082, -3.84097, -14.51082],
						"0.5": [-369.51761, -3.84055, -14.51047],
						"0.625": [-368.01, -3.84, -14.51],
						"0.8333": [-374.51082, -3.84097, -14.51082],
						"1.5833": [-374.51082, -3.84097, -14.51082],
						"1.9167": [-374.51082, -3.84097, -16.07332],
						"2.75": [-374.51082, -3.84097, -14.51082],
						"2.9583": [-354.51082, -3.84097, -14.51082],
						"3.2083": [-756.4625, 0.16, 14.4275],
						"3.5417": [-756.4625, 0.16, 14.4275],
						"3.75": [-1402.87955, -1.05364, 13.215],
						"4.0": [-1846.12, -2.51, 11.76],
						"4.125": [-1819.94, -2.81, 11.46],
						"4.25": [-1821.96015, -3.11499, 11.15395],
						"4.5": [-1836.04832, -3.84097, 10.42668],
						"4.7083": [-1476.57, -3.84, -14.51],
						"4.7917": [-1447.57, -3.84, -14.51],
						"4.875": [-1455.57, -3.84, -14.51],
						"5.0833": [-1459.57, -3.84, -14.51],
						"5.2917": [-1440, 0, 0]
					},
					"position": {
						"0.0": [0, 0, 0],
						"0.25": [2.4, 1, 1.875],
						"0.5417": [2.4, 1, 1.875],
						"1.5833": [2.4, 1, 1.875],
						"1.9167": [2.4, 1, 1.875],
						"2.5": [2.4, 1, 1.875],
						"2.9583": [2.4, 1, 1.875],
						"3.7083": [1.93, 1, 0.67],
						"3.875": [2.47, 1, 0.56],
						"4.0833": [2.63, 0.68, 0.39],
						"4.5": [2.63, 0.68, 0.39],
						"4.75": [1.935, 1.2025, 0.06],
						"5.0833": [1.935, 1.2025, 0.06],
						"5.2917": [0, 0, 0]
					}
				},
				"rightHand": {
					"rotation": [94.93393, 4.57237, -174.60633],
					"position": [-6.5, -14, -1],
					"scale": [1, 1.5, 1]
				},
				"leftHand": {
					"rotation": {
						"0.0": [111.33068, -370.9504, -185.06009],
						"0.25": [113.34288, -329.67552, -167.7079],
						"5.2083": [113.34288, -329.67552, -167.7079],
						"5.375": [105.5341, -389.98678, -161.53547],
						"5.4583": [111.33068, -370.9504, -185.06009]
					},
					"position": {
						"0.0": [6.975, -14.825, -1.3125],
						"0.25": [15.88, -27.12, 8.69],
						"5.2083": [15.88, -27.12, 8.69],
						"5.375": [8.975, -17.325, 5.4875],
						"5.4583": [6.975, -14.825, -1.3125]
					},
					"scale": {
						"0.0": [1, 1.5, 1],
						"5.4583": [1, 1.5, 1]
					}
				},
				"camera": {
					"rotation": {
						"0.0": [0, 0, 0],
						"0.0417": [-0.01, 0, -0.04],
						"0.0833": [-0.01, -0.01, -0.17],
						"0.125": [0.08, 0, -0.22],
						"0.1667": [0.19, 0.01, -0.26],
						"0.2083": [0.37, 0.03, -0.31],
						"0.25": [0.75, 0.07, -0.39],
						"0.2917": [0.91, 0.09, -0.4],
						"0.3333": [1, 0.1, -0.37],
						"0.375": [0.95, 0.11, -0.16],
						"0.4167": [0.67, 0.13, 0.25],
						"0.4583": [0.76, 0.14, 0.06],
						"0.5": [0.92, 0.16, -0.29],
						"0.5417": [1.09, 0.18, -0.63],
						"0.5833": [1.26, 0.23, -0.78],
						"0.625": [1.26, 0.26, -0.6],
						"0.6667": [1.26, 0.29, -0.38],
						"0.7083": [1.3, 0.32, -0.22],
						"0.75": [1.59, 0.4, -0.1],
						"0.7917": [1.74, 0.43, -0.09],
						"0.8333": [1.8, 0.45, -0.15],
						"0.875": [1.77, 0.45, -0.28],
						"0.9167": [1.56, 0.41, -0.7],
						"0.9583": [1.42, 0.39, -0.89],
						"1.0": [1.27, 0.37, -1],
						"1.0417": [1.02, 0.35, -0.98],
						"1.0833": [0.44, 0.31, -0.72],
						"1.125": [0.31, 0.3, -0.7],
						"1.1667": [0.33, 0.3, -0.77],
						"1.2083": [0.42, 0.29, -0.88],
						"1.25": [0.7, 0.3, -1.17],
						"1.2917": [0.85, 0.3, -1.32],
						"1.3333": [0.97, 0.3, -1.44],
						"1.375": [1.05, 0.3, -1.52],
						"1.4167": [1.04, 0.3, -1.6],
						"1.4583": [0.98, 0.3, -1.59],
						"1.5": {
							"pre": [0.92, 0.3, -1.56],
							"post": [0.92, 0.3, -1.56],
							"lerp_mode": "catmullrom"
						},
						"1.625": {
							"post": [0.77, 0.3, -1.54],
							"lerp_mode": "catmullrom"
						},
						"1.7917": {
							"post": [0.93, 0.3, -1.49],
							"lerp_mode": "catmullrom"
						},
						"1.8333": [0.97, 0.3, -1.29],
						"1.875": [1.01, 0.3, -1.16],
						"1.9167": [1.07, 0.3, -1.21],
						"1.9583": [1.11, 0.3, -1.28],
						"2.0": [1.16, 0.28, -1.27],
						"2.0417": [1.19, 0.25, -1.24],
						"2.0833": [1.28, 0.19, -1.1],
						"2.125": [1.33, 0.16, -1.02],
						"2.1667": [1.38, 0.12, -0.93],
						"2.2083": [1.42, 0.09, -0.85],
						"2.25": [1.49, 0.05, -0.72],
						"2.2917": [1.49, 0.04, -0.69],
						"2.3333": {
							"pre": [1.46, 0.05, -0.7],
							"post": [1.46, 0.05, -0.7],
							"lerp_mode": "catmullrom"
						},
						"2.5417": {
							"post": [1.64, 0.05, -0.81],
							"lerp_mode": "catmullrom"
						},
						"2.75": {
							"post": [1.43, 0.06, -0.71],
							"lerp_mode": "catmullrom"
						},
						"2.7917": [1.45, 0.08, -0.6],
						"2.8333": [1.7, 0.09, -0.15],
						"2.875": [2.03, 0.09, 0.43],
						"2.9167": [2.15, 0.03, 0.65],
						"2.9583": [1.55, -0.12, -0.32],
						"3.0": [1.16, -0.27, -0.95],
						"3.0417": [0.94, -0.55, -1.3],
						"3.0833": [0.97, -0.92, -1.25],
						"3.125": [1.34, -1.97, -0.68],
						"3.1667": [1.53, -2.47, -0.37],
						"3.2083": [1.62, -2.86, -0.2],
						"3.25": [1.59, -3.09, -0.18],
						"3.2917": [1.39, -3.41, -0.31],
						"3.3333": [1.26, -3.51, -0.42],
						"3.375": [1.16, -3.57, -0.52],
						"3.4167": [1.11, -3.6, -0.6],
						"3.4583": [1.11, -3.6, -0.67],
						"3.5": {
							"pre": [1.13, -3.58, -0.71],
							"post": [1.13, -3.58, -0.71],
							"lerp_mode": "catmullrom"
						},
						"3.5417": {
							"post": [1.43, -3.44, -0.71],
							"lerp_mode": "catmullrom"
						},
						"3.5833": {
							"post": [1.45, -3.22, -0.6],
							"lerp_mode": "catmullrom"
						},
						"3.625": {
							"post": [1.7, -2.91, -0.15],
							"lerp_mode": "catmullrom"
						},
						"3.6667": {
							"post": [2.03, -2.91, 0.43],
							"lerp_mode": "catmullrom"
						},
						"3.7083": {
							"post": [2.15, -2.97, 0.65],
							"lerp_mode": "catmullrom"
						},
						"3.75": {
							"post": [1.55, -2.82, -0.32],
							"lerp_mode": "catmullrom"
						},
						"3.7917": {
							"post": [1.16, -2.87, -0.95],
							"lerp_mode": "catmullrom"
						},
						"3.8333": {
							"post": [0.94, -2.75, -1.3],
							"lerp_mode": "catmullrom"
						},
						"3.875": {
							"post": [0.97, -2.42, -1.25],
							"lerp_mode": "catmullrom"
						},
						"3.9167": [1.34, -2.47, -0.68],
						"3.9583": [1.53, -2.47, -0.37],
						"4.0": [1.62, -2.86, -0.2],
						"4.0417": [1.59, -3.09, -0.18],
						"4.0833": [1.39, -3.41, -0.31],
						"4.125": [1.26, -3.51, -0.42],
						"4.1667": [1.16, -3.57, -0.52],
						"4.2083": [1.11, -3.6, -0.6],
						"4.25": [1.11, -3.6, -0.67],
						"4.2917": [1.13, -3.58, -0.71],
						"4.3333": [1.16, -3.55, -0.75],
						"4.375": [1.19, -3.51, -0.78],
						"4.4167": [1.27, -3.38, -0.84],
						"4.4583": [1.3, -3.3, -0.87],
						"4.5": [1.33, -3.19, -0.89],
						"4.625": {
							"pre": [1.43, -3.44, -0.71],
							"post": [1.43, -3.44, -0.71],
							"lerp_mode": "catmullrom"
						},
						"4.6667": {
							"post": [1.45, -3.22, -0.6],
							"lerp_mode": "catmullrom"
						},
						"4.7083": {
							"post": [1.7, -2.91, -0.15],
							"lerp_mode": "catmullrom"
						},
						"4.75": {
							"post": [2.03, -2.31, 0.43],
							"lerp_mode": "catmullrom"
						},
						"4.7917": {
							"post": [2.15, -1.97, 0.65],
							"lerp_mode": "catmullrom"
						},
						"4.8333": {
							"post": [1.55, -1.42, -0.32],
							"lerp_mode": "catmullrom"
						},
						"4.875": {
							"post": [1.16, -0.97, -0.95],
							"lerp_mode": "catmullrom"
						},
						"4.9167": {
							"post": [0.94, -0.45, -1.3],
							"lerp_mode": "catmullrom"
						},
						"4.9583": [1.34, -0.09, -0.07],
						"5.0": [1.47, -0.08, -0.42],
						"5.0417": [1.1, -0.05, -0.67],
						"5.0833": [0.67, -0.02, -0.42],
						"5.125": [0.35, 0, -0.22],
						"5.1667": [0.27, 0, -0.17],
						"5.2083": [0.33, 0, -0.14],
						"5.25": [0.34, 0, -0.1],
						"5.2917": [0.28, 0, -0.01],
						"5.3333": [0.19, 0, 0.12],
						"5.375": [0.05, 0, 0.28],
						"5.4167": [0.04, 0, 0.17],
						"5.4583": [0.07, 0, -0.03],
						"5.5": [0.08, 0, -0.15],
						"5.5417": [-0.02, 0, 0.02],
						"5.5833": [-0.05, 0, 0.1],
						"5.625": [-0.05, 0, 0.1],
						"5.6667": [-0.03, 0, 0.07],
						"5.7083": [0, 0, 0]
					}
				}
			},
			"sound_effects": {
				"0.0": {
					"effect": "p25_pi_decho_akimbo_l_inspect_rattle"
				},
				"0.1667": {
					"effect": "p25_pi_decho_akimbo_r_inspect_rotate"
				},
				"2.5417": {
					"effect": "p25_pi_decho_akimbo_r_reload_empty_rattle"
				},
				"2.7917": {
					"effect": "p25_pi_decho_akimbo_r_inspect_end"
				},
				"2.9583": {
					"effect": "p25_pi_decho_akimbo_l_drop_quick_rattle"
				},
				"3.5": {
					"effect": "p25_pi_decho_inspect_empty_rotate2"
				},
				"3.625": {
					"effect": "p25_pi_decho_reload_end"
				},
				"3.7917": {
					"effect": "p25_pi_decho_inspect_empty_slidecheck2"
				},
				"4.4583": {
					"effect": "p25_pi_decho_akimbo_r_drop_quick_rattle"
				},
				"4.7083": {
					"effect": "p25_pi_decho_akimbo_r_inspect_rattle"
				},
				"5.2083": {
					"effect": "p25_pi_decho_akimbo_r_reload_raise"
				}
			}
		},
		"reload_empty": {
			"animation_length": 1.8,
			"bones": {
				"lever": {
					"rotation": {
						"0.0333": [0, 0, 0],
						"0.1333": [-2.43049, -17.26784, 1.9062],
						"1.3667": [-2.43049, -17.26784, 1.9062],
						"1.4": [0, 0, 0]
					}
				},
				"ejector": {
					"position": {
						"0.2667": [0, 0, 0],
						"0.3": [0, 0, 0.125],
						"1.1667": [0, 0, 0.125],
						"1.2": [0, 0, 0]
					}
				},
				"root": {
					"rotation": {
						"0.0": [0, 0, 0],
						"0.0333": [0.71, -0.08, 1.21],
						"0.0667": [1.42, -0.17, 1.99],
						"0.1": [1.39, -0.17, 1.18],
						"0.1333": [1.21, -0.14, -0.22],
						"0.1667": [1.42, -0.17, -1.38],
						"0.2": [2.41, -0.3, -1.26],
						"0.2333": [4.96, -0.61, -2.5],
						"0.2667": [11.25, -1.41, -9.65],
						"0.3": [17.48, -2.11, -16.7],
						"0.3333": [20.51, -1.72, -17.06],
						"0.3667": [17.9, -2.28, -17.19],
						"0.4": [13.84, -3.1, -17.28],
						"0.4333": [10.53, -3.62, -16.98],
						"0.4667": [9.4, -3.61, -16.45],
						"0.5": [8.57, -3.43, -15.67],
						"0.5333": [8, -3.18, -14.81],
						"0.5667": [7.6, -2.96, -14.02],
						"0.6": [7.32, -2.86, -13.48],
						"0.6333": [7.22, -2.9, -13.25],
						"0.6667": [7.29, -3.02, -13.16],
						"0.7": [7.48, -3.17, -13.15],
						"0.7333": [7.71, -3.34, -13.2],
						"0.7667": [7.91, -3.49, -13.25],
						"0.8": [8.02, -3.61, -13.27],
						"0.8333": [8.01, -3.74, -13.29],
						"0.8667": [7.92, -3.85, -13.35],
						"0.9": [7.83, -3.91, -13.38],
						"0.9333": [7.84, -3.86, -13.31],
						"0.9667": [8.08, -3.55, -12.99],
						"1.0": [8.44, -3.08, -12.54],
						"1.0333": [8.73, -2.71, -12.17],
						"1.0667": [8.87, -2.57, -12.03],
						"1.1": [8.99, -2.48, -11.97],
						"1.1333": [9.03, -2.46, -11.9],
						"1.1667": [8.98, -2.5, -11.78],
						"1.2": [7.73, -3.34, -10.77],
						"1.2333": [8.6, -3.37, -12.89],
						"1.2667": [9.53, -3.23, -14.95],
						"1.3": [9.36, -2.94, -14.5],
						"1.3333": [8.87, -2.66, -13.52],
						"1.3667": [9.05, -2.51, -13.57],
						"1.4": [9.23, -2.43, -13.77],
						"1.4333": [8.13, -2.66, -13.52],
						"1.4667": [1.73, -4.25, -11.75],
						"1.5": [-4.08, -5.5, -9.4],
						"1.5333": [-0.04, -2.75, -4.7],
						"1.5667": [1.23, -1.22, -2.06],
						"1.6": [1.75, 0, 0],
						"1.6333": [0.85, 0.31, 0.29],
						"1.6667": [-0.25, 0.25, 0],
						"1.7": [-0.32, 0.19, 0],
						"1.7333": [-0.15, 0.08, 0],
						"1.7667": [0, 0, 0]
					},
					"position": {
						"0.0": [0, 0, 0],
						"0.0333": [0.04, 0, 0],
						"0.0667": [0.09, -0.02, 0],
						"0.1": [0.08, -0.08, 0],
						"0.1333": [0.09, -0.12, 0],
						"0.1667": [0.15, -0.1, -0.01],
						"0.2": [0.23, -0.06, -0.03],
						"0.2333": [0.33, 0.01, 0],
						"0.2667": [0.52, 0.17, 0.18],
						"0.3": [0.71, 0.32, 0.4],
						"0.3333": [0.92, 0.25, 0.65],
						"0.3667": [0.91, 0.1, 0.85],
						"0.4": [0.94, -0.03, 0.88],
						"0.4333": [0.98, -0.1, 0.91],
						"0.4667": [1, -0.03, 0.97],
						"0.5": [1.03, 0.1, 1.04],
						"0.5333": [1.05, 0.18, 1.11],
						"0.5667": [1.07, 0.17, 1.17],
						"0.6": [1.08, 0.11, 1.22],
						"0.6333": [1.09, 0.07, 1.25],
						"0.6667": [1.09, 0.07, 1.26],
						"0.7": [1.09, 0.07, 1.26],
						"0.7333": [1.09, 0.07, 1.25],
						"0.7667": [1.08, 0.08, 1.25],
						"0.8": [1.08, 0.09, 1.24],
						"0.8333": [1.08, 0.09, 1.23],
						"0.8667": [1.07, 0.1, 1.21],
						"0.9": [1.07, 0.12, 1.19],
						"0.9333": [1.06, 0.13, 1.17],
						"0.9667": [1.06, 0.15, 1.14],
						"1.0": [1.05, 0.16, 1.12],
						"1.0333": [1.05, 0.17, 1.11],
						"1.0667": [1.05, 0.17, 1.1],
						"1.1": [1.05, 0.16, 1.11],
						"1.1333": [1.04, 0.15, 1.13],
						"1.1667": [1.05, 0.07, 1.1],
						"1.2": [1.16, -0.53, 0.67],
						"1.2333": [1.16, -0.5, 0.68],
						"1.2667": [1.14, -0.39, 0.79],
						"1.3": [1.1, -0.35, 1],
						"1.3333": [1.05, -0.34, 1.16],
						"1.3667": [1.01, -0.39, 1.15],
						"1.4": [0.97, -0.45, 1.08],
						"1.4333": [0.89, -0.47, 0.9],
						"1.4667": [0.77, -0.4, 0.53],
						"1.5": [0.61, -0.28, 0.05],
						"1.5333": [0.45, -0.18, -0.25],
						"1.5667": [0.2, -0.07, -0.13],
						"1.6": [0, 0, 0.13],
						"1.6333": [-0.03, -0.02, 0.14],
						"1.6667": [0, -0.06, 0.08],
						"1.7": [0, -0.04, 0.05],
						"1.7333": [0, -0.02, 0.02],
						"1.7667": [0, 0, 0]
					}
				},
				"rear_part": {
					"rotation": {
						"0.2": [0, 0, 0],
						"0.2333": [-12.37, -0.78, 0.44],
						"0.2667": [-29.36, -1.84, 1.03],
						"0.3": [-41.6, -2.52, 1.41],
						"0.3333": [-44.32, -2.45, 1.35],
						"0.3667": [-42.28, -2, 1.08],
						"0.4": [-40.5, -1.71, 0.89],
						"0.4333": [-40.66, -1.78, 0.91],
						"0.4667": [-41.02, -1.98, 1],
						"0.5": [-41.42, -2.2, 1.11],
						"0.5333": [-41.69, -2.34, 1.18],
						"1.4": [-41.68773, -2.34454, 1.17995],
						"1.4333": [-37.78608, -1.50914, 0.73766],
						"1.5": [0, 0, 0]
					}
				},
				"bullet_1": {
					"rotation": {
						"0.2667": [0, 0, 0],
						"0.3": [0, 0, 0],
						"0.3333": [0, 0, 0],
						"0.3667": [0, 0, 0],
						"0.4": [0, 0, 0],
						"0.4333": [0, 0, 0],
						"0.4667": [0, 0, 0],
						"0.5": [0, 0, 0],
						"0.5333": [0, 0, 0],
						"0.5667": [0, 0, 0],
						"0.6": [-0.94, 0.27, -0.02],
						"0.6333": [-1.88, 0.53, -0.05],
						"0.6667": [0, 0, 0],
						"0.7": [2.7, -0.73, 0.07],
						"0.7333": [6.74, -1.8, 0.17],
						"0.7667": [11.52, -3.07, 0.29],
						"0.8": [16.39, -4.39, 0.41],
						"0.8333": [20.74, -5.61, 0.53],
						"0.8667": [23.93, -6.58, 0.62],
						"0.9": [25.35, -7.17, 0.67],
						"0.9333": [20.13, -6.58, 0.59],
						"0.9667": [14.92, -5.99, 0.52],
						"1.0": [9.7, -5.41, 0.44],
						"1.0333": [4.49, -4.82, 0.37],
						"1.0667": [1.86, -0.84, -0.01],
						"1.1": [-0.77, 3.14, -0.39],
						"1.1333": [-0.38, 1.57, -0.19],
						"1.1667": [0, 0, 0],
						"1.2": [0, 0, 0]
					},
					"position": {
						"0.2667": [0, 0, 0],
						"0.3": [0, 0, 2.5],
						"0.3333": [-0.29, -0.62, 4.35],
						"0.3667": [-0.82, -2.36, 6.25],
						"0.4": [-1.08, -3.59, 6.81],
						"0.4333": [-1.36, -5.23, 7.36],
						"0.4667": [-1.68, -7.06, 7.89],
						"0.5": [-2.03, -8.84, 8.37],
						"0.5333": [-2.4, -10.36, 8.79],
						"0.5667": [-2.81, -11.37, 9.1],
						"0.6": [-3.92, -11.98, 9.55],
						"0.6333": [-5.15, -11.5, 9.71],
						"0.6667": [-5.87, -10.6, 9.43],
						"0.7": [-5.48, -8.69, 7.63],
						"0.7333": [-4.4, -6.1, 5.71],
						"0.7667": [-3.64, -3.98, 5.31],
						"0.8": [-2.76, -1.69, 5.23],
						"0.8333": [-1.95, 0.03, 5.03],
						"0.8667": {
							"pre": [-1.18, 0.79, 4.47],
							"post": [-1.18, 0.79, 4.47],
							"lerp_mode": "catmullrom"
						},
						"1.0333": {
							"post": [-0.14, 0.16, 2.53],
							"lerp_mode": "catmullrom"
						},
						"1.0667": [-0.01, 0.1, 2.4],
						"1.1": [0.12, 0.03, 2.28],
						"1.1333": [0.05, 0.03, 2.09],
						"1.1667": [-0.01, 0.03, 1.91],
						"1.2": [0, 0, 0]
					},
					"scale": {
						"0.0": [0, 0, 0],
						"0.6667": {"pre": [0, 0, 0], "post": [1, 1, 1]}
					}
				},
				"rightHand": {
					"rotation": {
						"0.0": [94.93393, 4.57237, -174.60633],
						"0.0333": [96.34, 16.53, -188.97],
						"0.0667": [103.36, 18.22, -197.66],
						"0.1": [103.36, 18.22, -197.66],
						"0.1333": [100.19, 28.3, -207.58],
						"0.1667": [100.19, 28.3, -207.58],
						"0.2": [100.19, 28.3, -207.58],
						"0.2333": [96.57, 23.81, -198.48],
						"0.2667": [92.95, 19.32, -189.38],
						"0.3": [89.32, 14.83, -180.28],
						"0.3333": [89.32, 14.83, -180.28],
						"0.3667": [89.32, 14.83, -180.28],
						"0.4": [89.32, 14.83, -180.28],
						"0.4333": [89.32, 14.83, -180.28],
						"0.4667": [92.86, 9.16, -172.21],
						"0.5": [96.41, 3.49, -164.14],
						"0.5333": [99.95, -2.17, -156.07],
						"0.5667": [103.49, -7.84, -148],
						"0.6": [103.49, -7.84, -148],
						"0.6333": [103.49, -7.84, -148],
						"0.6667": [103.49, -7.84, -148],
						"0.7": [104.7, -9.78, -145.23],
						"0.7333": [105.92, -11.73, -142.46],
						"0.7667": [107.13, -13.67, -139.7],
						"0.8": [108.35, -15.62, -136.93],
						"0.8333": [109.56, -17.56, -134.16],
						"0.8667": [111.04, -19.92, -130.8],
						"0.9": [112.51, -22.28, -127.43],
						"0.9333": [113.99, -24.64, -124.07],
						"0.9667": [115.46, -27.01, -120.71],
						"1.0": [116.94, -29.37, -117.35],
						"1.0333": [118.41, -31.73, -113.98],
						"1.0667": [119.89, -34.09, -110.62],
						"1.1": [121.36, -36.45, -107.26],
						"1.1333": [121.36, -36.45, -107.26],
						"1.1667": [121.36, -36.45, -107.26],
						"1.2": [123.73, -40.22, -101.88],
						"1.2333": [123.73, -40.22, -101.88],
						"1.2667": [123.73, -40.22, -101.88],
						"1.3": [114.8, -24.48, -122.32],
						"1.3333": [105.88, -8.73, -142.76],
						"1.3667": [96.95, 7.01, -163.2],
						"1.4": [88.03, 22.76, -183.63],
						"1.4333": [88.03, 22.76, -183.63],
						"1.4667": [88.67, 18.79, -181.96],
						"1.5": [89.32, 14.83, -180.28],
						"1.5333": [94.93393, 4.57237, -174.60633]
					},
					"position": {
						"0.0": [-6.5, -14, -1],
						"0.0333": [-6.59, -12.92, -1.39],
						"0.0667": [-6.46, -12.54, -2],
						"0.1": [-6.46, -12.54, -2],
						"0.1333": [-6.54, -12.62, -1.59],
						"0.1667": [-6.54, -12.62, -1.59],
						"0.2": [-6.54, -12.62, -1.59],
						"0.2333": [-6.96, -13.82, -2.01],
						"0.2667": [-7.37, -15.02, -2.42],
						"0.3": [-7.79, -16.22, -2.83],
						"0.3333": [-7.79, -16.22, -2.83],
						"0.3667": [-7.79, -16.22, -2.83],
						"0.4": [-7.79, -16.22, -2.83],
						"0.4333": [-7.79, -16.22, -2.83],
						"0.4667": [-9.02, -16.88, -1.08],
						"0.5": [-10.81, -17.85, 1.49],
						"0.5333": [-12.61, -18.81, 4.05],
						"0.5667": [-13.84, -19.47, 5.81],
						"0.6": [-14.33, -19.82, 6.59],
						"0.6333": [-14.14, -19.8, 6.42],
						"0.6667": [-13.84, -19.47, 5.81],
						"0.7": [-13.46, -18.49, 3.9],
						"0.7333": [-12.77, -16.68, 1.9],
						"0.7667": [-12, -14.56, 1.47],
						"0.8": [-11.07, -12, 1.4],
						"0.8333": [-10.2, -10.04, 1.21],
						"0.8667": [-9.41, -9.15, 0.63],
						"0.9": [-8.67, -8.85, -0.06],
						"0.9333": [-8.17, -8.75, -0.62],
						"0.9667": [-8.2, -8.93, -0.8],
						"1.0": [-8.22, -9.11, -0.98],
						"1.0333": [-8.24, -9.29, -1.16],
						"1.0667": [-8.1, -9.31, -1.28],
						"1.1": [-7.96, -9.32, -1.39],
						"1.1333": [-8, -9.31, -1.58],
						"1.1667": [-8.03, -9.3, -1.76],
						"1.2": [-7.99, -8.91, -3.91],
						"1.2333": [-7.99, -8.91, -3.91],
						"1.2667": [-7.99, -8.91, -3.91],
						"1.3": [-8.86, -10.81, -3.77],
						"1.3333": [-9.73, -12.71, -3.64],
						"1.3667": [-9.05, -14.97, -3.62],
						"1.4": [-8.37, -17.23, -3.61],
						"1.4333": [-8.37, -17.23, -3.61],
						"1.4667": [-7.55, -15.27, -2.19],
						"1.5": [-6.72, -13.3, -0.77],
						"1.5333": [-6.5, -14, -1]
					},
					"scale": {
						"0.0": [1, 1.5, 1],
						"1.5333": [1, 1.5, 1]
					}
				},
				"leftHand": {
					"rotation": {
						"0.0": [111.33068, -370.9504, -185.06009],
						"1.5333": [111.33068, -370.9504, -185.06009]
					},
					"position": {
						"0.0": [6.975, -14.825, -1.3125],
						"1.5333": [6.975, -14.825, -1.3125]
					},
					"scale": {
						"0.0": [1, 1.5, 1],
						"1.5333": [1, 1.5, 1]
					}
				},
				"front_part": {
					"rotation": {
						"0.0": [30, 0, 0],
						"1.4": [30, 0, 0],
						"1.4333": [27.5, 0, 0],
						"1.5": [0, 0, 0]
					}
				},
				"camera": {
					"rotation": {
						"0.0": [0, 0, 0],
						"0.0333": [-0.05, 0, -0.02],
						"0.0667": [-0.13, 0, -0.06],
						"0.1": [-0.22, 0, -0.1],
						"0.1333": [-0.27, 0, -0.12],
						"0.1667": [-0.28, 0, -0.12],
						"0.2": [0.37, 0.04, 0.13],
						"0.2333": [1.22, 0.09, 0.47],
						"0.2667": [2.02, 0.15, 0.59],
						"0.3": [2.3, 0.24, -0.2],
						"0.3333": [2.3, 0.33, -0.97],
						"0.3667": [2.14, 0.36, -0.9],
						"0.4": [1.9, 0.39, -0.59],
						"0.4333": [1.69, 0.41, -0.36],
						"0.4667": [1.54, 0.43, -0.38],
						"0.5": [1.46, 0.45, -0.5],
						"0.5333": [1.37, 0.46, -0.62],
						"0.5667": [1.37, 0.48, -0.72],
						"0.6": [1.4, 0.47, -0.74],
						"0.6333": [1.44, 0.47, -0.74],
						"0.6667": [1.49, 0.46, -0.74],
						"0.7": [1.55, 0.46, -0.74],
						"0.7333": [1.61, 0.45, -0.74],
						"0.7667": [1.69, 0.45, -0.74],
						"0.8": [1.77, 0.46, -0.74],
						"0.8333": [1.87, 0.48, -0.75],
						"0.8667": [2.06, 0.52, -0.78],
						"0.9": [2.3, 0.59, -0.81],
						"0.9333": [2.55, 0.67, -0.86],
						"0.9667": [2.76, 0.75, -0.89],
						"1.0": [2.91, 0.81, -0.92],
						"1.0333": [2.95, 0.84, -0.96],
						"1.0667": [2.92, 0.87, -0.99],
						"1.1": [2.86, 0.88, -1.02],
						"1.1333": [2.81, 0.9, -1.02],
						"1.1667": [2.83, 0.91, -0.99],
						"1.2": [3.25, 0.92, -0.64],
						"1.2333": [3.57, 0.92, -0.4],
						"1.2667": [3.22, 0.93, -0.86],
						"1.3": [2.77, 0.93, -1.32],
						"1.3333": [2.83, 0.92, -1.26],
						"1.3667": [2.97, 0.9, -1.05],
						"1.4": [2.78, 0.81, -0.77],
						"1.4333": [2.34, 0.68, -0.58],
						"1.4667": [1.68, 0.5, -0.33],
						"1.5": [0.95, 0.3, -0.08],
						"1.5333": [0.3, 0.13, 0.13],
						"1.5667": [-0.12, 0, 0.25],
						"1.6": [0.11, -0.07, -0.21],
						"1.6333": [0.09, -0.05, -0.16],
						"1.6667": [0.04, -0.02, -0.02],
						"1.7": [0, 0, 0.08],
						"1.7333": [-0.01, 0, 0.06],
						"1.7667": [0, 0, 0]
					}
				}
			},
			"sound_effects": {
				"0.0": {
					"effect": "zeta:las58/reload_raise"
				},
				"0.2": {
					"effect": "zeta:las58/reload1"
				},
				"0.5667": {
					"effect": "p14_sh_charlie725_reload_rattle"
				},
				"0.7333": {
					"effect": "blt_case_bounce_shotgun_dirt_close_lrg_03"
				},
				"0.9333": {
					"effect": "p14_sh_charlie725_reload_shellin"
				},
				"1.1333": {
					"effect": "zeta:las58/reload3"
				},
				"1.3333": {
					"effect": "p14_sh_charlie725_reload_breechclose"
				},
				"1.4333": {
					"effect": "zeta:las58/reload1"
				}
			}
		},
		"melee_push": {
			"animation_length": 0.6875,
			"bones": {
				"root": {
					"rotation": {
						"0.0": {
							"post": [0, 0, 0],
							"lerp_mode": "catmullrom"
						},
						"0.0417": {
							"post": [-16.97003, -2.76041, 45.32806],
							"lerp_mode": "catmullrom"
						},
						"0.0833": [-68.22251, 0.94579, 62.03742],
						"0.125": {
							"pre": [-95.21949, -3.92716, 68.36231],
							"post": [-95.21949, -3.92716, 68.36231],
							"lerp_mode": "catmullrom"
						},
						"0.1458": {
							"post": [-93.0949, -6.87957, 71.48854],
							"lerp_mode": "catmullrom"
						},
						"0.1875": {
							"post": [-95.21949, -3.92716, 70.03731],
							"lerp_mode": "catmullrom"
						},
						"0.2292": {
							"post": [-94.75569, -4.68345, 70.02163],
							"lerp_mode": "catmullrom"
						},
						"0.2708": {
							"post": [-94.26273, -4.5969, 70.01478],
							"lerp_mode": "catmullrom"
						},
						"0.3125": {
							"post": [-79.88972, -2.07157, 66.04397],
							"lerp_mode": "catmullrom"
						},
						"0.4583": {
							"post": [-11.13679, -3.02335, 36.72959],
							"lerp_mode": "catmullrom"
						},
						"0.5417": {
							"post": [-1.07062, 1.22619, 0.89945],
							"lerp_mode": "catmullrom"
						},
						"0.5625": {
							"post": [0.27023, 0.30257, -0.60029],
							"lerp_mode": "catmullrom"
						},
						"0.6042": {
							"post": [0.2151, -0.25061, 0],
							"lerp_mode": "catmullrom"
						},
						"0.6458": [-0.175, 0.1, 0.25],
						"0.6875": [0, 0, 0]
					},
					"position": {
						"0.0": {
							"post": [0, 0, 0],
							"lerp_mode": "catmullrom"
						},
						"0.0417": {
							"post": [-0.3, 0.6, -2.2],
							"lerp_mode": "catmullrom"
						},
						"0.0833": [-0.3, 0.6, 1.9],
						"0.125": {
							"pre": [-0.3, 1.2, -14.65],
							"post": [-0.3, 1.2, -14.65],
							"lerp_mode": "catmullrom"
						},
						"0.1458": {
							"post": [-0.2, 1.125, -11.6],
							"lerp_mode": "catmullrom"
						},
						"0.1875": {
							"post": [-0.3, 1.2, -11.675],
							"lerp_mode": "catmullrom"
						},
						"0.2292": [-0.25, 1.175, -11.6],
						"0.2708": [-0.25, 1.175, -11.6],
						"0.3125": {
							"pre": [-0.25, 1.175, -11.6],
							"post": [-0.25, 1.175, -11.6],
							"lerp_mode": "catmullrom"
						},
						"0.4583": {
							"post": [-0.25, 1.2, -2.975],
							"lerp_mode": "catmullrom"
						},
						"0.5417": {
							"post": [0.075, -0.075, -0.4],
							"lerp_mode": "catmullrom"
						},
						"0.5625": {
							"post": [0.15, -0.025, 0],
							"lerp_mode": "catmullrom"
						},
						"0.6042": {
							"post": [-0.025, -0.025, 0],
							"lerp_mode": "catmullrom"
						},
						"0.6458": [0, 0, 0],
						"0.6875": [0, 0, 0]
					}
				},
				"lefthand_pos": {
					"position": {
						"0.0": [0, 0, 0],
						"0.0417": [-7.17, -3.67, 0],
						"0.0833": [-11.83, -12.08, 2],
						"0.125": [-14, -25, 15.5],
						"0.3542": [-14, -25, 15.5],
						"0.4167": {"pre": [-14, -25, 15.5], "post": [-11.83, -12.08, 2]},
						"0.5": [-7.17, -3.67, 0],
						"0.5833": [0, 0, 0]
					},
					"scale": {
						"0.0833": [1, 1, 1],
						"0.125": [0, 0, 0],
						"0.1875": [0, 0, 0],
						"0.375": [0, 0, 0],
						"0.4375": {"pre": [0, 0, 0], "post": [1, 1, 1]}
					}
				},
				"camera": {
					"rotation": {
						"0.0": {
							"post": [0, 0, 0],
							"lerp_mode": "catmullrom"
						},
						"0.0417": {
							"post": [-1, 0.5, -1],
							"lerp_mode": "catmullrom"
						},
						"0.0833": {
							"post": [-0.5, -0.5, -0.5],
							"lerp_mode": "catmullrom"
						},
						"0.1458": {
							"post": [-0.5, 0.2, -0.5],
							"lerp_mode": "catmullrom"
						},
						"0.1875": {
							"post": [1.2, -2.7, 0],
							"lerp_mode": "catmullrom"
						},
						"0.2292": {
							"post": [-0.8, 0.2, -0.8],
							"lerp_mode": "catmullrom"
						},
						"0.2708": {
							"post": [0.6, -0.2, 0.4],
							"lerp_mode": "catmullrom"
						},
						"0.3125": {
							"post": [0, 0, 0],
							"lerp_mode": "catmullrom"
						},
						"0.3958": {
							"post": [0, 0, 0],
							"lerp_mode": "catmullrom"
						},
						"0.4583": {
							"post": [-0.275, 0.75, 0.25],
							"lerp_mode": "catmullrom"
						},
						"0.5208": {
							"post": [-0.6, 0.175, 0.15],
							"lerp_mode": "catmullrom"
						},
						"0.6042": {
							"post": [0.025, -0.025, 0],
							"lerp_mode": "catmullrom"
						},
						"0.625": {
							"post": [-0.025, 0.025, 0],
							"lerp_mode": "catmullrom"
						},
						"0.6667": {
							"post": [0, 0, 0],
							"lerp_mode": "catmullrom"
						},
						"0.6875": {
							"post": [0, 0, 0],
							"lerp_mode": "catmullrom"
						}
					},
					"position": {
						"0.1458": [0, 0, 0],
						"0.1875": {
							"pre": [0, 0, -0.2],
							"post": [0, 0, -0.2],
							"lerp_mode": "catmullrom"
						},
						"0.2292": {
							"post": [0, 0, 0.125],
							"lerp_mode": "catmullrom"
						},
						"0.2708": {
							"post": [0, 0, 0],
							"lerp_mode": "catmullrom"
						}
					}
				}
			}
		},
		"run_start": {
			"animation_length": 0.55,
			"bones": {
				"root": {
					"rotation": {
						"0.0": [0, 0, 0],
						"0.05": [2.8, -0.48, 3.97],
						"0.1": [5.79, -1.19, 9.23],
						"0.15": [1.73, -2.05, 11.57],
						"0.2": [-10.48, -2.9, 9.39],
						"0.25": [-28.47, -3.91, 4.94],
						"0.3": [-46.79, -4.85, 0.12],
						"0.35": [-59.98, -5.5, -3.14],
						"0.4": [-66.1, -5.75, -4.18],
						"0.45": [-68.22, -5.72, -4.06],
						"0.5": [-68.4, -5.59, -3.49],
						"0.55": [-68.73, -5.5, -3.14]
					},
					"position": {
						"0.0": [0, 0, 0],
						"0.05": [0.06, -0.64, -0.32],
						"0.1": [0.17, -1.58, -0.79],
						"0.15": [0.17, -2.44, -1.22],
						"0.2": [-0.09, -2.83, -1.45],
						"0.25": [-1.13, -2.25, -1.28],
						"0.3": [-2.54, -1.06, -0.83],
						"0.35": [-3.57, -0.19, -0.51],
						"0.4": [-3.83, -0.04, -0.47],
						"0.45": [-3.82, -0.12, -0.51],
						"0.5": [-3.71, -0.28, -0.59],
						"0.55": [-3.64, -0.38, -0.64]
					}
				},
				"lefthand_pos": {
					"position": {
						"0.0": [0, 0, 0],
						"0.1": [-7.17, -3.67, 0],
						"0.2": [-11.83, -12.08, 2],
						"0.3": [-14, -25, 15.5]
					},
					"scale": {
						"0.2": [1, 1, 1],
						"0.3": [0, 0, 0]
					}
				},
				"camera": {
					"rotation": {
						"0.0": {
							"post": [0, 0, 0],
							"lerp_mode": "catmullrom"
						},
						"0.1": {
							"post": [0.75, 0, -0.5],
							"lerp_mode": "catmullrom"
						},
						"0.2": {
							"post": [-0.25, 0, 0.1875],
							"lerp_mode": "catmullrom"
						},
						"0.3": {
							"post": [0, 0, 0],
							"lerp_mode": "catmullrom"
						},
						"0.4": {
							"post": [0, 0, 0],
							"lerp_mode": "catmullrom"
						}
					}
				}
			}
		},
		"run": {
			"animation_length": 0.8,
			"bones": {
				"root": {
					"rotation": {
						"0.0": [-68.73, -5.5, -3.14],
						"0.05": [-68.99, -7.39, -3.57],
						"0.1": [-69.36, -9.11, -3.81],
						"0.15": [-69.45, -10.1, -3.75],
						"0.2": [-68.82, -9.82, -3.09],
						"0.25": [-67.92, -8.81, -2.13],
						"0.3": [-67.68, -8.15, -1.7],
						"0.35": [-68.9, -8.72, -2.46],
						"0.4": [-70.77, -9.63, -3.74],
						"0.45": [-71.87, -9.32, -4.34],
						"0.5": [-71.58, -7.25, -3.75],
						"0.55": [-70.7, -4.07, -2.59],
						"0.6": [-69.68, -1.04, -1.42],
						"0.65": [-68.98, 0.57, -0.8],
						"0.7": [-68.67, -0.33, -1.21],
						"0.75": [-68.65, -3, -2.27],
						"0.8": [-68.73, -5.5, -3.14]
					},
					"position": {
						"0.0": [-3.64, -0.38, -0.64],
						"0.05": [-3.63, -0.52, -0.64],
						"0.1": [-3.66, -0.87, -0.64],
						"0.15": [-3.67, -1.23, -0.64],
						"0.2": [-3.64, -1.38, -0.64],
						"0.25": [-3.52, -1.18, -0.64],
						"0.3": [-3.34, -0.78, -0.64],
						"0.35": [-3.19, -0.39, -0.64],
						"0.4": [-3.14, -0.23, -0.64],
						"0.45": [-3.26, -0.47, -0.64],
						"0.5": [-3.5, -0.94, -0.64],
						"0.55": [-3.74, -1.42, -0.64],
						"0.6": [-3.89, -1.64, -0.64],
						"0.65": [-3.89, -1.46, -0.64],
						"0.7": [-3.81, -1.04, -0.64],
						"0.75": [-3.71, -0.6, -0.64],
						"0.8": [-3.64, -0.38, -0.64]
					}
				},
				"lefthand_pos": {
					"position": [-14, -25, 15.5],
					"scale": 0
				},
				"camera": {
					"rotation": {
						"0.0": [0, 0, 0],
						"0.05": [0.09, 0, 0.15],
						"0.1": [0.13, 0, 0.25],
						"0.15": [-0.07, 0, 0.07],
						"0.2": [-0.25, 0, -0.12],
						"0.25": [-0.15, 0, -0.09],
						"0.3": [0, 0, 0],
						"0.35": [0.02, 0, 0.02],
						"0.4": [0, 0, 0],
						"0.45": [-0.01, 0, -0.08],
						"0.5": [0, 0, -0.12],
						"0.55": [0.08, 0, 0],
						"0.6": [0.13, 0, 0.13],
						"0.65": [0, 0, 0.08],
						"0.7": [-0.12, 0, 0],
						"0.75": [-0.09, 0, -0.02],
						"0.8": [0, 0, 0]
					}
				}
			}
		},
		"run_hold": {
			"animation_length": 0.2917,
			"bones": {
				"root": {
					"rotation": [-68.73314, -5.50468, -3.14473],
					"position": [-3.64, -0.38, -0.64]
				},
				"lefthand_pos": {
					"position": [-14, -25, 15.5],
					"scale": 0
				}
			}
		},
		"run_end": {
			"animation_length": 0.65,
			"bones": {
				"root": {
					"rotation": {
						"0.0": [-68.73, -5.5, -3.14],
						"0.05": [-55.61, -4.21, 0.37],
						"0.1": [-36.44, -2.32, 5.59],
						"0.15": [-17.16, -0.44, 10.34],
						"0.2": [-3.66, 0.81, 12.47],
						"0.25": [1.72, 1.17, 10.52],
						"0.3": [2.4, 1, 5.92],
						"0.35": [1.03, 0.62, 0.91],
						"0.4": [0.28, 0.35, -2.3],
						"0.45": [0.49, 0.21, -2.71],
						"0.5": [0.23, 0.09, -1.23],
						"0.55": [0, 0, 0],
						"0.6": [-0.02, -0.02, 0.14],
						"0.65": [0, 0, 0]
					},
					"position": {
						"0.0": [-3.64, -0.38, -0.64],
						"0.05": [-2.73, -1.11, -1.21],
						"0.1": [-1.47, -2.08, -1.96],
						"0.15": [-0.5, -2.5, -2.25],
						"0.2": [-0.17, -2.06, -1.84],
						"0.25": [-0.04, -1.17, -1.06],
						"0.3": [-0.01, -0.24, -0.23],
						"0.35": [0.02, 0.37, 0.3],
						"0.4": [0.06, 0.47, 0.4],
						"0.45": [0.05, 0.22, 0.18],
						"0.5": [0.03, 0.01, -0.01],
						"0.55": [0.02, -0.02, -0.03],
						"0.6": [0.01, -0.01, -0.01],
						"0.65": [0, 0, 0]
					}
				},
				"lefthand_pos": {
					"position": {
						"0.0": [-14, -25, 15.5],
						"0.1": [-11.83, -12.08, 2],
						"0.2": [-7.17, -3.67, 0],
						"0.3": [0, 0, 0]
					},
					"scale": {
						"0.15": [0, 0, 0],
						"0.2": [1, 1, 1]
					}
				},
				"camera": {
					"rotation": {
						"0.25": {
							"pre": [0, 0, 0],
							"post": [0, 0, 0],
							"lerp_mode": "catmullrom"
						},
						"0.3": {
							"post": [0, 0, 0.3],
							"lerp_mode": "catmullrom"
						},
						"0.35": {
							"post": [0, 0, -0.125],
							"lerp_mode": "catmullrom"
						},
						"0.45": {
							"post": [0, 0, 0],
							"lerp_mode": "catmullrom"
						}
					}
				}
			}
		}
	}
}