{
	"format_version": "1.8.0",
	"animations": {
		"static_idle": {
			"loop": true,
			"bones": {
				"lefthand": {
					"rotation": {
						"0.0": {
							"post": [113.81825, -23.9075, 151.32322],
							"lerp_mode": "catmullrom"
						}
					},
					"position": {
						"0.0": {
							"post": [9.8365, -16.76247, -12.23169],
							"lerp_mode": "catmullrom"
						}
					},
					"scale": [1, 1.5, 1]
				},
				"righthand": {
					"rotation": [99.55569, 28.15144, -170.01073],
					"position": [-8.5, -16, -4],
					"scale": [1, 1.5, 1]
				},
				"laser_beam": {
					"scale": [1, 1, 0.0001]
				},
				"constraint": {
					"rotation": [0.25, 0.25, 0.2],
					"position": [0.15, 0.15, 0.1]
				}
			}
		},
		"static_empty": {
			"loop": true,
			"bones": {
				"lefthand": {
					"rotation": {
						"0.0": {
							"post": [113.81825, -23.9075, 151.32322],
							"lerp_mode": "catmullrom"
						}
					},
					"position": {
						"0.0": {
							"post": [9.8365, -16.76247, -12.23169],
							"lerp_mode": "catmullrom"
						}
					},
					"scale": [1, 1.5, 1]
				},
				"righthand": {
					"rotation": [99.55569, 28.15144, -170.01073],
					"position": [-8.5, -16, -4],
					"scale": [1, 1.5, 1]
				},
				"iceholder": {
					"rotation": [0, 0, -90]
				},
				"mag": {
					"scale": 0
				}
			}
		},
		"put_away": {
			"loop": "hold_on_last_frame",
			"animation_length": 1.3333,
			"bones": {
				"root": {
					"rotation": {
						"0.0": {
							"post": [0, 0, 0],
							"lerp_mode": "catmullrom"
						},
						"0.375": {
							"post": [12.62, 1.34, 78.43],
							"lerp_mode": "catmullrom"
						},
						"0.5417": {
							"post": [3.24, 19.18, 90.13],
							"lerp_mode": "catmullrom"
						},
						"0.75": {
							"post": [10.16, 7.65, 91.17],
							"lerp_mode": "catmullrom"
						},
						"0.875": {
							"post": [14.66, 58.32, 92.35],
							"lerp_mode": "catmullrom"
						},
						"1.0417": {
							"post": [20.75158, 86.44751, 79.57991],
							"lerp_mode": "catmullrom"
						},
						"1.3333": {
							"post": [-91.18, 79.42, -1.14],
							"lerp_mode": "catmullrom"
						}
					},
					"position": {
						"0.0": {
							"post": [0, 0, 0],
							"lerp_mode": "catmullrom"
						},
						"0.0833": {
							"post": [-0.17, 0.02, 0],
							"lerp_mode": "catmullrom"
						},
						"0.375": {
							"post": [-4.28, 4.87, -0.68],
							"lerp_mode": "catmullrom"
						},
						"0.5833": {
							"post": [-4.06, 6.24, 0.31],
							"lerp_mode": "catmullrom"
						},
						"1.0417": {
							"post": [-8.6, -5.3, 12.5],
							"lerp_mode": "catmullrom"
						},
						"1.3333": {
							"post": [-2.6, -12.3, 19.5],
							"lerp_mode": "catmullrom"
						}
					}
				},
				"lefthand": {
					"rotation": {
						"0.0": {
							"post": [113.81825, -23.9075, 151.32322],
							"lerp_mode": "catmullrom"
						},
						"0.5": {
							"post": [126.48496, -12.55074, 108.35074],
							"lerp_mode": "catmullrom"
						}
					},
					"position": {
						"0.0": {
							"post": [9.8365, -16.76247, -12.23169],
							"lerp_mode": "catmullrom"
						},
						"0.5": [7.9365, -6.76247, -3.23169]
					},
					"scale": {
						"0.0": [1, 1.5, 1],
						"0.5": [1, 1.5, 1]
					}
				},
				"righthand": {
					"rotation": {
						"0.0": [99.55569, 28.15144, -170.01073],
						"0.125": [75.34517, 28.8016, -204.25125]
					},
					"position": {
						"0.0": [-8.5, -16, -4],
						"0.125": [-11.5, -20, -4],
						"0.5": [11.5, -20, -4],
						"0.9167": [11.5, -20, 17]
					},
					"scale": [1, 1.5, 1]
				},
				"gunfire_illuminated": {
					"scale": 0
				},
				"camera": {
					"rotation": {
						"0.0417": {
							"pre": [0, 0, 0],
							"post": [0, 0, 0],
							"lerp_mode": "catmullrom"
						},
						"0.1667": {
							"post": [-0.39, 1.03, 0],
							"lerp_mode": "catmullrom"
						},
						"0.2917": {
							"post": [-0.76, 4.03, 0.79],
							"lerp_mode": "catmullrom"
						},
						"0.375": {
							"post": [-1.1, 7.9, 1.1],
							"lerp_mode": "catmullrom"
						},
						"0.4583": {
							"post": [1.15, 8.41, -0.38],
							"lerp_mode": "catmullrom"
						},
						"0.5417": {
							"post": [1.02, 9.05, -0.38],
							"lerp_mode": "catmullrom"
						},
						"0.6667": {
							"post": [0.96, 9.77, -0.25],
							"lerp_mode": "catmullrom"
						},
						"1.0": {
							"post": [2.5, 5.9, 0.1],
							"lerp_mode": "catmullrom"
						},
						"1.2083": {
							"post": [0, 0, 0],
							"lerp_mode": "catmullrom"
						}
					}
				},
				"constraint": {
					"rotation": {
						"0.0": [0, 0, 0],
						"0.9167": {
							"pre": [1, 1, 1],
							"post": [1, 1, 1],
							"lerp_mode": "catmullrom"
						}
					},
					"position": {
						"0.0": [0, 0, 0],
						"0.9167": {
							"pre": [1, 1, 1],
							"post": [1, 1, 1],
							"lerp_mode": "catmullrom"
						}
					}
				}
			},
			"sound_effects": {
				"0.0": {
					"effect": "zeta:plas45/mag_raise"
				},
				"0.5": {
					"effect": "zeta:plas45/mag_raise2"
				}
			}
		},
		"draw": {
			"loop": "hold_on_last_frame",
			"animation_length": 2,
			"bones": {
				"root": {
					"rotation": {
						"0.0": {
							"post": [-91.18, 79.42, -1.14],
							"lerp_mode": "catmullrom"
						},
						"0.25": {
							"post": [20.75158, 86.44751, 79.57991],
							"lerp_mode": "catmullrom"
						},
						"0.4583": {
							"post": [14.66, 37.32, 92.35],
							"lerp_mode": "catmullrom"
						},
						"0.5417": {
							"post": [10.16, 18.95, 80.37],
							"lerp_mode": "catmullrom"
						},
						"0.6667": {
							"post": [12.62, 1.34, 81.43],
							"lerp_mode": "catmullrom"
						},
						"0.75": {
							"post": [14.94, -8.03, 73.97],
							"lerp_mode": "catmullrom"
						},
						"0.8333": {
							"post": [15.0184, -9.67927, 77.9747],
							"lerp_mode": "catmullrom"
						},
						"0.9583": {
							"post": [10.06, -7.15, 54.8],
							"lerp_mode": "catmullrom"
						},
						"1.125": {
							"post": [-4.36, -7.9, 20.27],
							"lerp_mode": "catmullrom"
						},
						"1.3333": {
							"post": [3.28, -7.49, -5.34],
							"lerp_mode": "catmullrom"
						},
						"1.4167": {
							"post": [1.45, -4.74, -7.86],
							"lerp_mode": "catmullrom"
						},
						"1.5": {
							"post": [2.21, -4.07, 0.98],
							"lerp_mode": "catmullrom"
						},
						"1.625": {
							"post": [0, 0, 0],
							"lerp_mode": "catmullrom"
						},
						"1.75": {
							"post": [-0.76, 1, -0.07],
							"lerp_mode": "catmullrom"
						},
						"2.0": {
							"post": [0, 0, 0],
							"lerp_mode": "catmullrom"
						}
					},
					"position": {
						"0.0": {
							"post": [-2.6, -12.3, 19.5],
							"lerp_mode": "catmullrom"
						},
						"0.25": {
							"post": [-8.6, -5.3, 12.5],
							"lerp_mode": "catmullrom"
						},
						"0.6667": {
							"post": [-4.06, 4.14, 0.31],
							"lerp_mode": "catmullrom"
						},
						"1.0": {
							"post": [-3.07, 3.72, 0.03],
							"lerp_mode": "catmullrom"
						},
						"1.5": {
							"post": [0, 0, 0],
							"lerp_mode": "catmullrom"
						},
						"1.875": {
							"post": [-0.17, 0.02, 0],
							"lerp_mode": "catmullrom"
						},
						"2.0": {
							"post": [0, 0, 0],
							"lerp_mode": "catmullrom"
						}
					}
				},
				"lefthand": {
					"rotation": {
						"0.0": {
							"post": [28.28685, -50.7821, 133.92269],
							"lerp_mode": "catmullrom"
						},
						"0.3333": {
							"post": [126.48496, -12.55074, 108.35074],
							"lerp_mode": "catmullrom"
						},
						"0.9583": {
							"post": [126.48496, -12.55074, 108.35074],
							"lerp_mode": "catmullrom"
						},
						"1.4167": {
							"post": [113.81825, -23.9075, 151.32322],
							"lerp_mode": "catmullrom"
						}
					},
					"position": {
						"0.0": {
							"post": [27.64, -1.76, -1.33],
							"lerp_mode": "catmullrom"
						},
						"0.125": [19.75, -6.76, -5.86],
						"0.3333": [7.9365, -6.76247, -3.23169],
						"0.9583": [7.9365, -6.76247, -3.23169],
						"1.1667": [13.69, -9.26, -4.73],
						"1.4167": {
							"pre": [9.8365, -16.76247, -12.23169],
							"post": [9.8365, -16.76247, -12.23169],
							"lerp_mode": "catmullrom"
						}
					},
					"scale": {
						"0.9583": [1, 1.5, 1],
						"1.4167": [1, 1.5, 1]
					}
				},
				"righthand": {
					"rotation": {
						"0.4583": [156.39917, 18.40779, -243.78954],
						"0.5833": [146.19917, 18.40779, -194.08954],
						"0.7083": [99.55569, 28.15144, -170.01073],
						"1.4583": [99.55569, 28.15144, -170.01073]
					},
					"position": {
						"0.4583": [-8.5, -14, -11],
						"0.5833": [-8.5, -14, -11],
						"0.6667": [-12.5, -15, -7.5],
						"0.7083": [-8.5, -16, -4],
						"1.4583": [-8.5, -16, -4]
					},
					"scale": {
						"0.4583": [1, 1.5, 1],
						"0.5833": [1, 1.5, 1],
						"0.7083": [1, 1.5, 1],
						"1.4583": [1, 1.5, 1]
					}
				},
				"gunfire_illuminated": {
					"scale": 0
				},
				"camera": {
					"rotation": {
						"0.0": {
							"post": [0, 0, 0],
							"lerp_mode": "catmullrom"
						},
						"0.4167": {
							"post": [2.5, 5.9, 0.1],
							"lerp_mode": "catmullrom"
						},
						"0.5417": {
							"post": [0.96, 4.77, -0.25],
							"lerp_mode": "catmullrom"
						},
						"0.625": {
							"post": [1.02, 4.05, -0.38],
							"lerp_mode": "catmullrom"
						},
						"0.7083": {
							"post": [1.15, 3.41, -0.38],
							"lerp_mode": "catmullrom"
						},
						"0.7917": {
							"post": [0.1, 2.9, 0.4],
							"lerp_mode": "catmullrom"
						},
						"0.9167": {
							"post": [-1.19, 2.94, 0.92],
							"lerp_mode": "catmullrom"
						},
						"1.125": {
							"post": [-1.1, 2.9, 2.4],
							"lerp_mode": "catmullrom"
						},
						"1.2917": {
							"post": [-0.76, 2.03, 0.79],
							"lerp_mode": "catmullrom"
						},
						"1.4167": {
							"post": [-0.39, 1.03, 0],
							"lerp_mode": "catmullrom"
						},
						"1.625": {
							"post": [0, 0, 0],
							"lerp_mode": "catmullrom"
						}
					}
				},
				"constraint": {
					"rotation": {
						"0.0": {
							"post": [1, 1, 1],
							"lerp_mode": "catmullrom"
						},
						"1.2083": {
							"post": [0.25, 0.25, 0.2],
							"lerp_mode": "catmullrom"
						}
					},
					"position": {
						"0.0": {
							"post": [1, 1, 1],
							"lerp_mode": "catmullrom"
						},
						"1.2083": {
							"post": [0.15, 0.15, 0.1],
							"lerp_mode": "catmullrom"
						}
					}
				}
			},
			"sound_effects": {
				"0.0": {
					"effect": "zeta:plas45/mag_raise2"
				},
				"0.75": {
					"effect": "zeta:plas45/mag_down"
				},
				"1.4167": {
					"effect": "zeta:plas45/gun_raise"
				}
			}
		},
		"inspect": {
			"loop": "hold_on_last_frame",
			"animation_length": 10.2917,
			"bones": {
				"lefthand": {
					"rotation": {
						"0.0": {
							"post": [113.81825, -23.9075, 151.32322],
							"lerp_mode": "catmullrom"
						},
						"0.6667": [112.71287, -17.01806, 154.48025],
						"3.25": [117.71069, -37.44101, 143.75502],
						"4.2917": [117.71, -37.44, 143.76],
						"4.7917": [76.49635, -43.70436, 203.75177],
						"6.3333": [76.49635, -43.70436, 203.75177],
						"6.7083": [137.42631, 44.57549, 210.04707],
						"7.9583": [137.42631, 44.57549, 210.04707],
						"8.8333": [168.8592, -0.7322, 134.3154],
						"9.2917": {
							"pre": [168.8592, -0.7322, 134.3154],
							"post": [168.8592, -0.7322, 134.3154],
							"lerp_mode": "catmullrom"
						},
						"9.6667": {
							"post": [113.81825, -23.9075, 151.32322],
							"lerp_mode": "catmullrom"
						}
					},
					"position": {
						"0.0": {
							"post": [9.8365, -16.76247, -12.23169],
							"lerp_mode": "catmullrom"
						},
						"0.6667": [9.59, -16.76, -12.23],
						"2.0": [9.59, -16.76, -12.23],
						"4.2917": [9.59, -16.76, -12.23],
						"4.4167": [9.94, -16.76, -10.64],
						"4.7917": [4.59, -16.76, -9.23],
						"6.3333": [4.59, -16.76, -9.23],
						"6.5": [12.59, -16.76, 5.77],
						"6.7083": [6.59, -16.76, 9.77],
						"7.9583": [6.59, -16.76, 9.77],
						"8.3333": [9.06, -12.9, 7.95],
						"8.8333": [7.09, -7.76, 4.2],
						"9.2917": {
							"pre": [7.09, -7.76, 4.2],
							"post": [7.09, -7.76, 4.2],
							"lerp_mode": "catmullrom"
						},
						"9.4583": {
							"post": [10.46, -13.26, -4.02],
							"lerp_mode": "catmullrom"
						},
						"9.6667": {
							"post": [9.8365, -16.76247, -12.23169],
							"lerp_mode": "catmullrom"
						}
					},
					"scale": {
						"0.0": [1, 1.5, 1],
						"9.6667": [1, 1.5, 1]
					}
				},
				"righthand": {
					"rotation": {
						"0.0": [99.55569, 28.15144, -170.01073],
						"1.7083": [99.55569, 28.15144, -170.01073],
						"2.3333": [99.55569, 28.15144, -170.01073],
						"2.7917": [135.47011, -11.12583, -229.65581],
						"3.25": [174.54345, 6.10173, -231.99592],
						"4.0": [174.54345, 6.10173, -231.99592],
						"5.5833": [174.54, 6.1, -232],
						"5.9167": [118.85213, 5.81966, -246.74263],
						"6.125": [79.67834, 28.92468, -271.66951],
						"6.3333": [42.87139, 12.5913, -289.47447],
						"8.5": [42.87139, 12.5913, -289.47447],
						"9.6667": [99.55569, 28.15144, -170.01073]
					},
					"position": {
						"0.0": [-8.5, -16, -4],
						"1.7083": [-8.5, -16, -4],
						"2.3333": [-8.5, -16, -4],
						"2.7917": [-12.5, -19, 3.5],
						"2.9583": [-10.9, -17.8, 10],
						"3.0833": [-10.1, -17.2, 11],
						"3.25": [-8.5, -16, 11],
						"4.0": [-8.5, -16, 11],
						"5.5833": [-8.5, -16, 11],
						"6.125": [-19.86, -15.29, -9.64],
						"6.3333": [-6.5, -14, -13],
						"8.5": [-6.5, -14, -13],
						"9.6667": [-8.5, -16, -4]
					},
					"scale": {
						"0.0": [1, 1.5, 1],
						"1.7083": [1, 1.5, 1],
						"2.3333": [1, 1.5, 1],
						"9.6667": [1, 1.5, 1]
					}
				},
				"root": {
					"rotation": {
						"0.0": {
							"post": [0, 0, 0],
							"lerp_mode": "catmullrom"
						},
						"0.25": {
							"post": [4.35, -6.75, -6.2],
							"lerp_mode": "catmullrom"
						},
						"0.6667": {
							"post": [-19.33, -36.67, 0],
							"lerp_mode": "catmullrom"
						},
						"1.0": {
							"post": [-4.3, -55, 2],
							"lerp_mode": "catmullrom"
						},
						"1.4167": {
							"post": [-2, -58, 0],
							"lerp_mode": "catmullrom"
						},
						"1.7083": {
							"post": [-4.3, -56.3, 0],
							"lerp_mode": "catmullrom"
						},
						"1.9583": {
							"post": [-4.92, -55.51, -0.32],
							"lerp_mode": "catmullrom"
						},
						"2.3333": {
							"post": [3.1, -56.3, 0],
							"lerp_mode": "catmullrom"
						},
						"2.625": {
							"post": [4.47, -60.26, 1.86],
							"lerp_mode": "catmullrom"
						},
						"2.9167": {
							"post": [-5.56, -65.12, 4.16],
							"lerp_mode": "catmullrom"
						},
						"3.25": {
							"post": [5.1, -70.3, 6.6],
							"lerp_mode": "catmullrom"
						},
						"3.9583": {
							"post": [5.1, -70.3, 6.6],
							"lerp_mode": "catmullrom"
						},
						"4.0833": {
							"post": [5.1, -70.3, 6.6],
							"lerp_mode": "catmullrom"
						},
						"4.2917": {
							"post": [5.1, -70.3, 6.6],
							"lerp_mode": "catmullrom"
						},
						"4.4167": {
							"post": [5.12, -71.27, 3.32],
							"lerp_mode": "catmullrom"
						},
						"4.625": [5.21, -73.41, 0.62],
						"4.875": {
							"pre": [5.65, -76.08, 11.14],
							"post": [5.65, -76.08, 11.14],
							"lerp_mode": "catmullrom"
						},
						"5.0833": {
							"post": [4.69, -77.55, 4.36],
							"lerp_mode": "catmullrom"
						},
						"5.375": {
							"post": [8.1, -73.2, 6.6],
							"lerp_mode": "catmullrom"
						},
						"5.5833": {
							"post": [21.88, -60.18, 6.33],
							"lerp_mode": "catmullrom"
						},
						"5.9167": {
							"post": [46.90036, -25.35982, 10.58877],
							"lerp_mode": "catmullrom"
						},
						"6.1667": {
							"post": [45.54, -11.49, 4.28],
							"lerp_mode": "catmullrom"
						},
						"6.3333": {
							"post": [53.38, 24.34, 30.68],
							"lerp_mode": "catmullrom"
						},
						"6.5": {
							"post": [51.51, 35.97, 36.72],
							"lerp_mode": "catmullrom"
						},
						"6.7083": {
							"post": [54.1465, 70.99079, 51.32135],
							"lerp_mode": "catmullrom"
						},
						"7.25": {
							"post": [47.25, 74.89, 51.32],
							"lerp_mode": "catmullrom"
						},
						"7.9583": {
							"post": [47.25, 74.89, 51.32],
							"lerp_mode": "catmullrom"
						},
						"8.125": {
							"post": [51.56, 71.82, 55.09],
							"lerp_mode": "catmullrom"
						},
						"8.5": {
							"post": [47.25, 62.89, 51.32],
							"lerp_mode": "catmullrom"
						},
						"9.125": {
							"post": [49.94513, 16.1125, 12.46315],
							"lerp_mode": "catmullrom"
						},
						"9.6667": {
							"post": [0, 0, 0],
							"lerp_mode": "catmullrom"
						},
						"10.0": {
							"post": [-0.1, 0.75, 1.75],
							"lerp_mode": "catmullrom"
						},
						"10.5": {
							"post": [0, 0, 0],
							"lerp_mode": "catmullrom"
						}
					},
					"position": {
						"0.0": {
							"post": [0, 0, 0],
							"lerp_mode": "catmullrom"
						},
						"0.2083": {
							"post": [0, -0.4, -0.4],
							"lerp_mode": "catmullrom"
						},
						"0.6667": {
							"post": [0, 0.25, -2],
							"lerp_mode": "catmullrom"
						},
						"1.0": {
							"post": [0, 0, -3],
							"lerp_mode": "catmullrom"
						},
						"1.7083": {
							"post": [0, -0.01, -3.04],
							"lerp_mode": "catmullrom"
						},
						"1.9583": {
							"post": [0.02, -0.5, -2.98],
							"lerp_mode": "catmullrom"
						},
						"2.3333": [0, -0.71, -3.04],
						"2.5417": [0, -1.11, -3.04],
						"2.8333": {
							"pre": [-0.35, 1.04, -3.49],
							"post": [-0.35, 1.04, -3.49],
							"lerp_mode": "catmullrom"
						},
						"3.0833": {
							"post": [0.14, 0.93, -6.61],
							"lerp_mode": "catmullrom"
						},
						"3.25": {
							"post": [0.9, 0.4, -9],
							"lerp_mode": "catmullrom"
						},
						"3.9583": {
							"post": [0.9, 0.4, -9],
							"lerp_mode": "catmullrom"
						},
						"4.0833": {
							"post": [0.9, 0.4, -9],
							"lerp_mode": "catmullrom"
						},
						"4.2917": {
							"post": [0.9, 0.4, -9],
							"lerp_mode": "catmullrom"
						},
						"5.2917": {
							"post": [0.9, 0.4, -10.5],
							"lerp_mode": "catmullrom"
						},
						"5.9167": {
							"post": [0.9, -7.6, -10.5],
							"lerp_mode": "catmullrom"
						},
						"6.1667": {
							"post": [1.76, -6.9, -10.69],
							"lerp_mode": "catmullrom"
						},
						"6.7083": {
							"post": [10.9, -2.8, -11.2],
							"lerp_mode": "catmullrom"
						},
						"7.25": {
							"post": [10.9, -1.8, -11.2],
							"lerp_mode": "catmullrom"
						},
						"7.9583": {
							"post": [10.7, -1.8, -11.2],
							"lerp_mode": "catmullrom"
						},
						"8.125": {
							"post": [11.39, -2.67, -11.38],
							"lerp_mode": "catmullrom"
						},
						"8.5": {
							"post": [10.9, -0.6, -11.2],
							"lerp_mode": "catmullrom"
						},
						"9.125": {
							"post": [-3.9, 0.4, -5.73],
							"lerp_mode": "catmullrom"
						},
						"9.6667": {
							"post": [0, 0, 0],
							"lerp_mode": "catmullrom"
						}
					}
				},
				"gunfire_illuminated": {
					"scale": 0
				},
				"camera": {
					"rotation": {
						"0.0": {
							"post": [0, 0, 0],
							"lerp_mode": "catmullrom"
						},
						"0.3333": {
							"post": [4.2, 1.1, 0],
							"lerp_mode": "catmullrom"
						},
						"1.0833": {
							"post": [-1.6, -5.6, 0],
							"lerp_mode": "catmullrom"
						},
						"1.4583": {
							"post": [1.66, -5.96, 0],
							"lerp_mode": "catmullrom"
						},
						"1.9583": {
							"post": [-1.4, -5.6, 0],
							"lerp_mode": "catmullrom"
						},
						"2.3333": {
							"post": [2.8, -7.6, 0],
							"lerp_mode": "catmullrom"
						},
						"2.75": {
							"post": [-2.5, 0.5, 0],
							"lerp_mode": "catmullrom"
						},
						"3.375": {
							"post": [0.08, 1.35, 0],
							"lerp_mode": "catmullrom"
						},
						"3.625": {
							"post": [-1.4, 2.4, 0],
							"lerp_mode": "catmullrom"
						},
						"3.9583": {
							"post": [-1.4, 2, 0],
							"lerp_mode": "catmullrom"
						},
						"4.2083": {
							"post": [-0.4, 2, 0],
							"lerp_mode": "catmullrom"
						},
						"4.6667": {
							"post": [-2.7, 2, 0],
							"lerp_mode": "catmullrom"
						},
						"4.8333": {
							"post": [0.7, 2, 0],
							"lerp_mode": "catmullrom"
						},
						"5.0833": {
							"post": [0.1, 2, 0],
							"lerp_mode": "catmullrom"
						},
						"5.4167": {
							"post": [5.86, 0.2, 0],
							"lerp_mode": "catmullrom"
						},
						"5.7083": {
							"post": [11.48, 0.41, 0],
							"lerp_mode": "catmullrom"
						},
						"5.9167": {
							"post": [7.6, 1.7, 0],
							"lerp_mode": "catmullrom"
						},
						"6.2917": {
							"post": [10.2, 0.71, 0],
							"lerp_mode": "catmullrom"
						},
						"6.625": {
							"post": [6.4, 1.9, 0],
							"lerp_mode": "catmullrom"
						},
						"6.9167": {
							"post": [7.36, 0.71, 0],
							"lerp_mode": "catmullrom"
						},
						"7.5417": {
							"post": [-1.7, 0.7, 0],
							"lerp_mode": "catmullrom"
						},
						"8.0417": {
							"post": [0, 0, 0],
							"lerp_mode": "catmullrom"
						},
						"8.375": {
							"post": [0, 0, 0],
							"lerp_mode": "catmullrom"
						},
						"8.7917": {
							"post": [1.2, 0, 2.3],
							"lerp_mode": "catmullrom"
						},
						"9.25": {
							"post": [-0.5, 0, 2.3],
							"lerp_mode": "catmullrom"
						},
						"9.625": {
							"post": [0.2, 0, -2.5],
							"lerp_mode": "catmullrom"
						},
						"10.0417": {
							"post": [-0.2, 0, 1.1],
							"lerp_mode": "catmullrom"
						},
						"10.2917": {
							"post": [0.09, 0, -0.31],
							"lerp_mode": "catmullrom"
						},
						"10.5": {
							"post": [0, 0, 0],
							"lerp_mode": "catmullrom"
						}
					}
				}
			},
			"sound_effects": {
				"0.0": {
					"effect": "zeta:plas45/mag_raise"
				},
				"0.75": {
					"effect": "zeta:plas45/insp"
				},
				"2.5": {
					"effect": "zeta:plas45/inspect2"
				},
				"5.75": {
					"effect": "zeta:plas45/mag_raise2"
				},
				"6.25": {
					"effect": "zeta:plas45/mag_down"
				},
				"8.5": {
					"effect": "zeta:plas45/mag_raise2"
				},
				"9.25": {
					"effect": "zeta:plas45/mag_raise"
				}
			}
		},
		"inspect_empty": {
			"loop": "hold_on_last_frame",
			"animation_length": 10.2917,
			"bones": {
				"lefthand": {
					"rotation": {
						"0.0": {
							"post": [113.81825, -23.9075, 151.32322],
							"lerp_mode": "catmullrom"
						},
						"0.6667": [112.71287, -17.01806, 154.48025],
						"3.25": [117.71069, -37.44101, 143.75502],
						"4.2917": [117.71, -37.44, 143.76],
						"4.7917": [76.49635, -43.70436, 203.75177],
						"6.3333": [76.49635, -43.70436, 203.75177],
						"6.7083": [137.42631, 44.57549, 210.04707],
						"7.9583": [137.42631, 44.57549, 210.04707],
						"8.8333": [168.8592, -0.7322, 134.3154],
						"9.2917": {
							"pre": [168.8592, -0.7322, 134.3154],
							"post": [168.8592, -0.7322, 134.3154],
							"lerp_mode": "catmullrom"
						},
						"9.6667": {
							"post": [113.81825, -23.9075, 151.32322],
							"lerp_mode": "catmullrom"
						}
					},
					"position": {
						"0.0": {
							"post": [9.8365, -16.76247, -12.23169],
							"lerp_mode": "catmullrom"
						},
						"0.6667": [9.59, -16.76, -12.23],
						"2.0": [9.59, -16.76, -12.23],
						"4.2917": [9.59, -16.76, -12.23],
						"4.4167": [9.94, -16.76, -10.64],
						"4.7917": [4.59, -16.76, -9.23],
						"6.3333": [4.59, -16.76, -9.23],
						"6.5": [12.59, -16.76, 5.77],
						"6.7083": [6.59, -16.76, 9.77],
						"7.9583": [6.59, -16.76, 9.77],
						"8.3333": [9.06, -12.9, 7.95],
						"8.8333": [7.09, -7.76, 4.2],
						"9.2917": {
							"pre": [7.09, -7.76, 4.2],
							"post": [7.09, -7.76, 4.2],
							"lerp_mode": "catmullrom"
						},
						"9.4583": {
							"post": [10.46, -13.26, -4.02],
							"lerp_mode": "catmullrom"
						},
						"9.6667": {
							"post": [9.8365, -16.76247, -12.23169],
							"lerp_mode": "catmullrom"
						}
					},
					"scale": {
						"0.0": [1, 1.5, 1],
						"9.6667": [1, 1.5, 1]
					}
				},
				"righthand": {
					"rotation": {
						"0.0": [99.55569, 28.15144, -170.01073],
						"1.7083": [99.55569, 28.15144, -170.01073],
						"2.3333": [99.55569, 28.15144, -170.01073],
						"2.7917": [135.47011, -11.12583, -229.65581],
						"3.25": [174.54345, 6.10173, -231.99592],
						"4.0": [174.54345, 6.10173, -231.99592],
						"5.5833": [174.54, 6.1, -232],
						"5.9167": [118.85213, 5.81966, -246.74263],
						"6.125": [79.67834, 28.92468, -271.66951],
						"6.3333": [42.87139, 12.5913, -289.47447],
						"8.5": [42.87139, 12.5913, -289.47447],
						"9.6667": [99.55569, 28.15144, -170.01073]
					},
					"position": {
						"0.0": [-8.5, -16, -4],
						"1.7083": [-8.5, -16, -4],
						"2.3333": [-8.5, -16, -4],
						"2.7917": [-12.5, -19, 3.5],
						"2.9583": [-10.9, -17.8, 10],
						"3.0833": [-10.1, -17.2, 11],
						"3.25": [-8.5, -16, 11],
						"4.0": [-8.5, -16, 11],
						"5.5833": [-8.5, -16, 11],
						"6.125": [-19.86, -15.29, -9.64],
						"6.3333": [-6.5, -14, -13],
						"8.5": [-6.5, -14, -13],
						"9.6667": [-8.5, -16, -4]
					},
					"scale": {
						"0.0": [1, 1.5, 1],
						"1.7083": [1, 1.5, 1],
						"2.3333": [1, 1.5, 1],
						"9.6667": [1, 1.5, 1]
					}
				},
				"root": {
					"rotation": {
						"0.0": {
							"post": [0, 0, 0],
							"lerp_mode": "catmullrom"
						},
						"0.25": {
							"post": [4.35, -6.75, -6.2],
							"lerp_mode": "catmullrom"
						},
						"0.6667": {
							"post": [-19.33, -36.67, 0],
							"lerp_mode": "catmullrom"
						},
						"1.0": {
							"post": [-4.3, -55, 2],
							"lerp_mode": "catmullrom"
						},
						"1.4167": {
							"post": [-2, -58, 0],
							"lerp_mode": "catmullrom"
						},
						"1.7083": {
							"post": [-4.3, -56.3, 0],
							"lerp_mode": "catmullrom"
						},
						"1.9583": {
							"post": [-4.92, -55.51, -0.32],
							"lerp_mode": "catmullrom"
						},
						"2.3333": {
							"post": [3.1, -56.3, 0],
							"lerp_mode": "catmullrom"
						},
						"2.625": {
							"post": [4.47, -60.26, 1.86],
							"lerp_mode": "catmullrom"
						},
						"2.9167": {
							"post": [-5.56, -65.12, 4.16],
							"lerp_mode": "catmullrom"
						},
						"3.25": {
							"post": [5.1, -70.3, 6.6],
							"lerp_mode": "catmullrom"
						},
						"3.9583": {
							"post": [5.1, -70.3, 6.6],
							"lerp_mode": "catmullrom"
						},
						"4.0833": {
							"post": [5.1, -70.3, 6.6],
							"lerp_mode": "catmullrom"
						},
						"4.2917": {
							"post": [5.1, -70.3, 6.6],
							"lerp_mode": "catmullrom"
						},
						"4.4167": {
							"post": [5.12, -71.27, 3.32],
							"lerp_mode": "catmullrom"
						},
						"4.625": [5.21, -73.41, 0.62],
						"4.875": {
							"pre": [5.65, -76.08, 11.14],
							"post": [5.65, -76.08, 11.14],
							"lerp_mode": "catmullrom"
						},
						"5.0833": {
							"post": [4.69, -77.55, 4.36],
							"lerp_mode": "catmullrom"
						},
						"5.375": {
							"post": [8.1, -73.2, 6.6],
							"lerp_mode": "catmullrom"
						},
						"5.5833": {
							"post": [21.88, -60.18, 6.33],
							"lerp_mode": "catmullrom"
						},
						"5.9167": {
							"post": [46.90036, -25.35982, 10.58877],
							"lerp_mode": "catmullrom"
						},
						"6.1667": {
							"post": [45.54, -11.49, 4.28],
							"lerp_mode": "catmullrom"
						},
						"6.3333": {
							"post": [53.38, 24.34, 30.68],
							"lerp_mode": "catmullrom"
						},
						"6.5": {
							"post": [51.51, 35.97, 36.72],
							"lerp_mode": "catmullrom"
						},
						"6.7083": {
							"post": [54.1465, 70.99079, 51.32135],
							"lerp_mode": "catmullrom"
						},
						"7.25": {
							"post": [47.25, 74.89, 51.32],
							"lerp_mode": "catmullrom"
						},
						"7.9583": {
							"post": [47.25, 74.89, 51.32],
							"lerp_mode": "catmullrom"
						},
						"8.125": {
							"post": [51.56, 71.82, 55.09],
							"lerp_mode": "catmullrom"
						},
						"8.5": {
							"post": [47.25, 62.89, 51.32],
							"lerp_mode": "catmullrom"
						},
						"9.125": {
							"post": [49.94513, 16.1125, 12.46315],
							"lerp_mode": "catmullrom"
						},
						"9.6667": {
							"post": [0, 0, 0],
							"lerp_mode": "catmullrom"
						},
						"10.0": {
							"post": [-0.1, 0.75, 1.75],
							"lerp_mode": "catmullrom"
						},
						"10.5": {
							"post": [0, 0, 0],
							"lerp_mode": "catmullrom"
						}
					},
					"position": {
						"0.0": {
							"post": [0, 0, 0],
							"lerp_mode": "catmullrom"
						},
						"0.2083": {
							"post": [0, -0.4, -0.4],
							"lerp_mode": "catmullrom"
						},
						"0.6667": {
							"post": [0, 0.25, -2],
							"lerp_mode": "catmullrom"
						},
						"1.0": {
							"post": [0, 0, -3],
							"lerp_mode": "catmullrom"
						},
						"1.7083": {
							"post": [0, -0.01, -3.04],
							"lerp_mode": "catmullrom"
						},
						"1.9583": {
							"post": [0.02, -0.5, -2.98],
							"lerp_mode": "catmullrom"
						},
						"2.3333": [0, -0.71, -3.04],
						"2.5417": [0, -1.11, -3.04],
						"2.8333": {
							"pre": [-0.35, 1.04, -3.49],
							"post": [-0.35, 1.04, -3.49],
							"lerp_mode": "catmullrom"
						},
						"3.0833": {
							"post": [0.14, 0.93, -6.61],
							"lerp_mode": "catmullrom"
						},
						"3.25": {
							"post": [0.9, 0.4, -9],
							"lerp_mode": "catmullrom"
						},
						"3.9583": {
							"post": [0.9, 0.4, -9],
							"lerp_mode": "catmullrom"
						},
						"4.0833": {
							"post": [0.9, 0.4, -9],
							"lerp_mode": "catmullrom"
						},
						"4.2917": {
							"post": [0.9, 0.4, -9],
							"lerp_mode": "catmullrom"
						},
						"5.2917": {
							"post": [0.9, 0.4, -10.5],
							"lerp_mode": "catmullrom"
						},
						"5.9167": {
							"post": [0.9, -7.6, -10.5],
							"lerp_mode": "catmullrom"
						},
						"6.1667": {
							"post": [1.76, -6.9, -10.69],
							"lerp_mode": "catmullrom"
						},
						"6.7083": {
							"post": [10.9, -2.8, -11.2],
							"lerp_mode": "catmullrom"
						},
						"7.25": {
							"post": [10.9, -1.8, -11.2],
							"lerp_mode": "catmullrom"
						},
						"7.9583": {
							"post": [10.7, -1.8, -11.2],
							"lerp_mode": "catmullrom"
						},
						"8.125": {
							"post": [11.39, -2.67, -11.38],
							"lerp_mode": "catmullrom"
						},
						"8.5": {
							"post": [10.9, -0.6, -11.2],
							"lerp_mode": "catmullrom"
						},
						"9.125": {
							"post": [-3.9, 0.4, -5.73],
							"lerp_mode": "catmullrom"
						},
						"9.6667": {
							"post": [0, 0, 0],
							"lerp_mode": "catmullrom"
						}
					}
				},
				"gunfire_illuminated": {
					"scale": 0
				},
				"camera": {
					"rotation": {
						"0.0": {
							"post": [0, 0, 0],
							"lerp_mode": "catmullrom"
						},
						"0.3333": {
							"post": [4.2, 1.1, 0],
							"lerp_mode": "catmullrom"
						},
						"1.0833": {
							"post": [-1.6, -5.6, 0],
							"lerp_mode": "catmullrom"
						},
						"1.4583": {
							"post": [1.66, -5.96, 0],
							"lerp_mode": "catmullrom"
						},
						"1.9583": {
							"post": [-1.4, -5.6, 0],
							"lerp_mode": "catmullrom"
						},
						"2.3333": {
							"post": [2.8, -7.6, 0],
							"lerp_mode": "catmullrom"
						},
						"2.75": {
							"post": [-2.5, 0.5, 0],
							"lerp_mode": "catmullrom"
						},
						"3.375": {
							"post": [0.08, 1.35, 0],
							"lerp_mode": "catmullrom"
						},
						"3.625": {
							"post": [-1.4, 2.4, 0],
							"lerp_mode": "catmullrom"
						},
						"3.9583": {
							"post": [-1.4, 2, 0],
							"lerp_mode": "catmullrom"
						},
						"4.2083": {
							"post": [-0.4, 2, 0],
							"lerp_mode": "catmullrom"
						},
						"4.6667": {
							"post": [-2.7, 2, 0],
							"lerp_mode": "catmullrom"
						},
						"4.8333": {
							"post": [0.7, 2, 0],
							"lerp_mode": "catmullrom"
						},
						"5.0833": {
							"post": [0.1, 2, 0],
							"lerp_mode": "catmullrom"
						},
						"5.4167": {
							"post": [5.86, 0.2, 0],
							"lerp_mode": "catmullrom"
						},
						"5.7083": {
							"post": [11.48, 0.41, 0],
							"lerp_mode": "catmullrom"
						},
						"5.9167": {
							"post": [7.6, 1.7, 0],
							"lerp_mode": "catmullrom"
						},
						"6.2917": {
							"post": [10.2, 0.71, 0],
							"lerp_mode": "catmullrom"
						},
						"6.625": {
							"post": [6.4, 1.9, 0],
							"lerp_mode": "catmullrom"
						},
						"6.9167": {
							"post": [7.36, 0.71, 0],
							"lerp_mode": "catmullrom"
						},
						"7.5417": {
							"post": [-1.7, 0.7, 0],
							"lerp_mode": "catmullrom"
						},
						"8.0417": {
							"post": [0, 0, 0],
							"lerp_mode": "catmullrom"
						},
						"8.375": {
							"post": [0, 0, 0],
							"lerp_mode": "catmullrom"
						},
						"8.7917": {
							"post": [1.2, 0, 2.3],
							"lerp_mode": "catmullrom"
						},
						"9.25": {
							"post": [-0.5, 0, 2.3],
							"lerp_mode": "catmullrom"
						},
						"9.625": {
							"post": [0.2, 0, -2.5],
							"lerp_mode": "catmullrom"
						},
						"10.0417": {
							"post": [-0.2, 0, 1.1],
							"lerp_mode": "catmullrom"
						},
						"10.2917": {
							"post": [0.09, 0, -0.31],
							"lerp_mode": "catmullrom"
						},
						"10.5": {
							"post": [0, 0, 0],
							"lerp_mode": "catmullrom"
						}
					}
				},
				"iceholder": {
					"rotation": [0, 0, -90]
				},
				"mag": {
					"scale": 0
				}
			},
			"sound_effects": {
				"0.0": {
					"effect": "zeta:plas45/mag_raise"
				},
				"0.75": {
					"effect": "zeta:plas45/insp"
				},
				"2.5": {
					"effect": "zeta:plas45/inspect2"
				},
				"5.75": {
					"effect": "zeta:plas45/mag_raise2"
				},
				"6.25": {
					"effect": "zeta:plas45/mag_down"
				},
				"8.5": {
					"effect": "zeta:plas45/mag_raise2"
				},
				"9.25": {
					"effect": "zeta:plas45/mag_raise"
				}
			}
		},
		"reload_tactical": {
			"loop": "hold_on_last_frame",
			"animation_length": 6.6667,
			"bones": {
				"root": {
					"rotation": {
						"0.0": [0, 0, 0],
						"0.0833": {
							"pre": [0.03, 0.62, -0.51],
							"post": [0.03, 0.62, -0.51],
							"lerp_mode": "catmullrom"
						},
						"0.25": {
							"post": [4.65, -3.7, 3.9],
							"lerp_mode": "catmullrom"
						},
						"0.2917": {
							"post": [2.23, 1.86, -5.57],
							"lerp_mode": "catmullrom"
						},
						"0.375": {
							"post": [3.72, 3.59, -7.1],
							"lerp_mode": "catmullrom"
						},
						"0.5417": [2.22, 6.29, -10.4],
						"0.75": {
							"pre": [2.06, 4.85, -2.8],
							"post": [2.06, 4.85, -2.8],
							"lerp_mode": "catmullrom"
						},
						"0.875": [6.53, -1.01, -2.04],
						"1.0417": {
							"pre": [12.48, -8.7, 0.57],
							"post": [12.48, -8.7, 0.57],
							"lerp_mode": "catmullrom"
						},
						"1.3333": [29.37, -21.97, 17.38],
						"1.5417": [7.31, -49.45, 40.14],
						"1.75": {
							"pre": [1.03, -54.29, 40.69],
							"post": [1.03, -54.29, 40.69],
							"lerp_mode": "catmullrom"
						},
						"2.0417": [-18.22, -63.54, 55.65],
						"2.375": [-55, -50.6, 100],
						"2.7083": [-55, -41.4, 100],
						"3.25": {
							"pre": [-55.57, -40.07, 100.97],
							"post": [-55.57, -40.07, 100.97],
							"lerp_mode": "catmullrom"
						},
						"3.5417": {
							"post": [-55.87, -39.79, 97.27],
							"lerp_mode": "catmullrom"
						},
						"3.7917": {
							"post": [-56.14, -39.6, 91.03],
							"lerp_mode": "catmullrom"
						},
						"4.0": {
							"post": [-56.14, -35.6, 91.03],
							"lerp_mode": "catmullrom"
						},
						"4.0833": {
							"post": [-55.99, -38.84, 92.24],
							"lerp_mode": "catmullrom"
						},
						"4.2083": {
							"post": [-55.55, -35.16, 95.67],
							"lerp_mode": "catmullrom"
						},
						"4.4167": [-55, -41.4, 100],
						"4.4583": [-55.28, -35.5, 100.82],
						"4.5": {
							"pre": [-55.28, -35.5, 100.82],
							"post": [-55.28, -35.5, 100.82],
							"lerp_mode": "catmullrom"
						},
						"4.5417": {
							"post": [-56.4, -39.9, 102.58],
							"lerp_mode": "catmullrom"
						},
						"4.625": {
							"post": [-55, -41.4, 100],
							"lerp_mode": "catmullrom"
						},
						"4.875": [-35.19591, -64.36295, 66.14494],
						"4.9167": [-34.56, -60.42, 69.9],
						"4.9583": {
							"pre": [-34.78, -60.54, 70.09],
							"post": [-34.78, -60.54, 70.09],
							"lerp_mode": "catmullrom"
						},
						"5.0": [-35.19591, -64.36295, 66.14494],
						"5.2917": {
							"pre": [-35.19591, -64.36295, 66.14494],
							"post": [-35.19591, -64.36295, 66.14494],
							"lerp_mode": "catmullrom"
						},
						"5.4583": [-35.49, -70.59, 68.24],
						"5.75": {
							"pre": [-9.84, -49.64, 43.25],
							"post": [-9.84, -49.64, 43.25],
							"lerp_mode": "catmullrom"
						},
						"6.0417": {
							"post": [-12.3, -7.5, 1.5],
							"lerp_mode": "catmullrom"
						},
						"6.25": {
							"post": [2.9, -2.6, 1.4],
							"lerp_mode": "catmullrom"
						},
						"6.4583": {
							"post": [-0.4, 0, 0],
							"lerp_mode": "catmullrom"
						},
						"6.6667": {
							"post": [0, 0, 0],
							"lerp_mode": "catmullrom"
						}
					},
					"position": {
						"0.0": [0, 0, 0],
						"0.25": {
							"pre": [0, -0.25, 0],
							"post": [0, -0.25, 0],
							"lerp_mode": "catmullrom"
						},
						"0.3333": {
							"post": [-0.4, 0.25, 0],
							"lerp_mode": "catmullrom"
						},
						"0.4583": {
							"post": [-0.44, -0.02, 0],
							"lerp_mode": "catmullrom"
						},
						"0.625": [0.1, -1.4, 0],
						"0.75": {
							"pre": [0.1, -1.3, 0],
							"post": [0.1, -1.3, 0],
							"lerp_mode": "catmullrom"
						},
						"1.0833": {
							"post": [0, 0.57, -0.09],
							"lerp_mode": "catmullrom"
						},
						"1.5417": [0, -3.1, -0.3],
						"1.6667": [0, -2.7, -0.3],
						"1.9167": {
							"pre": [0, -3.11, -1.64],
							"post": [0, -3.11, -1.64],
							"lerp_mode": "catmullrom"
						},
						"2.375": [0, -4.2, -2],
						"2.7083": [0, -4, -2.5],
						"3.25": [0, -4, -2.5],
						"3.5417": [0, -4, -2.5],
						"3.7917": [0, -4, -2.5],
						"4.625": [0, -4, -2.5],
						"4.875": [-1.5, -3.5, -3.7],
						"5.2917": [-1.5, -3.5, -3.7],
						"5.4583": [-1.64, -3.35, -2.56],
						"5.6667": {
							"pre": [-1.63, -2.84, -2.71],
							"post": [-1.63, -2.84, -2.71],
							"lerp_mode": "catmullrom"
						},
						"6.0": {
							"post": [0.4, -0.2, 1.6],
							"lerp_mode": "catmullrom"
						},
						"6.2083": {
							"post": [0, -0.3, 0],
							"lerp_mode": "catmullrom"
						},
						"6.375": {
							"post": [-0.1, 0, 0],
							"lerp_mode": "catmullrom"
						},
						"6.5": {
							"post": [0.048, -0.024, 0.192],
							"lerp_mode": "catmullrom"
						},
						"6.625": {
							"post": [0, 0, 0],
							"lerp_mode": "catmullrom"
						}
					}
				},
				"mag_and_bullet": {
					"rotation": {
						"0.0": [0, 0, 0],
						"0.7083": [0, 0, 0],
						"3.1667": {
							"pre": [0, 0, 0],
							"post": [0, 0, -3.15]
						},
						"3.7083": [0, 0, 2.6],
						"3.9167": [0, 0, 0]
					},
					"position": {
						"0.2917": {
							"pre": [0, 0, 0],
							"post": [0, 0, 0],
							"lerp_mode": "catmullrom"
						},
						"0.4167": {
							"post": [0, 3.57, 0],
							"lerp_mode": "catmullrom"
						},
						"0.4583": {
							"post": [-0.17, 11.39, 0],
							"lerp_mode": "catmullrom"
						},
						"0.5": {
							"post": [-0.85, 20.73, 0],
							"lerp_mode": "catmullrom"
						},
						"0.5417": [-2.7, 29.63, 0],
						"0.625": [-5.2, 37.28, 0],
						"0.7083": [-9, 41.1, 0],
						"3.1667": {
							"pre": [-9, 41.1, 0],
							"post": [12.94, -10.44, -8]
						},
						"3.4583": [9.03, 1.21, -4.5],
						"3.7083": [2, 4.5, 0],
						"3.9167": [0, 4.25, 0],
						"4.125": [-0.12, 4, 0],
						"4.4583": [0, 0, 0]
					},
					"scale": {
						"0.5": [1, 1, 1],
						"0.5833": [0, 0, 0],
						"3.0": [0, 0, 0],
						"3.0833": [1, 1, 1],
						"3.1667": {
							"pre": [0, 0, 0],
							"post": [1, 1, 1]
						}
					}
				},
				"lefthand": {
					"rotation": {
						"0.0": {
							"post": [113.81825, -23.9075, 151.32322],
							"lerp_mode": "catmullrom"
						},
						"0.2917": [169.37725, -18.62713, 125.74437],
						"0.7083": [169.38, -18.63, 125.74],
						"1.0833": [173.3, -18.28, 114.29],
						"3.1667": [193.77337, -16.47485, 54.48977],
						"3.7083": [193.77, -16.47, 63.49],
						"4.625": [193.77337, -16.47485, 44.48977],
						"4.875": [188.77597, 5.98438, 90.99436],
						"4.9583": [188.77597, 5.98438, 90.99436],
						"5.2083": {
							"pre": [113.81825, -23.9075, 151.32322],
							"post": [113.81825, -23.9075, 151.32322],
							"lerp_mode": "catmullrom"
						}
					},
					"position": {
						"0.0": {
							"post": [9.8365, -16.76247, -12.23169],
							"lerp_mode": "catmullrom"
						},
						"0.125": {
							"post": [13.34, -12.26, -6.23],
							"lerp_mode": "catmullrom"
						},
						"0.2917": [8.84, -7.76, -0.23],
						"0.7083": [8.84, -7.76, -0.23],
						"1.0833": [15.84, -10.03, -0.71],
						"1.375": [30.66, -15.73, -1.06],
						"3.1667": [8.84, 9.24, -3.23],
						"3.4583": [-3.16, 5.24, -0.23],
						"3.7083": [-6.16, -1.26, 4.27],
						"3.9167": [-6.16, -3.26, 4.27],
						"4.125": [-5.91, -3.51, 4.27],
						"4.4583": [-1.91, -3.51, 4.27],
						"4.625": [-1.91, -3.51, 4.27],
						"4.6667": [0.09, -1.61, 4.14],
						"4.7083": [2.09, -0.71, 4.02],
						"4.75": [4.09, -0.73, 3.85],
						"4.8333": [6.34, -1.12, 3.68],
						"4.875": [8.09, -1.76, 3.52],
						"4.9583": [8.09, -1.76, 3.52],
						"5.0833": {
							"pre": [13.96, -9.26, -4.36],
							"post": [13.96, -9.26, -4.36],
							"lerp_mode": "catmullrom"
						},
						"5.2083": {
							"post": [9.8365, -16.76247, -12.23169],
							"lerp_mode": "catmullrom"
						}
					},
					"scale": [1, 1.5, 1]
				},
				"righthand": {
					"rotation": {
						"0.0": [99.55569, 28.15144, -170.01073],
						"0.625": [99.56, 28.15, -170.01],
						"1.4167": {
							"pre": [122.06, -4.63571, -170.01],
							"post": [122.06, -4.63571, -170.01],
							"lerp_mode": "catmullrom"
						},
						"2.25": [99.56, -39.35, -170.01],
						"4.625": [99.56, -39.35, -170.01],
						"4.9167": [116.63943, -11.38764, -157.77063],
						"5.2917": [116.64, -11.39, -157.77],
						"5.6667": [99.55569, 28.15144, -170.01073]
					},
					"position": {
						"0.0": [-8.5, -16, -4],
						"0.625": [-8.5, -16, -4],
						"4.625": [-8.5, -16, -4]
					},
					"scale": [1, 1.5, 1]
				},
				"iceholder": {
					"rotation": {
						"0.2917": [0, 0, 0],
						"0.4167": [0, 0, -90],
						"4.625": [0, 0, -90],
						"4.875": [0, 0, 0]
					},
					"scale": 1
				},
				"camera": {
					"rotation": {
						"0.0": {
							"post": [0, 0, 0],
							"lerp_mode": "catmullrom"
						},
						"0.0833": {
							"post": [0.177, 0, 0],
							"lerp_mode": "catmullrom"
						},
						"0.2083": {
							"post": [-0.3953, 0, 0],
							"lerp_mode": "catmullrom"
						},
						"0.2917": {
							"post": [0.69915, 0, -0.708],
							"lerp_mode": "catmullrom"
						},
						"0.375": {
							"post": [-0.02212, 0.4425, 0.38203],
							"lerp_mode": "catmullrom"
						},
						"0.4583": {
							"post": [-0.2301, 0, 0.5723],
							"lerp_mode": "catmullrom"
						},
						"0.5833": {
							"post": [0.83188, 0.3, 0],
							"lerp_mode": "catmullrom"
						},
						"0.6667": {
							"post": [1.72993, 1.0325, 0],
							"lerp_mode": "catmullrom"
						},
						"0.75": {
							"post": [1.89243, 0.59, 0],
							"lerp_mode": "catmullrom"
						},
						"0.8333": {
							"post": [2.3461, 0.059, 0.4425],
							"lerp_mode": "catmullrom"
						},
						"0.9583": {
							"post": [1.56193, -1.19475, 0],
							"lerp_mode": "catmullrom"
						},
						"1.1667": {
							"post": [-0.4425, -1.19475, 0],
							"lerp_mode": "catmullrom"
						},
						"1.375": {
							"post": [4.90164, -0.9771, -0.25606],
							"lerp_mode": "catmullrom"
						},
						"1.4583": {
							"post": [4.55232, -0.95102, -0.28674],
							"lerp_mode": "catmullrom"
						},
						"1.5417": {
							"post": [5.4102, -0.944, -0.295],
							"lerp_mode": "catmullrom"
						},
						"1.625": {
							"post": [5.0975, -0.7493, 0],
							"lerp_mode": "catmullrom"
						},
						"1.7083": {
							"post": [5.9825, -2.1063, 0.59],
							"lerp_mode": "catmullrom"
						},
						"1.7917": {
							"post": [5.0975, -1.8493, 0.4],
							"lerp_mode": "catmullrom"
						},
						"2.0833": {
							"post": [8.9, -6.6, 0],
							"lerp_mode": "catmullrom"
						},
						"2.2917": {
							"post": [12.6, -9, 0],
							"lerp_mode": "catmullrom"
						},
						"2.375": {
							"post": [13.515, -9.06, 0],
							"lerp_mode": "catmullrom"
						},
						"2.4167": {
							"post": [12.265, -9.06, 0],
							"lerp_mode": "catmullrom"
						},
						"2.5": {
							"post": [10.90625, -8.97, 0],
							"lerp_mode": "catmullrom"
						},
						"2.625": {
							"post": [12.76375, -8.84, 0],
							"lerp_mode": "catmullrom"
						},
						"3.0": {
							"post": [9.71875, -9, 0],
							"lerp_mode": "catmullrom"
						},
						"3.3333": {
							"post": [14.1, -17, 0],
							"lerp_mode": "catmullrom"
						},
						"3.7083": {
							"post": [-7.31, -3.52, 0],
							"lerp_mode": "catmullrom"
						},
						"4.0": {
							"post": [-7.7, 0.4, 0],
							"lerp_mode": "catmullrom"
						},
						"4.4167": {
							"post": [9.1, 3.2, 0],
							"lerp_mode": "catmullrom"
						},
						"4.4583": {
							"post": [10.08, 3.52, 0],
							"lerp_mode": "catmullrom"
						},
						"4.5": {
							"post": [10.08, 3.52, 0],
							"lerp_mode": "catmullrom"
						},
						"4.5833": {
							"post": [7.94, 3.47, 0],
							"lerp_mode": "catmullrom"
						},
						"4.875": {
							"post": [13.17, 3.38, 0],
							"lerp_mode": "catmullrom"
						},
						"4.9167": {
							"post": [14.39, 3.26, 0],
							"lerp_mode": "catmullrom"
						},
						"4.9583": {
							"post": [14.39, 3.26, 0],
							"lerp_mode": "catmullrom"
						},
						"5.0": {
							"post": [12.13, 2.97, 0],
							"lerp_mode": "catmullrom"
						},
						"5.125": {
							"post": [9.57625, 2.41, 0],
							"lerp_mode": "catmullrom"
						},
						"5.2083": {
							"post": [7.1, 1.7, 0],
							"lerp_mode": "catmullrom"
						},
						"5.3333": {
							"post": [10.1, -1.7, 0],
							"lerp_mode": "catmullrom"
						},
						"5.5": {
							"post": [12.8, 0.07, 0],
							"lerp_mode": "catmullrom"
						},
						"5.75": {
							"post": [11, -1.43, 0],
							"lerp_mode": "catmullrom"
						},
						"6.125": {
							"post": [-4, 2, 0],
							"lerp_mode": "catmullrom"
						},
						"6.375": {
							"post": [0, 0, 0],
							"lerp_mode": "catmullrom"
						},
						"6.5417": {
							"post": [0.5925, 0.27, 0],
							"lerp_mode": "catmullrom"
						},
						"6.6667": {
							"post": [0, 0, 0],
							"lerp_mode": "catmullrom"
						}
					}
				},
				"constraint": {
					"rotation": {
						"0.0": {
							"post": [0.25, 0.25, 0.2],
							"lerp_mode": "catmullrom"
						},
						"0.7083": {
							"post": [1, 1, 1],
							"lerp_mode": "catmullrom"
						},
						"5.4583": {
							"post": [1, 1, 1],
							"lerp_mode": "catmullrom"
						},
						"6.2083": {
							"post": [0.25, 0.25, 0.2],
							"lerp_mode": "catmullrom"
						},
						"6.4583": {
							"post": [0.25, 0.25, 0.2],
							"lerp_mode": "catmullrom"
						}
					},
					"position": {
						"0.0": {
							"post": [0.15, 0.15, 0.1],
							"lerp_mode": "catmullrom"
						},
						"0.7083": {
							"post": [1, 1, 1],
							"lerp_mode": "catmullrom"
						},
						"5.4583": {
							"post": [1, 1, 1],
							"lerp_mode": "catmullrom"
						},
						"6.2083": {
							"post": [0.15, 0.15, 0.1],
							"lerp_mode": "catmullrom"
						},
						"6.4583": {
							"post": [0.15, 0.15, 0.1],
							"lerp_mode": "catmullrom"
						}
					}
				}
			},
			"sound_effects": {
				"0.2917": {
					"effect": "zeta:las98/eject"
				},
				"1.0": {
					"effect": "zeta:plas45/gun_raise"
				},
				"1.5": {
					"effect": "zeta:plas45/mag_raise"
				},
				"3.0": {
					"effect": "zeta:plas45/mag_down"
				},
				"4.25": {
					"effect": "zeta:las98/magin"
				},
				"4.7083": {
					"effect": "zeta:las98/magin2"
				},
				"5.5": {
					"effect": "zeta:plas45/mag_raise2"
				},
				"6.0": {
					"effect": "zeta:plas45/mag_raise"
				}
			}
		},
		"reload_empty": {
			"animation_length": 6.2917,
			"bones": {
				"root": {
					"rotation": {
						"0.0": {
							"post": [0, 0, 0],
							"lerp_mode": "catmullrom"
						},
						"0.0833": {
							"post": [-1.6, -0.24, -0.05],
							"lerp_mode": "catmullrom"
						},
						"0.2917": {
							"post": [6.712, -0.756, -0.16],
							"lerp_mode": "catmullrom"
						},
						"0.4167": {
							"post": [-4.036, -1.688, -0.372],
							"lerp_mode": "catmullrom"
						},
						"0.625": {
							"post": [-7.808, -3.48, 0.228],
							"lerp_mode": "catmullrom"
						},
						"0.9583": [29.37, -21.97, 17.38],
						"1.1667": {
							"pre": [7.31, -49.45, 40.14],
							"post": [7.31, -49.45, 40.14],
							"lerp_mode": "catmullrom"
						},
						"1.375": {
							"post": [1.03, -54.29, 40.69],
							"lerp_mode": "catmullrom"
						},
						"1.6667": [-18.22, -63.54, 55.65],
						"2.0": [-55, -50.6, 100],
						"2.3333": [-55, -41.4, 100],
						"2.875": {
							"pre": [-55.57, -40.07, 100.97],
							"post": [-55.57, -40.07, 100.97],
							"lerp_mode": "catmullrom"
						},
						"3.1667": {
							"post": [-55.87, -39.79, 97.27],
							"lerp_mode": "catmullrom"
						},
						"3.4167": {
							"post": [-56.14, -39.6, 91.03],
							"lerp_mode": "catmullrom"
						},
						"3.625": {
							"post": [-56.14, -35.6, 91.03],
							"lerp_mode": "catmullrom"
						},
						"3.7083": {
							"post": [-55.99, -38.84, 92.24],
							"lerp_mode": "catmullrom"
						},
						"3.8333": {
							"post": [-55.55, -35.16, 95.67],
							"lerp_mode": "catmullrom"
						},
						"4.0417": [-55, -41.4, 100],
						"4.0833": [-55.28, -35.5, 100.82],
						"4.125": {
							"pre": [-55.28, -35.5, 100.82],
							"post": [-55.28, -35.5, 100.82],
							"lerp_mode": "catmullrom"
						},
						"4.1667": {
							"post": [-56.4, -39.9, 102.58],
							"lerp_mode": "catmullrom"
						},
						"4.25": {
							"post": [-55, -41.4, 100],
							"lerp_mode": "catmullrom"
						},
						"4.5": [-35.19591, -64.36295, 66.14494],
						"4.5417": [-34.56, -60.42, 69.9],
						"4.5833": {
							"pre": [-34.78, -60.54, 70.09],
							"post": [-34.78, -60.54, 70.09],
							"lerp_mode": "catmullrom"
						},
						"4.625": [-35.19591, -64.36295, 66.14494],
						"4.9167": {
							"pre": [-35.19591, -64.36295, 66.14494],
							"post": [-35.19591, -64.36295, 66.14494],
							"lerp_mode": "catmullrom"
						},
						"5.0833": [-35.49, -70.59, 68.24],
						"5.375": {
							"pre": [-9.84, -49.64, 43.25],
							"post": [-9.84, -49.64, 43.25],
							"lerp_mode": "catmullrom"
						},
						"5.6667": {
							"post": [-12.3, -7.5, 1.5],
							"lerp_mode": "catmullrom"
						},
						"5.875": {
							"post": [2.9, -2.6, 1.4],
							"lerp_mode": "catmullrom"
						},
						"6.0833": {
							"post": [-0.4, 0, 0],
							"lerp_mode": "catmullrom"
						},
						"6.2917": {
							"post": [0, 0, 0],
							"lerp_mode": "catmullrom"
						}
					},
					"position": {
						"0.0": {
							"post": [0, 0, 0],
							"lerp_mode": "catmullrom"
						},
						"0.125": {
							"post": [0, -0.5896, -0.7524],
							"lerp_mode": "catmullrom"
						},
						"0.3333": {
							"post": [-0.528, 0.6864, 0.2508],
							"lerp_mode": "catmullrom"
						},
						"0.5833": {
							"post": [0, 0.6908, -0.0396],
							"lerp_mode": "catmullrom"
						},
						"1.1667": [0, -3.1, -0.3],
						"1.2917": [0, -2.7, -0.3],
						"1.5417": {
							"pre": [0, -3.11, -1.64],
							"post": [0, -3.11, -1.64],
							"lerp_mode": "catmullrom"
						},
						"2.0": [0, -4.2, -2],
						"2.3333": [0, -4, -2.5],
						"2.875": [0, -4, -2.5],
						"3.1667": [0, -4, -2.5],
						"3.4167": [0, -4, -2.5],
						"4.25": [0, -4, -2.5],
						"4.5": [-1.5, -3.5, -3.7],
						"4.9167": [-1.5, -3.5, -3.7],
						"5.0833": [-1.64, -3.35, -2.56],
						"5.2917": {
							"pre": [-1.63, -2.84, -2.71],
							"post": [-1.63, -2.84, -2.71],
							"lerp_mode": "catmullrom"
						},
						"5.625": {
							"post": [0.4, -0.2, 1.6],
							"lerp_mode": "catmullrom"
						},
						"5.8333": {
							"post": [0, -0.3, 0],
							"lerp_mode": "catmullrom"
						},
						"6.0": {
							"post": [-0.1, 0, 0],
							"lerp_mode": "catmullrom"
						},
						"6.125": {
							"post": [0.048, -0.024, 0.192],
							"lerp_mode": "catmullrom"
						},
						"6.25": {
							"post": [0, 0, 0],
							"lerp_mode": "catmullrom"
						}
					}
				},
				"iceholder": {
					"rotation": {
						"4.25": [0, 0, -90],
						"4.5": [0, 0, 0]
					}
				},
				"mag_and_bullet": {
					"rotation": {
						"2.7917": [0, 0, -3.15],
						"3.3333": [0, 0, 2.6],
						"3.5417": [0, 0, 0]
					},
					"position": {
						"2.7917": [12.94, -10.44, -8],
						"3.0833": [9.03, 1.21, -4.5],
						"3.3333": [2, 4.5, 0],
						"3.5417": [0, 4.25, 0],
						"3.75": [-0.12, 4, 0],
						"4.0833": [0, 0, 0]
					},
					"scale": {
						"0.375": [0, 0, 0],
						"2.7917": {
							"pre": [0, 0, 0],
							"post": [1, 1, 1]
						}
					}
				},
				"lefthand": {
					"rotation": {
						"0.375": {
							"pre": [113.81825, -23.9075, 151.32322],
							"post": [113.81825, -23.9075, 151.32322],
							"lerp_mode": "catmullrom"
						},
						"0.5833": [173.3, -18.28, 114.29],
						"2.7917": [193.77337, -16.47485, 54.48977],
						"3.3333": [193.77, -16.47, 63.49],
						"4.25": [193.77337, -16.47485, 44.48977],
						"4.5": [188.77597, 5.98438, 90.99436],
						"4.5833": [188.77597, 5.98438, 90.99436],
						"4.8333": {
							"pre": [113.81825, -23.9075, 151.32322],
							"post": [113.81825, -23.9075, 151.32322],
							"lerp_mode": "catmullrom"
						}
					},
					"position": {
						"0.375": {
							"pre": [9.8365, -16.76247, -12.23169],
							"post": [9.8365, -16.76247, -12.23169],
							"lerp_mode": "catmullrom"
						},
						"0.5833": [15.84, -10.03, -0.71],
						"1.0": [30.66, -15.73, -1.06],
						"2.7917": [8.84, 9.24, -3.23],
						"3.0833": [-3.16, 5.24, -0.23],
						"3.3333": [-6.16, -1.26, 4.27],
						"3.5417": [-6.16, -3.26, 4.27],
						"3.75": [-5.91, -3.51, 4.27],
						"4.0833": [-1.91, -3.51, 4.27],
						"4.25": [-1.91, -3.51, 4.27],
						"4.2917": [0.09, -1.61, 4.14],
						"4.3333": [2.09, -0.71, 4.02],
						"4.375": [4.09, -0.73, 3.85],
						"4.4583": [6.34, -1.12, 3.68],
						"4.5": [8.09, -1.76, 3.52],
						"4.5833": [8.09, -1.76, 3.52],
						"4.7083": {
							"pre": [13.96, -9.26, -4.36],
							"post": [13.96, -9.26, -4.36],
							"lerp_mode": "catmullrom"
						},
						"4.8333": {
							"post": [9.8365, -16.76247, -12.23169],
							"lerp_mode": "catmullrom"
						}
					},
					"scale": [1, 1.5, 1]
				},
				"righthand": {
					"rotation": {
						"0.375": [99.55569, 28.15144, -170.01073],
						"1.0417": {
							"pre": [122.06, -4.63571, -170.01],
							"post": [122.06, -4.63571, -170.01],
							"lerp_mode": "catmullrom"
						},
						"1.875": [99.56, -39.35, -170.01],
						"4.25": [99.56, -39.35, -170.01],
						"4.5417": [116.63943, -11.38764, -157.77063],
						"4.9167": [116.64, -11.39, -157.77],
						"5.2917": [99.55569, 28.15144, -170.01073]
					},
					"position": [-8.5, -16, -4],
					"scale": [1, 1.5, 1]
				},
				"camera": {
					"rotation": {
						"0.0": {
							"post": [0, 0, 0],
							"lerp_mode": "catmullrom"
						},
						"0.1667": {
							"post": [2.41, 0.07, 0],
							"lerp_mode": "catmullrom"
						},
						"0.375": {
							"post": [-1.6, 0, 0],
							"lerp_mode": "catmullrom"
						},
						"0.4583": {
							"post": [1.56193, -1.19475, 0],
							"lerp_mode": "catmullrom"
						},
						"0.6667": {
							"post": [-0.4425, -1.19475, 0],
							"lerp_mode": "catmullrom"
						},
						"1.0": {
							"post": [4.90164, -0.9771, -0.25606],
							"lerp_mode": "catmullrom"
						},
						"1.0833": {
							"post": [4.55232, -0.95102, -0.28674],
							"lerp_mode": "catmullrom"
						},
						"1.1667": {
							"post": [5.4102, -0.944, -0.295],
							"lerp_mode": "catmullrom"
						},
						"1.25": {
							"post": [5.0975, -0.7493, 0],
							"lerp_mode": "catmullrom"
						},
						"1.3333": {
							"post": [5.9825, -2.1063, 0.59],
							"lerp_mode": "catmullrom"
						},
						"1.4167": {
							"post": [5.0975, -1.8493, 0.4],
							"lerp_mode": "catmullrom"
						},
						"1.7083": {
							"post": [8.9, -6.6, 0],
							"lerp_mode": "catmullrom"
						},
						"1.9167": {
							"post": [12.6, -9, 0],
							"lerp_mode": "catmullrom"
						},
						"2.0": {
							"post": [13.515, -9.06, 0],
							"lerp_mode": "catmullrom"
						},
						"2.0417": {
							"post": [12.265, -9.06, 0],
							"lerp_mode": "catmullrom"
						},
						"2.125": {
							"post": [10.90625, -8.97, 0],
							"lerp_mode": "catmullrom"
						},
						"2.25": {
							"post": [12.76375, -8.84, 0],
							"lerp_mode": "catmullrom"
						},
						"2.625": {
							"post": [9.71875, -9, 0],
							"lerp_mode": "catmullrom"
						},
						"2.9583": {
							"post": [14.1, -17, 0],
							"lerp_mode": "catmullrom"
						},
						"3.3333": {
							"post": [-7.31, -3.52, 0],
							"lerp_mode": "catmullrom"
						},
						"3.625": {
							"post": [-7.7, 0.4, 0],
							"lerp_mode": "catmullrom"
						},
						"4.0417": {
							"post": [9.1, 3.2, 0],
							"lerp_mode": "catmullrom"
						},
						"4.0833": {
							"post": [10.08, 3.52, 0],
							"lerp_mode": "catmullrom"
						},
						"4.125": {
							"post": [10.08, 3.52, 0],
							"lerp_mode": "catmullrom"
						},
						"4.2083": {
							"post": [7.94, 3.47, 0],
							"lerp_mode": "catmullrom"
						},
						"4.5": {
							"post": [13.17, 3.38, 0],
							"lerp_mode": "catmullrom"
						},
						"4.5417": {
							"post": [14.39, 3.26, 0],
							"lerp_mode": "catmullrom"
						},
						"4.5833": {
							"post": [14.39, 3.26, 0],
							"lerp_mode": "catmullrom"
						},
						"4.625": {
							"post": [12.13, 2.97, 0],
							"lerp_mode": "catmullrom"
						},
						"4.75": {
							"post": [9.57625, 2.41, 0],
							"lerp_mode": "catmullrom"
						},
						"4.8333": {
							"post": [7.1, 1.7, 0],
							"lerp_mode": "catmullrom"
						},
						"4.9583": {
							"post": [10.1, -1.7, 0],
							"lerp_mode": "catmullrom"
						},
						"5.125": {
							"post": [12.8, 0.07, 0],
							"lerp_mode": "catmullrom"
						},
						"5.375": {
							"post": [11, -1.43, 0],
							"lerp_mode": "catmullrom"
						},
						"5.75": {
							"post": [-4, 2, 0],
							"lerp_mode": "catmullrom"
						},
						"6.0": {
							"post": [0, 0, 0],
							"lerp_mode": "catmullrom"
						},
						"6.1667": {
							"post": [0.5925, 0.27, 0],
							"lerp_mode": "catmullrom"
						},
						"6.2917": {
							"post": [0, 0, 0],
							"lerp_mode": "catmullrom"
						}
					}
				},
				"constraint": {
					"rotation": {
						"0.0": {
							"post": [0.25, 0.25, 0.2],
							"lerp_mode": "catmullrom"
						},
						"0.7083": {
							"post": [1, 1, 1],
							"lerp_mode": "catmullrom"
						},
						"4.9583": {
							"post": [1, 1, 1],
							"lerp_mode": "catmullrom"
						},
						"5.75": {
							"post": [0.25, 0.25, 0.2],
							"lerp_mode": "catmullrom"
						},
						"6.2083": {
							"post": [0.25, 0.25, 0.2],
							"lerp_mode": "catmullrom"
						}
					},
					"position": {
						"0.0": {
							"post": [0.15, 0.15, 0.1],
							"lerp_mode": "catmullrom"
						},
						"0.7083": {
							"post": [1, 1, 1],
							"lerp_mode": "catmullrom"
						},
						"4.9583": {
							"post": [1, 1, 1],
							"lerp_mode": "catmullrom"
						},
						"5.75": {
							"post": [0.15, 0.15, 0.1],
							"lerp_mode": "catmullrom"
						},
						"6.2083": {
							"post": [0.15, 0.15, 0.1],
							"lerp_mode": "catmullrom"
						}
					}
				}
			},
			"sound_effects": {
				"0.5": {
					"effect": "zeta:plas45/inspect2"
				},
				"1.0": {
					"effect": "zeta:plas45/mag_raise"
				},
				"2.5": {
					"effect": "zeta:plas45/mag_down"
				},
				"3.75": {
					"effect": "zeta:las98/magin"
				},
				"4.2083": {
					"effect": "zeta:las98/magin2"
				},
				"5.25": {
					"effect": "zeta:plas45/mag_raise2"
				},
				"5.75": {
					"effect": "zeta:plas45/mag_raise"
				}
			}
		},
		"run_start": {
			"loop": "hold_on_last_frame",
			"animation_length": 0.5,
			"bones": {
				"root": {
					"rotation": {
						"0.0": {
							"post": [0, 0, 0],
							"lerp_mode": "catmullrom"
						},
						"0.5": [42.71163, -7.67094, -3.12095]
					},
					"position": {
						"0.0": {
							"post": [0, 0, 0],
							"lerp_mode": "catmullrom"
						},
						"0.15": {
							"post": [-2.54, 0.37, -0.18],
							"lerp_mode": "catmullrom"
						},
						"0.35": {
							"post": [-5.36, -1.23, -0.37],
							"lerp_mode": "catmullrom"
						},
						"0.5": [-7.62, 1.09, -0.52]
					}
				}
			},
			"sound_effects": {
				"0.0": {
					"effect": "zeta:plas45/insp"
				}
			}
		},
		"run": {
			"loop": true,
			"animation_length": 0.8,
			"bones": {
				"root": {
					"rotation": {
						"0.0": [42.71163, -7.67094, -3.12095],
						"0.05": [47.53, -8.55, -5.93],
						"0.1": [51.52, -10.61, -9.7],
						"0.15": [51.4, -13.37, -9.95],
						"0.2": [49.51, -16.62, -8.54],
						"0.25": [47.51, -19.24, -6.71],
						"0.3": [45.07, -22.02, -4.39],
						"0.35": [43.62, -24, -2.94],
						"0.4": [44.43, -24.93, -3.51],
						"0.45": [46.23, -25.05, -4.94],
						"0.5": [46.6, -24.15, -5.15],
						"0.55": [43.68, -21.76, -2.48],
						"0.6": [39.34, -18.34, 1.4],
						"0.65": [36.8, -15.06, 3.67],
						"0.7": [38, -12.07, 2.64],
						"0.75": [41, -9.22, -0.01],
						"0.8": [43.28, -7.24, -2.02]
					},
					"position": {
						"0.0": [-7.62, 1.09, -0.52],
						"0.05": [-6.81, 0.12, -0.64],
						"0.1": [-5.88, -0.74, -0.64],
						"0.15": [-5.14, -0.05, -0.64],
						"0.2": [-4.57, 1.05, -0.64],
						"0.25": [-4.19, 2.45, -0.64],
						"0.3": [-3.94, 2.62, -0.64],
						"0.35": [-3.78, 2.32, -0.64],
						"0.4": [-3.76, 1.6, -0.64],
						"0.45": [-3.82, 0.63, -0.64],
						"0.5": [-4.08, 0.07, -0.64],
						"0.55": [-5.07, 0.52, -0.64],
						"0.6": [-6.2, 1.37, -0.64],
						"0.65": [-7.03, 1.98, -0.64],
						"0.7": [-7.59, 2.28, -0.64],
						"0.75": [-7.67, 1.8, -0.64],
						"0.8": [-7.58, 1.2, -0.64]
					}
				}
			}
		},
		"run_hold": {
			"animation_length": 0.2917,
			"bones": {
				"root": {
					"rotation": [42.71163, -7.67094, -3.12095],
					"position": [-7.62, 1.09, -0.52]
				}
			}
		},
		"run_end": {
			"loop": "hold_on_last_frame",
			"animation_length": 1.1,
			"bones": {
				"root": {
					"rotation": {
						"0.0": [42.71163, -7.67094, -3.12095],
						"0.2917": {
							"pre": [-3.1, 0, 0],
							"post": [-3.1, 0, 0],
							"lerp_mode": "catmullrom"
						},
						"0.5417": {
							"post": [-0.04, 1.323, 1.197],
							"lerp_mode": "catmullrom"
						},
						"0.7083": {
							"post": [-1, 0, -0.8],
							"lerp_mode": "catmullrom"
						},
						"0.9167": {
							"post": [0, 0, 0],
							"lerp_mode": "catmullrom"
						}
					},
					"position": {
						"0.0": [-7.62, 1.09, -0.52],
						"0.2917": {
							"pre": [-1.1, 0, 0],
							"post": [-1.1, 0, 0],
							"lerp_mode": "catmullrom"
						},
						"0.4583": {
							"post": [0.3, 0, 0],
							"lerp_mode": "catmullrom"
						},
						"0.7083": {
							"post": [0, 0, 0],
							"lerp_mode": "catmullrom"
						}
					}
				},
				"bullet_chain2": {
					"scale": 0
				}
			},
			"sound_effects": {
				"0.2083": {
					"effect": "zeta:plas45/inspect2"
				}
			}
		},
		"static_bolt_caught": {
			"animation_length": 1,
			"bones": {
				"root": {
					"rotation": {
						"0.0": {
							"post": [0, 0, 0],
							"lerp_mode": "catmullrom"
						},
						"0.0833": {
							"post": [-0.9, 2.8, 3],
							"lerp_mode": "catmullrom"
						},
						"0.25": {
							"post": [0.4, -0.6, -1.3],
							"lerp_mode": "catmullrom"
						},
						"0.4167": {
							"post": [-0.02, -0.01, -0.42],
							"lerp_mode": "catmullrom"
						},
						"0.5833": {
							"post": [0, 0, 0],
							"lerp_mode": "catmullrom"
						}
					},
					"position": {
						"0.0": {
							"post": [0, 0, 0],
							"lerp_mode": "catmullrom"
						},
						"0.125": {
							"post": [0.4, -0.3, 0],
							"lerp_mode": "catmullrom"
						},
						"0.375": {
							"post": [0, 0, 0],
							"lerp_mode": "catmullrom"
						}
					}
				},
				"iceholder": {
					"rotation": {
						"0.0": [0, 0, 0],
						"0.125": [0, 0, -90]
					}
				},
				"mag_and_bullet": {
					"rotation": [0, 0, 0],
					"position": {
						"0.0": {
							"post": [0, 0, 0],
							"lerp_mode": "catmullrom"
						},
						"0.0833": {
							"post": [0.01, 0.93, 0],
							"lerp_mode": "catmullrom"
						},
						"0.125": {
							"post": [0, 3.57, 0],
							"lerp_mode": "catmullrom"
						},
						"0.1667": {
							"post": [-0.17, 11.39, 0],
							"lerp_mode": "catmullrom"
						},
						"0.2083": {
							"post": [-0.85, 20.73, 0],
							"lerp_mode": "catmullrom"
						},
						"0.25": {
							"post": [-2.7, 29.33, 0],
							"lerp_mode": "catmullrom"
						},
						"0.3333": {
							"post": [-5.2, 37.28, 0],
							"lerp_mode": "catmullrom"
						},
						"0.4167": [-9, 45.1, 0]
					},
					"scale": {
						"0.4167": {
							"pre": [1, 1, 1],
							"post": [0, 0, 0]
						}
					}
				}
			},
			"sound_effects": {
				"0.0": {
					"effect": "zeta:las98/eject"
				}
			}
		},
		"shoot_loop": {
			"loop": "hold_on_last_frame",
			"animation_length": 18.6,
			"sound_effects": {
				"0.0": {
					"effect": "zeta:las98/shoot1"
				},
				"1.0": {
					"effect": "zeta:las98/shoot2"
				},
				"2.0": {
					"effect": "zeta:las98/shoot3"
				},
				"2.9": {
					"effect": "zeta:las98/shoot4"
				},
				"3.9": {
					"effect": "zeta:las98/shoot5"
				},
				"4.9": {
					"effect": "zeta:las98/shoot6"
				},
				"5.9": {
					"effect": "zeta:las98/shoot7"
				},
				"6.9": {
					"effect": "zeta:las98/shoot8"
				},
				"7.8": {
					"effect": "zeta:las98/shoot9"
				},
				"8.8": {
					"effect": "zeta:las98/shoot10"
				},
				"9.8": {
					"effect": "zeta:las98/shoot11"
				},
				"10.8": {
					"effect": "zeta:las98/shoot12"
				},
				"11.8": {
					"effect": "zeta:las98/shoot13"
				},
				"12.7": {
					"effect": "zeta:las98/shoot14"
				},
				"13.7": {
					"effect": "zeta:las98/shoot15"
				},
				"14.7": {
					"effect": "zeta:las98/shoot16"
				},
				"15.7": {
					"effect": "zeta:las98/shoot17"
				},
				"16.7": {
					"effect": "zeta:las98/shoot18"
				},
				"17.6": {
					"effect": "zeta:las98/shoot19"
				},
				"18.6": {
					"effect": "zeta:las98/shoot20"
				}
			}
		},
		"static_over_heating": {
			"loop": true,
			"sound_effects": {
				"0.0": {
					"effect": "zeta:las_5/smoke"
				}
			}
		},
		"over_heat": {
			"loop": true,
			"sound_effects": {
				"0.0": {
					"effect": "zeta:las_5/overheat"
				}
			}
		},
		"shoot": {
			"loop": true,
			"animation_length": 0.2667,
			"bones": {
				"root": {
					"rotation": {
						"0.0": [0, 0, 0],
						"0.0333": [0, 0, 0.05],
						"0.0667": [0, 0, -0.05],
						"0.1": [0, 0, 0]
					},
					"position": {
						"0.0": [0, 0, 0],
						"0.0333": [0, -0.02, 1.2],
						"0.0667": [0, -0.05, 0.9],
						"0.1": [0, -0.05, 0.3],
						"0.1333": [0, -0.05, -0.02],
						"0.1667": [0, -0.04, -0.01],
						"0.2": [0, -0.04, 0.01],
						"0.2333": [0, -0.03, 0.02],
						"0.2667": [0, 0, 0]
					}
				},
				"laser_beam": {
					"scale": {
						"0.0": [0, 0, 0],
						"0.0333": [7.5, 7.5, 75000],
						"0.2667": [0, 0, 0]
					}
				},
				"camera": {
					"rotation": {
						"0.0": [0, 0, 0],
						"0.0333": [0, 0, 0.6],
						"0.0667": [0, 0, -0.4],
						"0.1": [0, 0, -0.07],
						"0.1333": [0, 0, 0.33],
						"0.1667": [0, 0, 0.08],
						"0.2": [0, 0, -0.22],
						"0.2333": [0, 0, -0.15],
						"0.2667": [0, 0, 0]
					}
				}
			},
			"sound_effects": {
				"0.0": {
					"effect": "weap_iw9_mike4_fire_plr_02"
				}
			}
		},
		"shoot_loop_end": {
			"loop": "hold_on_last_frame",
			"sound_effects": {
				"0.0": {
					"effect": "zeta:las98/shoot_end"
				}
			}
		}
	}
}