{
	"format_version": "1.8.0",
	"animations": {
		"static_over_heating": {
			"loop": true,
			"sound_effects": {
				"0.0": {
					"effect": "zeta:las_5/smoke"
				}
			}
		},
		"over_heat": {
			"loop": true,
			"sound_effects": {
				"0.0": {
					"effect": "zeta:las_5/overheat"
				}
			}
		},
		"static_idle": {
			"animation_length": 0.6667,
			"bones": {
				"righthand": {
					"rotation": [95.0274, 5.97708, -179.47516],
					"position": [-7.5, -6.3, 9.3],
					"scale": [1, 1.5, 1]
				},
				"lefthand": {
					"rotation": [97.57308, -36.58255, -147.98537],
					"position": [10.4187, -8.62, -6.02],
					"scale": [1, 1.5, 1]
				},
				"constraint": {
					"rotation": [0.2, 0.2, 0.2],
					"position": [0.1, 0.1, 0.1]
				},
				"mag_and_bullet": {
					"rotation": [0, 0, 0],
					"position": [0, 0, 0],
					"scale": 1
				},
				"root": {
					"rotation": [0, 0, 0],
					"position": [0, 0, 0],
					"scale": 1
				}
			}
		},
		"static_bolt_caught": {
			"loop": "hold_on_last_frame",
			"animation_length": 0.6667,
			"bones": {
				"bolt_release": {
					"rotation": [0, 0, 12.5]
				},
				"m4a1_bolt": {
					"position": [0, 0, 4.7]
				},
				"mag_and_bullet": {
					"rotation": {
						"0.0": [0, 0, 0],
						"0.0833": [0, 0, -27.5],
						"0.2917": [0, 0, -45],
						"0.5": [0, 0, -57.5]
					},
					"position": {
						"0.0": [0, 0, 0],
						"0.125": [-1.9, 2.67, 0],
						"0.2917": {
							"pre": [-3.6, 9.5, 0],
							"post": [-3.6, 9.5, 0],
							"lerp_mode": "catmullrom"
						},
						"0.5": {
							"post": [-8.7, 1.1, 0],
							"lerp_mode": "catmullrom"
						},
						"0.625": {
							"post": [-14.2, -21.9, 0],
							"lerp_mode": "catmullrom"
						}
					},
					"scale": {
						"0.625": [1, 1, 1],
						"0.6667": [0, 0, 0]
					}
				},
				"bolt": {
					"rotation": {
						"0.0": [0, 0, 0],
						"0.0417": [0, 0, -15]
					},
					"position": {
						"0.0": [0, 0, 0],
						"0.0417": [-0.6, -0.3, 0]
					}
				}
			},
			"sound_effects": {
				"0.0": {
					"effect": "zeta:las_16/reload1"
				}
			}
		},
		"shoot": {
			"animation_length": 0.6333,
			"bones": {
				"root": {
					"rotation": {
						"0.0": [0, 0, 0],
						"0.0333": [1.23, 0, 0.73],
						"0.0667": [-1.87, 0, -1.17],
						"0.1": [-1.99, 0, -1.23],
						"0.1333": [-0.91, 0, -0.35],
						"0.1667": [0.18, 0, 0.53],
						"0.2": [0.27, 0, 0.27],
						"0.2333": [0.36, 0, 0.01],
						"0.2667": [0.45, 0, -0.25],
						"0.3": [0.38, -0.07, -0.08],
						"0.3333": [0.3, -0.13, 0.08],
						"0.3667": [0.23, -0.2, 0.25],
						"0.4": [0.18, -0.17, 0.17],
						"0.4333": [0.14, -0.14, 0.09],
						"0.4667": [0.1, -0.11, 0.01],
						"0.5": [0.06, -0.07, -0.07],
						"0.5333": [0.04, -0.06, -0.06],
						"0.5667": [0.03, -0.04, -0.04],
						"0.6": [0.01, -0.02, -0.02],
						"0.6333": [0, 0, 0]
					},
					"position": {
						"0.0": [0, 0, 0],
						"0.0333": [0, -0.02, 1.73],
						"0.0667": [0, -0.05, 1.38],
						"0.1": [0, -0.05, 0.67],
						"0.1333": [0, -0.05, -0.04],
						"0.1667": [0, -0.04, -0.01],
						"0.2": [0, -0.04, 0.03],
						"0.2333": [0, -0.03, 0.06],
						"0.2667": [0, -0.02, 0.1],
						"0.3": [0, -0.02, 0.07],
						"0.3333": [0, -0.01, 0.03],
						"0.3667": [0, 0, 0]
					}
				},
				"m4a1_bolt": {
					"position": {
						"0.0": [0, 0, 0],
						"0.0333": [0, 0, 5],
						"0.0667": [0, 0, 0]
					}
				},
				"bullet_in_barrel": {
					"scale": {
						"0.0": [0, 0, 0],
						"0.1667": [0, 0, 0],
						"0.2": [1, 1, 1]
					}
				},
				"constraint": {
					"rotation": {
						"0.1667": [0.2, 0.2, 0.2],
						"0.2333": [0.1, 0.1, 0.1],
						"0.3333": [0, 0, 0]
					},
					"position": {
						"0.1667": [0.15, 0.05, 0.25],
						"0.2333": [0.1, 0, 0.1],
						"0.3333": [0, 0, 0]
					}
				},
				"camera": {
					"rotation": {
						"0.0": [0, 0, 0],
						"0.0333": [0, 0, 0.6],
						"0.0667": [0, 0, -0.4],
						"0.1": [0, 0, -0.07],
						"0.1333": [0, 0, 0.33],
						"0.1667": [0, 0, 0.08],
						"0.2": [0, 0, -0.22],
						"0.2333": [0, 0, -0.15],
						"0.2667": [0, 0, 0],
						"0.3": [0, 0, 0.02],
						"0.3333": [0, 0, 0.01],
						"0.3667": [0, 0, 0]
					}
				}
			},
			"sound_effects": {
				"0.0": {
					"effect": "weap_iw9_mike4_fire_plr_02"
				}
			}
		},
		"inspect": {
			"loop": "hold_on_last_frame",
			"animation_length": 5.25,
			"bones": {
				"root": {
					"rotation": {
						"0.0": [0, 0, 0],
						"0.0417": [-1.15, 0.01, -0.57],
						"0.0833": [-2.8, 0.11, -1.25],
						"0.125": [-4.67, -0.36, -2.89],
						"0.1667": [-6.5, -2.07, -6.35],
						"0.2083": [-8.7, -5.62, -12.48],
						"0.25": [-11.25, -10.49, -20.61],
						"0.2917": [-13.25, -15.76, -29.32],
						"0.3333": [-13.79, -20.46, -37.21],
						"0.375": [-12.04, -24.63, -44.41],
						"0.4167": [-8.68, -28.68, -51.5],
						"0.4583": [-5.08, -32.24, -57.74],
						"0.5": [-2.6, -34.94, -62.39],
						"0.5417": [-1.81, -36.28, -64.57],
						"0.5833": [-1.62, -36.99, -65.62],
						"0.625": [-1.77, -37.31, -65.94],
						"0.6667": [-1.99, -37.45, -65.98],
						"0.7083": [-2.02, -37.63, -66.14],
						"0.75": [-1.93, -37.76, -66.3],
						"0.7917": [-1.83, -37.84, -66.37],
						"0.8333": [-1.71, -37.87, -66.38],
						"0.875": [-1.59, -37.87, -66.34],
						"0.9167": [-1.48, -37.85, -66.28],
						"0.9583": [-1.36, -37.83, -66.2],
						"1.0": [-1.26, -37.8, -66.14],
						"1.0417": [-1.18, -37.78, -66.1],
						"1.0833": [-1.11, -37.79, -66.11],
						"1.125": [-1.04, -37.83, -66.2],
						"1.1667": [-1.02, -37.87, -66.34],
						"1.2083": [-1.03, -37.92, -66.5],
						"1.25": [-1.05, -37.96, -66.66],
						"1.2917": [-1.05, -37.98, -66.79],
						"1.3333": [-1.05, -37.99, -66.88],
						"1.375": [-1.05, -38, -66.96],
						"1.4167": [-1.05, -37.99, -67.03],
						"1.4583": [-1.05, -37.98, -67.1],
						"1.5": [-1.05, -37.97, -67.18],
						"1.5417": [-1.05, -37.97, -67.26],
						"1.5833": [-1.06, -37.96, -67.41],
						"1.625": [-1.06, -37.95, -67.59],
						"1.6667": [-1.07, -37.94, -67.77],
						"1.7083": [-1.07, -37.92, -67.87],
						"1.75": [-1.07, -37.9, -67.83],
						"1.7917": [-1.08, -37.89, -67.79],
						"1.8333": [-1.09, -37.87, -67.77],
						"1.875": [-1.09, -37.84, -67.69],
						"1.9167": [-1.1, -37.82, -67.45],
						"1.9583": [-1.11, -37.8, -66.96],
						"2.0": [-1.11, -37.79, -66.11],
						"2.0417": [-0.77, -38.16, -64.83],
						"2.0833": [-0.2, -38.8, -63.37],
						"2.125": [-0.09, -38.94, -60.53],
						"2.1667": [-1.11, -37.79, -55.11],
						"2.2083": [-7.29, -30.97, -34.42],
						"2.25": [-15.62, -21.36, -9.19],
						"2.2917": [-25, -10.06, 16],
						"2.3333": [-32.91, 0.97, 38.17],
						"2.375": [-34.65, 5.41, 45.94],
						"2.4167": [-35.29, 9.45, 52.05],
						"2.4583": [-35.41, 12.79, 56.66],
						"2.5": [-35.64, 15.19, 59.92],
						"2.5417": [-36.05, 16.27, 61.33],
						"2.5833": [-36.35, 16.27, 60.97],
						"2.625": [-36.57, 15.83, 59.93],
						"2.6667": [-36.72, 15.58, 59.25],
						"2.7083": [-36.8, 15.6, 58.91],
						"2.75": [-36.73, 15.56, 58.77],
						"2.7917": [-36.74, 15.54, 58.83],
						"2.8333": [-36.75, 15.52, 58.96],
						"2.875": [-36.76, 15.49, 59.13],
						"2.9167": [-36.77, 15.47, 59.3],
						"2.9583": [-36.77, 15.45, 59.45],
						"3.0": [-36.77, 15.45, 59.55],
						"3.0417": [-36.78, 15.44, 59.51],
						"3.0833": [-36.78, 15.42, 59.36],
						"3.125": [-36.79, 15.4, 59.16],
						"3.1667": [-36.79, 15.39, 58.97],
						"3.2083": [-36.79, 15.39, 58.84],
						"3.25": [-36.78, 15.42, 58.84],
						"3.2917": [-36.76, 15.49, 59.01],
						"3.3333": [-36.72, 15.6, 59.43],
						"3.375": [-36.61, 15.92, 60.8],
						"3.4167": [-36.45, 16.38, 62.81],
						"3.4583": [-36.28, 16.88, 65.05],
						"3.5": [-36.12, 17.34, 67.1],
						"3.5417": [-36, 17.68, 68.54],
						"3.5833": [-35.97, 17.79, 68.97],
						"3.625": [-35.95, 17.88, 69.27],
						"3.6667": [-35.94, 17.94, 69.48],
						"3.7083": [-35.94, 17.98, 69.59],
						"3.75": [-35.94, 18.01, 69.63],
						"3.7917": [-35.95, 18.03, 69.62],
						"3.8333": [-35.95, 18.04, 69.57],
						"3.875": [-35.95, 18.05, 69.51],
						"3.9167": [-35.95, 18.05, 69.44],
						"3.9583": [-35.93, 18.05, 69.4],
						"4.0": [-35.92, 18.05, 69.38],
						"4.0417": [-35.93, 18.05, 69.37],
						"4.0833": [-35.94, 18.05, 69.37],
						"4.125": [-35.95, 18.04, 69.33],
						"4.1667": [-35.94, 18.01, 69.25],
						"4.2083": [-35.92, 17.98, 69.08],
						"4.25": [-35.86, 17.92, 68.81],
						"4.2917": [-35.77, 17.85, 68.41],
						"4.3333": [-35.63, 17.76, 67.86],
						"4.375": [-35.68, 17.86, 66.51],
						"4.4167": [-35.9, 18.14, 64.85],
						"4.4583": [-35.33, 17.83, 62.24],
						"4.5": [-33, 16.18, 58.04],
						"4.5417": [-27.82, 12.16, 51.32],
						"4.5833": [-20.56, 6.43, 42.69],
						"4.625": [-13.14, 0.83, 33.75],
						"4.6667": [-7.42, -2.84, 26.12],
						"4.7083": [-3.06, -3.62, 18.13],
						"4.75": [-0.62, -2.05, 11.52],
						"4.7917": [0.81, -0.65, 6.5],
						"4.8333": [1.18, -0.29, 3.45],
						"4.875": [0.55, -0.11, 2],
						"4.9167": [0, 0, 1.25],
						"4.9583": [-0.05, 0.04, 2.33],
						"5.0": [-0.03, 0.02, 1.51],
						"5.0417": [0, 0, 0.5],
						"5.0833": [0, 0, 0.22],
						"5.125": [0, 0, 0.08],
						"5.1667": [0, 0, 0],
						"5.2083": [0, 0, -0.03],
						"5.25": [0, 0, -0.03]
					},
					"position": {
						"0.0": [0, 0, 0],
						"0.0417": [-0.12, -0.06, -0.65],
						"0.0833": [-0.21, -0.24, -1.04],
						"0.125": [-0.32, -0.48, -1.55],
						"0.1667": [-0.43, -0.72, -2.03],
						"0.2083": [-0.53, -0.87, -2.35],
						"0.25": [-0.62, -0.94, -2.44],
						"0.2917": [-0.69, -0.9, -2.33],
						"0.3333": [-0.83, -0.8, -2.25],
						"0.375": [-1.08, -0.62, -2.3],
						"0.4167": [-1.4, -0.38, -2.39],
						"0.4583": [-1.68, -0.15, -2.45],
						"0.5": [-1.94, 0.14, -2.47],
						"0.5417": [-2.1, 0.36, -2.46],
						"0.5833": [-2.13, 0.39, -2.46],
						"0.625": [-2.12, 0.39, -2.45],
						"0.6667": [-2.1, 0.37, -2.45],
						"0.7083": [-2.09, 0.35, -2.44],
						"0.75": [-2.09, 0.33, -2.43],
						"0.7917": [-2.09, 0.29, -2.43],
						"0.8333": [-2.08, 0.25, -2.42],
						"0.875": [-2.08, 0.21, -2.42],
						"0.9167": [-2.08, 0.2, -2.41],
						"0.9583": [-2.08, 0.2, -2.4],
						"1.0": [-2.08, 0.21, -2.4],
						"1.0417": [-2.07, 0.24, -2.4],
						"1.0833": [-2.07, 0.25, -2.39],
						"1.125": [-2.07, 0.25, -2.39],
						"1.1667": [-2.07, 0.26, -2.38],
						"1.2083": [-2.06, 0.26, -2.38],
						"1.25": [-2.06, 0.26, -2.37],
						"1.2917": [-2.06, 0.26, -2.37],
						"1.3333": [-2.06, 0.26, -2.36],
						"1.375": [-2.06, 0.26, -2.36],
						"1.4167": [-2.05, 0.25, -2.35],
						"1.4583": [-2.05, 0.25, -2.35],
						"1.5": [-2.05, 0.22, -2.34],
						"1.5417": [-2.04, 0.18, -2.33],
						"1.5833": [-2.03, 0.14, -2.32],
						"1.625": [-2.03, 0.09, -2.32],
						"1.6667": [-2.02, 0.06, -2.31],
						"1.7083": [-2.02, 0.04, -2.3],
						"1.75": [-2.02, 0.03, -2.29],
						"1.7917": [-2.02, 0.05, -2.28],
						"1.8333": [-2.02, 0.07, -2.28],
						"1.875": [-2.01, 0.08, -2.27],
						"1.9167": [-2, 0.07, -2.26],
						"1.9583": [-2.01, 0.04, -2.25],
						"2.0": [-2, -0.03, -2.24],
						"2.0417": [-1.84, -0.23, -2.21],
						"2.0833": [-1.6, -0.53, -2.19],
						"2.125": [-1.27, -0.95, -2.19],
						"2.1667": [-0.9, -1.38, -2.16],
						"2.2083": [-0.58, -1.69, -2.11],
						"2.25": [-0.35, -1.77, -1.99],
						"2.2917": [-0.27, -1.59, -1.82],
						"2.3333": [-0.25, -1.22, -1.59],
						"2.375": [-0.27, -0.74, -1.33],
						"2.4167": [-0.31, -0.23, -1.07],
						"2.4583": [-0.35, 0.22, -0.84],
						"2.5": [-0.37, 0.55, -0.67],
						"2.5417": [-0.37, 0.73, -0.57],
						"2.5833": [-0.38, 0.84, -0.51],
						"2.625": [-0.38, 0.89, -0.48],
						"2.6667": [-0.39, 0.92, -0.46],
						"2.7083": [-0.39, 0.93, -0.46],
						"2.75": [-0.39, 0.95, -0.44],
						"2.7917": [-0.4, 0.97, -0.43],
						"2.8333": [-0.4, 0.98, -0.43],
						"2.875": [-0.4, 0.98, -0.43],
						"2.9167": [-0.39, 0.98, -0.43],
						"2.9583": [-0.39, 0.97, -0.43],
						"3.0": [-0.39, 0.95, -0.43],
						"3.0417": [-0.39, 0.94, -0.44],
						"3.0833": [-0.39, 0.93, -0.44],
						"3.125": [-0.39, 0.93, -0.44],
						"3.1667": [-0.39, 0.92, -0.44],
						"3.2083": [-0.39, 0.91, -0.44],
						"3.25": [-0.39, 0.9, -0.44],
						"3.2917": [-0.39, 0.9, -0.45],
						"3.3333": [-0.39, 0.89, -0.45],
						"3.375": [-0.39, 0.88, -0.45],
						"3.4167": [-0.39, 0.87, -0.45],
						"3.4583": [-0.39, 0.86, -0.45],
						"3.5": [-0.39, 0.85, -0.45],
						"3.5417": [-0.39, 0.84, -0.46],
						"3.5833": [-0.39, 0.83, -0.46],
						"3.625": [-0.39, 0.82, -0.46],
						"3.6667": [-0.39, 0.81, -0.46],
						"3.7083": [-0.39, 0.8, -0.46],
						"3.75": [-0.39, 0.8, -0.46],
						"3.7917": [-0.39, 0.79, -0.47],
						"3.8333": [-0.39, 0.78, -0.47],
						"3.875": [-0.39, 0.78, -0.47],
						"3.9167": [-0.39, 0.77, -0.47],
						"3.9583": [-0.39, 0.76, -0.47],
						"4.0": [-0.39, 0.75, -0.47],
						"4.0417": [-0.39, 0.75, -0.48],
						"4.0833": [-0.39, 0.74, -0.48],
						"4.125": [-0.39, 0.74, -0.48],
						"4.1667": [-0.39, 0.74, -0.48],
						"4.2083": [-0.39, 0.74, -0.48],
						"4.25": [-0.39, 0.74, -0.48],
						"4.2917": [-0.38, 0.77, -0.48],
						"4.3333": [-0.38, 0.8, -0.48],
						"4.375": [-0.37, 0.81, -0.48],
						"4.4167": [-0.36, 0.79, -0.48],
						"4.4583": [-0.35, 0.72, -0.47],
						"4.5": [-0.32, 0.54, -0.47],
						"4.5417": [-0.28, 0.28, -0.47],
						"4.5833": [-0.23, 0, -0.47],
						"4.625": [-0.19, -0.26, -0.46],
						"4.6667": [-0.15, -0.42, -0.45],
						"4.7083": [-0.09, -0.48, -0.44],
						"4.75": [-0.04, -0.4, -0.43],
						"4.7917": [0, -0.3, -0.35],
						"4.8333": [0.03, -0.23, -0.2],
						"4.875": [0.07, -0.14, 0],
						"4.9167": [0.09, -0.06, 0.19],
						"4.9583": [0.1, 0, 0.3],
						"5.0": [0.06, 0.02, 0.19],
						"5.0417": [0, 0, 0],
						"5.0833": [-0.01, 0, -0.02],
						"5.125": [-0.01, 0, -0.02],
						"5.1667": [0, 0, -0.01],
						"5.2083": [0, 0, 0]
					}
				},
				"lefthand": {
					"rotation": {
						"0.0": [97.57308, -36.58255, -147.98537],
						"0.25": [107.15, -24.51, -151.23],
						"0.2917": {
							"pre": [107.15, -24.51, -151.23],
							"post": [110.64, -24.99, 207]
						},
						"0.3333": {
							"pre": [110.64, -24.99, 207],
							"post": [113.92, -25.44, 207]
						},
						"0.375": [116.84, -25.84, 207.69],
						"0.4167": [119.27, -26.18, 207.69],
						"0.4583": [121.06, -26.42, 207.54],
						"0.5": [122.88, -26.69, 207.37],
						"0.5417": [123.4, -26.79, 207.3],
						"0.5833": [123.05, -26.77, 207.31],
						"0.625": [122.25, -26.68, 207.37],
						"0.6667": [121.45, -26.54, 207.46],
						"0.7083": [121.06, -26.42, 207.54],
						"0.75": [121.04, -26.33, 207.6],
						"0.7917": [121.03, -26.21, 207.68],
						"0.8333": [121.03, -26.05, 207.78],
						"0.875": [121.01, -25.88, 207.9],
						"0.9167": [121, -25.71, 208.01],
						"0.9583": [120.97, -25.54, 208.12],
						"1.0": [120.93, -25.39, 208.23],
						"1.0417": [120.87, -25.26, 208.31],
						"1.0833": [120.79, -25.17, 208.37],
						"1.125": [120.69, -25.13, 208.39],
						"1.1667": [120.6, -25.14, 208.39],
						"1.2083": [120.49, -25.17, 208.37],
						"1.25": [120.37, -25.21, 208.34],
						"1.2917": [120.23, -25.28, 208.3],
						"1.3333": [120.09, -25.36, 208.25],
						"1.375": [119.93, -25.44, 208.19],
						"1.4167": [119.77, -25.54, 208.13],
						"1.4583": [119.61, -25.64, 208.06],
						"1.5": [119.46, -25.74, 207.99],
						"1.5417": [119.31, -25.84, 207.93],
						"1.5833": [119.17, -25.93, 207.86],
						"1.625": [119.04, -26.02, 207.81],
						"1.6667": [118.92, -26.1, 207.76],
						"1.7083": [118.82, -26.16, 207.71],
						"1.75": [118.75, -26.21, 207.68],
						"1.7917": [118.94, -26.25, 207.65],
						"1.8333": [119.58, -26.28, 207.64],
						"1.875": [120.49, -26.29, 207.63],
						"1.9167": [121.48, -26.28, 207.63],
						"1.9583": [122.36, -26.27, 207.64],
						"2.0": [122.96, -26.26, 207.65],
						"2.0417": [123.08, -26.24, 207.66],
						"2.0833": [122.54, -26.23, 207.67],
						"2.125": [121.16, -26.21, 207.68],
						"2.1667": [118.75, -26.21, 207.68],
						"2.2083": [111.61, -26.07, 207.57],
						"2.25": [101.23, -25.78, 207.34],
						"2.2917": [89.18, -25.48, 207.11],
						"2.3333": [77.06, -25.34, 207.01],
						"2.375": [66.47, -25.53, 207.15],
						"2.4167": [59, -26.21, 207.68],
						"2.4583": [54.93, -27.64, 208.79],
						"2.5": [53.05, -29.76, 210.44],
						"2.5417": [52.69, -32.2, 212.33],
						"2.5833": [53.2, -34.61, 214.2],
						"2.625": [53.9, -36.63, 215.78],
						"2.6667": [54.14, -37.92, 216.77],
						"2.7083": [54.09, -38.24, 217.01],
						"2.75": [54.16, -38.36, 217.09],
						"2.7917": [54.32, -38.3, 217.02],
						"2.8333": [54.55, -38.1, 216.86],
						"2.875": [54.83, -37.8, 216.61],
						"2.9167": [55.15, -37.43, 216.3],
						"2.9583": [55.48, -37.03, 215.98],
						"3.0": [55.79, -36.64, 215.66],
						"3.0417": [56.07, -36.29, 215.37],
						"3.0833": [56.29, -36.01, 215.15],
						"3.125": [56.44, -35.85, 215.02],
						"3.1667": [56.57, -35.89, 215.02],
						"3.2083": [56.58, -36.2, 215.23],
						"3.25": [56.53, -36.56, 215.49],
						"3.2917": [56.46, -36.77, 215.65],
						"3.3333": [56.42, -36.61, 215.54],
						"3.375": [56.44, -35.85, 215.02],
						"3.4167": [56.61, -33.11, 213.12],
						"3.4583": [56.86, -29.1, 210.35],
						"3.5": [57.1, -25.1, 207.58],
						"3.5417": [57.27, -22.35, 205.68],
						"3.5833": [57.25, -22.04, 205.46],
						"3.625": [57.15, -21.79, 205.27],
						"3.6667": [56.98, -21.6, 205.11],
						"3.7083": [56.76, -21.47, 204.99],
						"3.75": [56.5, -21.4, 204.9],
						"3.7917": [56.23, -21.36, 204.83],
						"3.8333": [55.94, -21.37, 204.8],
						"3.875": [55.67, -21.41, 204.78],
						"3.9167": [55.41, -21.48, 204.79],
						"3.9583": [55.19, -21.57, 204.83],
						"4.0": [55.03, -21.68, 204.87],
						"4.0417": [54.93, -21.79, 204.94],
						"4.0833": [54.9, -21.91, 205.02],
						"4.125": [54.98, -22.02, 205.11],
						"4.1667": [55.16, -22.13, 205.21],
						"4.2083": [55.46, -22.22, 205.32],
						"4.25": [55.91, -22.29, 205.44],
						"4.2917": [56.51, -22.34, 205.56],
						"4.3333": {
							"pre": [56.51, -22.34, 205.56],
							"post": [59.99, -22.33, -151.23]
						},
						"4.375": [59.99, -22.33, -151.23],
						"4.6667": [97.57308, -36.58255, -147.98537]
					},
					"position": {
						"0.0": [10.4187, -8.62, -6.02],
						"0.3333": [10.42, -8.62, -1.02],
						"4.375": [10.42, -8.62, -1.02],
						"4.6667": [10.4187, -8.62, -6.02]
					},
					"scale": {
						"0.0": [1, 1.5, 1],
						"4.6667": [1, 1.5, 1]
					}
				},
				"righthand": {
					"rotation": {
						"0.0": [95.0274, 5.97708, -179.47516],
						"4.6667": [95.0274, 5.97708, -179.47516]
					},
					"position": {
						"0.0": [-7.5, -6.3, 9.3],
						"4.6667": [-7.5, -6.3, 9.3]
					},
					"scale": {
						"0.0": [1, 1.5, 1],
						"4.6667": [1, 1.5, 1]
					}
				},
				"constraint": {
					"rotation": [0.2, 0.2, 0.2],
					"position": [0.2, 0.2, 0.2]
				},
				"camera": {
					"rotation": {
						"0.0": [0, 0, 0],
						"0.0417": [0.02, 0.01, 0.05],
						"0.0833": [0.03, 0.03, 0.13],
						"0.125": [0.08, 0.07, 0.14],
						"0.1667": [0.19, 0.17, 0],
						"0.2083": [0.3, 0.26, -0.2],
						"0.25": [0.46, 0.38, -0.49],
						"0.2917": [0.63, 0.52, -0.84],
						"0.3333": [0.82, 0.66, -1.2],
						"0.375": [0.98, 0.81, -1.54],
						"0.4167": [1.12, 0.94, -1.82],
						"0.4583": [1.2, 1.06, -2.02],
						"0.5": [1.21, 1.18, -2.13],
						"0.5417": [1.16, 1.31, -2.16],
						"0.5833": [1.08, 1.42, -2.13],
						"0.625": [0.98, 1.52, -2.05],
						"0.6667": [0.9, 1.6, -1.96],
						"0.7083": [0.85, 1.65, -1.87],
						"0.75": [0.85, 1.66, -1.83],
						"0.7917": [0.84, 1.67, -1.77],
						"0.8333": [0.84, 1.67, -1.7],
						"0.875": [0.84, 1.66, -1.63],
						"0.9167": [0.84, 1.65, -1.55],
						"0.9583": [0.84, 1.63, -1.46],
						"1.0": [0.85, 1.62, -1.38],
						"1.0417": [0.85, 1.6, -1.3],
						"1.0833": [0.87, 1.58, -1.22],
						"1.125": [0.88, 1.56, -1.15],
						"1.1667": [0.9, 1.55, -1.09],
						"1.2083": [0.92, 1.53, -1.05],
						"1.25": [0.95, 1.52, -1.01],
						"1.2917": [0.97, 1.52, -1],
						"1.3333": [1, 1.52, -1],
						"1.375": [1.03, 1.51, -1.02],
						"1.4167": [1.07, 1.51, -1.05],
						"1.4583": [1.11, 1.52, -1.09],
						"1.5": [1.15, 1.52, -1.13],
						"1.5417": [1.2, 1.52, -1.19],
						"1.5833": [1.24, 1.53, -1.24],
						"1.625": [1.29, 1.53, -1.3],
						"1.6667": [1.34, 1.53, -1.37],
						"1.7083": [1.39, 1.54, -1.43],
						"1.75": [1.44, 1.54, -1.49],
						"1.7917": [1.49, 1.55, -1.55],
						"1.8333": [1.53, 1.55, -1.61],
						"1.875": [1.58, 1.55, -1.66],
						"1.9167": [1.62, 1.55, -1.7],
						"1.9583": [1.67, 1.55, -1.73],
						"2.0": [1.7, 1.55, -1.75],
						"2.0417": [1.78, 1.55, -1.8],
						"2.0833": [1.8, 1.55, -1.8],
						"2.125": [1.9, 1.53, -1.71],
						"2.1667": [2.2, 1.48, -1.5],
						"2.2083": [2.6, 1.42, -1.24],
						"2.25": [3.14, 1.33, -0.88],
						"2.2917": [3.75, 1.24, -0.47],
						"2.3333": [4.37, 1.14, -0.05],
						"2.375": [4.91, 1.05, 0.31],
						"2.4167": [5.3, 0.99, 0.58],
						"2.4583": [5.54, 0.95, 0.75],
						"2.5": [5.68, 0.92, 0.86],
						"2.5417": [5.74, 0.91, 0.92],
						"2.5833": [5.76, 0.9, 0.95],
						"2.625": [5.76, 0.9, 0.96],
						"2.6667": [5.77, 0.9, 0.95],
						"2.7083": [5.76, 0.91, 0.87],
						"2.75": [5.71, 0.94, 0.7],
						"2.7917": [5.62, 0.97, 0.54],
						"2.8333": [5.5, 0.98, 0.46],
						"2.875": [5.48, 0.98, 0.47],
						"2.9167": [5.47, 0.99, 0.48],
						"2.9583": [5.48, 1, 0.49],
						"3.0": [5.5, 1.01, 0.52],
						"3.0417": [5.52, 1.02, 0.54],
						"3.0833": [5.53, 1.03, 0.57],
						"3.125": [5.55, 1.05, 0.61],
						"3.1667": [5.55, 1.05, 0.64],
						"3.2083": [5.55, 1.06, 0.68],
						"3.25": [5.52, 1.06, 0.72],
						"3.2917": [5.47, 1.05, 0.76],
						"3.3333": [5.4, 1.04, 0.8],
						"3.375": [5.3, 1.02, 0.84],
						"3.4167": [5.16, 0.99, 0.88],
						"3.4583": [4.98, 0.95, 0.91],
						"3.5": [4.77, 0.9, 0.95],
						"3.5417": [4.41, 0.82, 0.99],
						"3.5833": [3.97, 0.71, 1.03],
						"3.625": [3.44, 0.58, 1.07],
						"3.6667": [2.86, 0.43, 1.11],
						"3.7083": [2.23, 0.28, 1.15],
						"3.75": [1.58, 0.11, 1.2],
						"3.7917": [0.92, -0.05, 1.24],
						"3.8333": [0.27, -0.22, 1.28],
						"3.875": [-0.36, -0.37, 1.33],
						"3.9167": [-0.94, -0.52, 1.37],
						"3.9583": [-1.46, -0.64, 1.42],
						"4.0": [-1.9, -0.75, 1.47],
						"4.0417": [-2.24, -0.83, 1.52],
						"4.0833": [-2.67, -0.92, 1.62],
						"4.125": [-2.92, -0.96, 1.75],
						"4.1667": [-3.01, -0.96, 1.88],
						"4.2083": [-3, -0.93, 2.01],
						"4.25": [-2.93, -0.88, 2.13],
						"4.2917": [-2.83, -0.83, 2.21],
						"4.3333": [-2.75, -0.79, 2.27],
						"4.375": [-2.56, -0.71, 2.3],
						"4.4167": [-2.23, -0.6, 2.27],
						"4.4583": [-1.83, -0.49, 2.15],
						"4.5": [-1.41, -0.37, 1.93],
						"4.5417": [-1.1, -0.31, 1.67],
						"4.5833": [-0.73, -0.23, 1.32],
						"4.625": [-0.34, -0.16, 0.92],
						"4.6667": [0.02, -0.1, 0.53],
						"4.7083": [0.31, -0.04, 0.2],
						"4.75": [0.5, 0, -0.02],
						"4.7917": [0.53, 0.03, -0.12],
						"4.8333": [0.37, 0.02, -0.05],
						"4.875": [0.15, 0.01, 0.07],
						"4.9167": [0, 0, 0.1],
						"4.9583": [-0.04, 0, -0.47],
						"5.0": [-0.02, 0, -0.2],
						"5.0417": [0, 0, 0.13],
						"5.0833": [0, 0, 0.13],
						"5.125": [0, 0, 0.06],
						"5.1667": [0, 0, 0]
					}
				}
			},
			"sound_effects": {
				"0.0": {
					"effect": "tacz:aug/aug_inspect_raise"
				},
				"2.0": {
					"effect": "tacz:aug/aug_inspect_quick"
				},
				"3.25": {
					"effect": "tacz:aug/aug_inspect_armin"
				},
				"4.4167": {
					"effect": "tacz:aug/aug_inspect_end"
				}
			}
		},
		"inspect_empty": {
			"loop": "hold_on_last_frame",
			"animation_length": 5.25,
			"bones": {
				"root": {
					"rotation": {
						"0.0": [0, 0, 0],
						"0.0417": [-1.15, 0.01, -0.57],
						"0.0833": [-2.8, 0.11, -1.25],
						"0.125": [-4.67, -0.36, -2.89],
						"0.1667": [-6.5, -2.07, -6.35],
						"0.2083": [-8.7, -5.62, -12.48],
						"0.25": [-11.25, -10.49, -20.61],
						"0.2917": [-13.25, -15.76, -29.32],
						"0.3333": [-13.79, -20.46, -37.21],
						"0.375": [-12.04, -24.63, -44.41],
						"0.4167": [-8.68, -28.68, -51.5],
						"0.4583": [-5.08, -32.24, -57.74],
						"0.5": [-2.6, -34.94, -62.39],
						"0.5417": [-1.81, -36.28, -64.57],
						"0.5833": [-1.62, -36.99, -65.62],
						"0.625": [-1.77, -37.31, -65.94],
						"0.6667": [-1.99, -37.45, -65.98],
						"0.7083": [-2.02, -37.63, -66.14],
						"0.75": [-1.93, -37.76, -66.3],
						"0.7917": [-1.83, -37.84, -66.37],
						"0.8333": [-1.71, -37.87, -66.38],
						"0.875": [-1.59, -37.87, -66.34],
						"0.9167": [-1.48, -37.85, -66.28],
						"0.9583": [-1.36, -37.83, -66.2],
						"1.0": [-1.26, -37.8, -66.14],
						"1.0417": [-1.18, -37.78, -66.1],
						"1.0833": [-1.11, -37.79, -66.11],
						"1.125": [-1.04, -37.83, -66.2],
						"1.1667": [-1.02, -37.87, -66.34],
						"1.2083": [-1.03, -37.92, -66.5],
						"1.25": [-1.05, -37.96, -66.66],
						"1.2917": [-1.05, -37.98, -66.79],
						"1.3333": [-1.05, -37.99, -66.88],
						"1.375": [-1.05, -38, -66.96],
						"1.4167": [-1.05, -37.99, -67.03],
						"1.4583": [-1.05, -37.98, -67.1],
						"1.5": [-1.05, -37.97, -67.18],
						"1.5417": [-1.05, -37.97, -67.26],
						"1.5833": [-1.06, -37.96, -67.41],
						"1.625": [-1.06, -37.95, -67.59],
						"1.6667": [-1.07, -37.94, -67.77],
						"1.7083": [-1.07, -37.92, -67.87],
						"1.75": [-1.07, -37.9, -67.83],
						"1.7917": [-1.08, -37.89, -67.79],
						"1.8333": [-1.09, -37.87, -67.77],
						"1.875": [-1.09, -37.84, -67.69],
						"1.9167": [-1.1, -37.82, -67.45],
						"1.9583": [-1.11, -37.8, -66.96],
						"2.0": [-1.11, -37.79, -66.11],
						"2.0417": [-0.77, -38.16, -64.83],
						"2.0833": [-0.2, -38.8, -63.37],
						"2.125": [-0.09, -38.94, -60.53],
						"2.1667": [-1.11, -37.79, -55.11],
						"2.2083": [-7.29, -30.97, -34.42],
						"2.25": [-15.62, -21.36, -9.19],
						"2.2917": [-25, -10.06, 16],
						"2.3333": [-32.91, 0.97, 38.17],
						"2.375": [-34.65, 5.41, 45.94],
						"2.4167": [-35.29, 9.45, 52.05],
						"2.4583": [-35.41, 12.79, 56.66],
						"2.5": [-35.64, 15.19, 59.92],
						"2.5417": [-36.05, 16.27, 61.33],
						"2.5833": [-36.35, 16.27, 60.97],
						"2.625": [-36.57, 15.83, 59.93],
						"2.6667": [-36.72, 15.58, 59.25],
						"2.7083": [-36.8, 15.6, 58.91],
						"2.75": [-36.73, 15.56, 58.77],
						"2.7917": [-36.74, 15.54, 58.83],
						"2.8333": [-36.75, 15.52, 58.96],
						"2.875": [-36.76, 15.49, 59.13],
						"2.9167": [-36.77, 15.47, 59.3],
						"2.9583": [-36.77, 15.45, 59.45],
						"3.0": [-36.77, 15.45, 59.55],
						"3.0417": [-36.78, 15.44, 59.51],
						"3.0833": [-36.78, 15.42, 59.36],
						"3.125": [-36.79, 15.4, 59.16],
						"3.1667": [-36.79, 15.39, 58.97],
						"3.2083": [-36.79, 15.39, 58.84],
						"3.25": [-36.78, 15.42, 58.84],
						"3.2917": [-36.76, 15.49, 59.01],
						"3.3333": [-36.72, 15.6, 59.43],
						"3.375": [-36.61, 15.92, 60.8],
						"3.4167": [-36.45, 16.38, 62.81],
						"3.4583": [-36.28, 16.88, 65.05],
						"3.5": [-36.12, 17.34, 67.1],
						"3.5417": [-36, 17.68, 68.54],
						"3.5833": [-35.97, 17.79, 68.97],
						"3.625": [-35.95, 17.88, 69.27],
						"3.6667": [-35.94, 17.94, 69.48],
						"3.7083": [-35.94, 17.98, 69.59],
						"3.75": [-35.94, 18.01, 69.63],
						"3.7917": [-35.95, 18.03, 69.62],
						"3.8333": [-35.95, 18.04, 69.57],
						"3.875": [-35.95, 18.05, 69.51],
						"3.9167": [-35.95, 18.05, 69.44],
						"3.9583": [-35.93, 18.05, 69.4],
						"4.0": [-35.92, 18.05, 69.38],
						"4.0417": [-35.93, 18.05, 69.37],
						"4.0833": [-35.94, 18.05, 69.37],
						"4.125": [-35.95, 18.04, 69.33],
						"4.1667": [-35.94, 18.01, 69.25],
						"4.2083": [-35.92, 17.98, 69.08],
						"4.25": [-35.86, 17.92, 68.81],
						"4.2917": [-35.77, 17.85, 68.41],
						"4.3333": [-35.63, 17.76, 67.86],
						"4.375": [-35.68, 17.86, 66.51],
						"4.4167": [-35.9, 18.14, 64.85],
						"4.4583": [-35.33, 17.83, 62.24],
						"4.5": [-33, 16.18, 58.04],
						"4.5417": [-27.82, 12.16, 51.32],
						"4.5833": [-20.56, 6.43, 42.69],
						"4.625": [-13.14, 0.83, 33.75],
						"4.6667": [-7.42, -2.84, 26.12],
						"4.7083": [-3.06, -3.62, 18.13],
						"4.75": [-0.62, -2.05, 11.52],
						"4.7917": [0.81, -0.65, 6.5],
						"4.8333": [1.18, -0.29, 3.45],
						"4.875": [0.55, -0.11, 2],
						"4.9167": [0, 0, 1.25],
						"4.9583": [-0.05, 0.04, 2.33],
						"5.0": [-0.03, 0.02, 1.51],
						"5.0417": [0, 0, 0.5],
						"5.0833": [0, 0, 0.22],
						"5.125": [0, 0, 0.08],
						"5.1667": [0, 0, 0],
						"5.2083": [0, 0, -0.03],
						"5.25": [0, 0, -0.03]
					},
					"position": {
						"0.0": [0, 0, 0],
						"0.0417": [-0.12, -0.06, -0.65],
						"0.0833": [-0.21, -0.24, -1.04],
						"0.125": [-0.32, -0.48, -1.55],
						"0.1667": [-0.43, -0.72, -2.03],
						"0.2083": [-0.53, -0.87, -2.35],
						"0.25": [-0.62, -0.94, -2.44],
						"0.2917": [-0.69, -0.9, -2.33],
						"0.3333": [-0.83, -0.8, -2.25],
						"0.375": [-1.08, -0.62, -2.3],
						"0.4167": [-1.4, -0.38, -2.39],
						"0.4583": [-1.68, -0.15, -2.45],
						"0.5": [-1.94, 0.14, -2.47],
						"0.5417": [-2.1, 0.36, -2.46],
						"0.5833": [-2.13, 0.39, -2.46],
						"0.625": [-2.12, 0.39, -2.45],
						"0.6667": [-2.1, 0.37, -2.45],
						"0.7083": [-2.09, 0.35, -2.44],
						"0.75": [-2.09, 0.33, -2.43],
						"0.7917": [-2.09, 0.29, -2.43],
						"0.8333": [-2.08, 0.25, -2.42],
						"0.875": [-2.08, 0.21, -2.42],
						"0.9167": [-2.08, 0.2, -2.41],
						"0.9583": [-2.08, 0.2, -2.4],
						"1.0": [-2.08, 0.21, -2.4],
						"1.0417": [-2.07, 0.24, -2.4],
						"1.0833": [-2.07, 0.25, -2.39],
						"1.125": [-2.07, 0.25, -2.39],
						"1.1667": [-2.07, 0.26, -2.38],
						"1.2083": [-2.06, 0.26, -2.38],
						"1.25": [-2.06, 0.26, -2.37],
						"1.2917": [-2.06, 0.26, -2.37],
						"1.3333": [-2.06, 0.26, -2.36],
						"1.375": [-2.06, 0.26, -2.36],
						"1.4167": [-2.05, 0.25, -2.35],
						"1.4583": [-2.05, 0.25, -2.35],
						"1.5": [-2.05, 0.22, -2.34],
						"1.5417": [-2.04, 0.18, -2.33],
						"1.5833": [-2.03, 0.14, -2.32],
						"1.625": [-2.03, 0.09, -2.32],
						"1.6667": [-2.02, 0.06, -2.31],
						"1.7083": [-2.02, 0.04, -2.3],
						"1.75": [-2.02, 0.03, -2.29],
						"1.7917": [-2.02, 0.05, -2.28],
						"1.8333": [-2.02, 0.07, -2.28],
						"1.875": [-2.01, 0.08, -2.27],
						"1.9167": [-2, 0.07, -2.26],
						"1.9583": [-2.01, 0.04, -2.25],
						"2.0": [-2, -0.03, -2.24],
						"2.0417": [-1.84, -0.23, -2.21],
						"2.0833": [-1.6, -0.53, -2.19],
						"2.125": [-1.27, -0.95, -2.19],
						"2.1667": [-0.9, -1.38, -2.16],
						"2.2083": [-0.58, -1.69, -2.11],
						"2.25": [-0.35, -1.77, -1.99],
						"2.2917": [-0.27, -1.59, -1.82],
						"2.3333": [-0.25, -1.22, -1.59],
						"2.375": [-0.27, -0.74, -1.33],
						"2.4167": [-0.31, -0.23, -1.07],
						"2.4583": [-0.35, 0.22, -0.84],
						"2.5": [-0.37, 0.55, -0.67],
						"2.5417": [-0.37, 0.73, -0.57],
						"2.5833": [-0.38, 0.84, -0.51],
						"2.625": [-0.38, 0.89, -0.48],
						"2.6667": [-0.39, 0.92, -0.46],
						"2.7083": [-0.39, 0.93, -0.46],
						"2.75": [-0.39, 0.95, -0.44],
						"2.7917": [-0.4, 0.97, -0.43],
						"2.8333": [-0.4, 0.98, -0.43],
						"2.875": [-0.4, 0.98, -0.43],
						"2.9167": [-0.39, 0.98, -0.43],
						"2.9583": [-0.39, 0.97, -0.43],
						"3.0": [-0.39, 0.95, -0.43],
						"3.0417": [-0.39, 0.94, -0.44],
						"3.0833": [-0.39, 0.93, -0.44],
						"3.125": [-0.39, 0.93, -0.44],
						"3.1667": [-0.39, 0.92, -0.44],
						"3.2083": [-0.39, 0.91, -0.44],
						"3.25": [-0.39, 0.9, -0.44],
						"3.2917": [-0.39, 0.9, -0.45],
						"3.3333": [-0.39, 0.89, -0.45],
						"3.375": [-0.39, 0.88, -0.45],
						"3.4167": [-0.39, 0.87, -0.45],
						"3.4583": [-0.39, 0.86, -0.45],
						"3.5": [-0.39, 0.85, -0.45],
						"3.5417": [-0.39, 0.84, -0.46],
						"3.5833": [-0.39, 0.83, -0.46],
						"3.625": [-0.39, 0.82, -0.46],
						"3.6667": [-0.39, 0.81, -0.46],
						"3.7083": [-0.39, 0.8, -0.46],
						"3.75": [-0.39, 0.8, -0.46],
						"3.7917": [-0.39, 0.79, -0.47],
						"3.8333": [-0.39, 0.78, -0.47],
						"3.875": [-0.39, 0.78, -0.47],
						"3.9167": [-0.39, 0.77, -0.47],
						"3.9583": [-0.39, 0.76, -0.47],
						"4.0": [-0.39, 0.75, -0.47],
						"4.0417": [-0.39, 0.75, -0.48],
						"4.0833": [-0.39, 0.74, -0.48],
						"4.125": [-0.39, 0.74, -0.48],
						"4.1667": [-0.39, 0.74, -0.48],
						"4.2083": [-0.39, 0.74, -0.48],
						"4.25": [-0.39, 0.74, -0.48],
						"4.2917": [-0.38, 0.77, -0.48],
						"4.3333": [-0.38, 0.8, -0.48],
						"4.375": [-0.37, 0.81, -0.48],
						"4.4167": [-0.36, 0.79, -0.48],
						"4.4583": [-0.35, 0.72, -0.47],
						"4.5": [-0.32, 0.54, -0.47],
						"4.5417": [-0.28, 0.28, -0.47],
						"4.5833": [-0.23, 0, -0.47],
						"4.625": [-0.19, -0.26, -0.46],
						"4.6667": [-0.15, -0.42, -0.45],
						"4.7083": [-0.09, -0.48, -0.44],
						"4.75": [-0.04, -0.4, -0.43],
						"4.7917": [0, -0.3, -0.35],
						"4.8333": [0.03, -0.23, -0.2],
						"4.875": [0.07, -0.14, 0],
						"4.9167": [0.09, -0.06, 0.19],
						"4.9583": [0.1, 0, 0.3],
						"5.0": [0.06, 0.02, 0.19],
						"5.0417": [0, 0, 0],
						"5.0833": [-0.01, 0, -0.02],
						"5.125": [-0.01, 0, -0.02],
						"5.1667": [0, 0, -0.01],
						"5.2083": [0, 0, 0]
					}
				},
				"lefthand": {
					"rotation": {
						"0.0": [97.57308, -36.58255, -147.98537],
						"0.25": [107.15, -24.51, -151.23],
						"0.2917": {
							"pre": [107.15, -24.51, -151.23],
							"post": [110.64, -24.99, 207]
						},
						"0.3333": {
							"pre": [110.64, -24.99, 207],
							"post": [113.92, -25.44, 207]
						},
						"0.375": [116.84, -25.84, 207.69],
						"0.4167": [119.27, -26.18, 207.69],
						"0.4583": [121.06, -26.42, 207.54],
						"0.5": [122.88, -26.69, 207.37],
						"0.5417": [123.4, -26.79, 207.3],
						"0.5833": [123.05, -26.77, 207.31],
						"0.625": [122.25, -26.68, 207.37],
						"0.6667": [121.45, -26.54, 207.46],
						"0.7083": [121.06, -26.42, 207.54],
						"0.75": [121.04, -26.33, 207.6],
						"0.7917": [121.03, -26.21, 207.68],
						"0.8333": [121.03, -26.05, 207.78],
						"0.875": [121.01, -25.88, 207.9],
						"0.9167": [121, -25.71, 208.01],
						"0.9583": [120.97, -25.54, 208.12],
						"1.0": [120.93, -25.39, 208.23],
						"1.0417": [120.87, -25.26, 208.31],
						"1.0833": [120.79, -25.17, 208.37],
						"1.125": [120.69, -25.13, 208.39],
						"1.1667": [120.6, -25.14, 208.39],
						"1.2083": [120.49, -25.17, 208.37],
						"1.25": [120.37, -25.21, 208.34],
						"1.2917": [120.23, -25.28, 208.3],
						"1.3333": [120.09, -25.36, 208.25],
						"1.375": [119.93, -25.44, 208.19],
						"1.4167": [119.77, -25.54, 208.13],
						"1.4583": [119.61, -25.64, 208.06],
						"1.5": [119.46, -25.74, 207.99],
						"1.5417": [119.31, -25.84, 207.93],
						"1.5833": [119.17, -25.93, 207.86],
						"1.625": [119.04, -26.02, 207.81],
						"1.6667": [118.92, -26.1, 207.76],
						"1.7083": [118.82, -26.16, 207.71],
						"1.75": [118.75, -26.21, 207.68],
						"1.7917": [118.94, -26.25, 207.65],
						"1.8333": [119.58, -26.28, 207.64],
						"1.875": [120.49, -26.29, 207.63],
						"1.9167": [121.48, -26.28, 207.63],
						"1.9583": [122.36, -26.27, 207.64],
						"2.0": [122.96, -26.26, 207.65],
						"2.0417": [123.08, -26.24, 207.66],
						"2.0833": [122.54, -26.23, 207.67],
						"2.125": [121.16, -26.21, 207.68],
						"2.1667": [118.75, -26.21, 207.68],
						"2.2083": [111.61, -26.07, 207.57],
						"2.25": [101.23, -25.78, 207.34],
						"2.2917": [89.18, -25.48, 207.11],
						"2.3333": [77.06, -25.34, 207.01],
						"2.375": [66.47, -25.53, 207.15],
						"2.4167": [59, -26.21, 207.68],
						"2.4583": [54.93, -27.64, 208.79],
						"2.5": [53.05, -29.76, 210.44],
						"2.5417": [52.69, -32.2, 212.33],
						"2.5833": [53.2, -34.61, 214.2],
						"2.625": [53.9, -36.63, 215.78],
						"2.6667": [54.14, -37.92, 216.77],
						"2.7083": [54.09, -38.24, 217.01],
						"2.75": [54.16, -38.36, 217.09],
						"2.7917": [54.32, -38.3, 217.02],
						"2.8333": [54.55, -38.1, 216.86],
						"2.875": [54.83, -37.8, 216.61],
						"2.9167": [55.15, -37.43, 216.3],
						"2.9583": [55.48, -37.03, 215.98],
						"3.0": [55.79, -36.64, 215.66],
						"3.0417": [56.07, -36.29, 215.37],
						"3.0833": [56.29, -36.01, 215.15],
						"3.125": [56.44, -35.85, 215.02],
						"3.1667": [56.57, -35.89, 215.02],
						"3.2083": [56.58, -36.2, 215.23],
						"3.25": [56.53, -36.56, 215.49],
						"3.2917": [56.46, -36.77, 215.65],
						"3.3333": [56.42, -36.61, 215.54],
						"3.375": [56.44, -35.85, 215.02],
						"3.4167": [56.61, -33.11, 213.12],
						"3.4583": [56.86, -29.1, 210.35],
						"3.5": [57.1, -25.1, 207.58],
						"3.5417": [57.27, -22.35, 205.68],
						"3.5833": [57.25, -22.04, 205.46],
						"3.625": [57.15, -21.79, 205.27],
						"3.6667": [56.98, -21.6, 205.11],
						"3.7083": [56.76, -21.47, 204.99],
						"3.75": [56.5, -21.4, 204.9],
						"3.7917": [56.23, -21.36, 204.83],
						"3.8333": [55.94, -21.37, 204.8],
						"3.875": [55.67, -21.41, 204.78],
						"3.9167": [55.41, -21.48, 204.79],
						"3.9583": [55.19, -21.57, 204.83],
						"4.0": [55.03, -21.68, 204.87],
						"4.0417": [54.93, -21.79, 204.94],
						"4.0833": [54.9, -21.91, 205.02],
						"4.125": [54.98, -22.02, 205.11],
						"4.1667": [55.16, -22.13, 205.21],
						"4.2083": [55.46, -22.22, 205.32],
						"4.25": [55.91, -22.29, 205.44],
						"4.2917": [56.51, -22.34, 205.56],
						"4.3333": {
							"pre": [56.51, -22.34, 205.56],
							"post": [59.99, -22.33, -151.23]
						},
						"4.375": [59.99, -22.33, -151.23],
						"4.6667": [97.57308, -36.58255, -147.98537]
					},
					"position": {
						"0.0": [10.4187, -8.62, -6.02],
						"0.3333": [10.42, -8.62, -1.02],
						"4.375": [10.42, -8.62, -1.02],
						"4.6667": [10.4187, -8.62, -6.02]
					},
					"scale": {
						"0.0": [1, 1.5, 1],
						"4.6667": [1, 1.5, 1]
					}
				},
				"righthand": {
					"rotation": {
						"0.0": [95.0274, 5.97708, -179.47516],
						"4.6667": [95.0274, 5.97708, -179.47516]
					},
					"position": {
						"0.0": [-7.5, -6.3, 9.3],
						"4.6667": [-7.5, -6.3, 9.3]
					},
					"scale": {
						"0.0": [1, 1.5, 1],
						"4.6667": [1, 1.5, 1]
					}
				},
				"constraint": {
					"rotation": [0.2, 0.2, 0.2],
					"position": [0.2, 0.2, 0.2]
				},
				"bolt": {
					"rotation": [0, 0, -15],
					"position": [-0.6, -0.3, 0]
				},
				"camera": {
					"rotation": {
						"0.0": [0, 0, 0],
						"0.0417": [0.02, 0.01, 0.05],
						"0.0833": [0.03, 0.03, 0.13],
						"0.125": [0.08, 0.07, 0.14],
						"0.1667": [0.19, 0.17, 0],
						"0.2083": [0.3, 0.26, -0.2],
						"0.25": [0.46, 0.38, -0.49],
						"0.2917": [0.63, 0.52, -0.84],
						"0.3333": [0.82, 0.66, -1.2],
						"0.375": [0.98, 0.81, -1.54],
						"0.4167": [1.12, 0.94, -1.82],
						"0.4583": [1.2, 1.06, -2.02],
						"0.5": [1.21, 1.18, -2.13],
						"0.5417": [1.16, 1.31, -2.16],
						"0.5833": [1.08, 1.42, -2.13],
						"0.625": [0.98, 1.52, -2.05],
						"0.6667": [0.9, 1.6, -1.96],
						"0.7083": [0.85, 1.65, -1.87],
						"0.75": [0.85, 1.66, -1.83],
						"0.7917": [0.84, 1.67, -1.77],
						"0.8333": [0.84, 1.67, -1.7],
						"0.875": [0.84, 1.66, -1.63],
						"0.9167": [0.84, 1.65, -1.55],
						"0.9583": [0.84, 1.63, -1.46],
						"1.0": [0.85, 1.62, -1.38],
						"1.0417": [0.85, 1.6, -1.3],
						"1.0833": [0.87, 1.58, -1.22],
						"1.125": [0.88, 1.56, -1.15],
						"1.1667": [0.9, 1.55, -1.09],
						"1.2083": [0.92, 1.53, -1.05],
						"1.25": [0.95, 1.52, -1.01],
						"1.2917": [0.97, 1.52, -1],
						"1.3333": [1, 1.52, -1],
						"1.375": [1.03, 1.51, -1.02],
						"1.4167": [1.07, 1.51, -1.05],
						"1.4583": [1.11, 1.52, -1.09],
						"1.5": [1.15, 1.52, -1.13],
						"1.5417": [1.2, 1.52, -1.19],
						"1.5833": [1.24, 1.53, -1.24],
						"1.625": [1.29, 1.53, -1.3],
						"1.6667": [1.34, 1.53, -1.37],
						"1.7083": [1.39, 1.54, -1.43],
						"1.75": [1.44, 1.54, -1.49],
						"1.7917": [1.49, 1.55, -1.55],
						"1.8333": [1.53, 1.55, -1.61],
						"1.875": [1.58, 1.55, -1.66],
						"1.9167": [1.62, 1.55, -1.7],
						"1.9583": [1.67, 1.55, -1.73],
						"2.0": [1.7, 1.55, -1.75],
						"2.0417": [1.78, 1.55, -1.8],
						"2.0833": [1.8, 1.55, -1.8],
						"2.125": [1.9, 1.53, -1.71],
						"2.1667": [2.2, 1.48, -1.5],
						"2.2083": [2.6, 1.42, -1.24],
						"2.25": [3.14, 1.33, -0.88],
						"2.2917": [3.75, 1.24, -0.47],
						"2.3333": [4.37, 1.14, -0.05],
						"2.375": [4.91, 1.05, 0.31],
						"2.4167": [5.3, 0.99, 0.58],
						"2.4583": [5.54, 0.95, 0.75],
						"2.5": [5.68, 0.92, 0.86],
						"2.5417": [5.74, 0.91, 0.92],
						"2.5833": [5.76, 0.9, 0.95],
						"2.625": [5.76, 0.9, 0.96],
						"2.6667": [5.77, 0.9, 0.95],
						"2.7083": [5.76, 0.91, 0.87],
						"2.75": [5.71, 0.94, 0.7],
						"2.7917": [5.62, 0.97, 0.54],
						"2.8333": [5.5, 0.98, 0.46],
						"2.875": [5.48, 0.98, 0.47],
						"2.9167": [5.47, 0.99, 0.48],
						"2.9583": [5.48, 1, 0.49],
						"3.0": [5.5, 1.01, 0.52],
						"3.0417": [5.52, 1.02, 0.54],
						"3.0833": [5.53, 1.03, 0.57],
						"3.125": [5.55, 1.05, 0.61],
						"3.1667": [5.55, 1.05, 0.64],
						"3.2083": [5.55, 1.06, 0.68],
						"3.25": [5.52, 1.06, 0.72],
						"3.2917": [5.47, 1.05, 0.76],
						"3.3333": [5.4, 1.04, 0.8],
						"3.375": [5.3, 1.02, 0.84],
						"3.4167": [5.16, 0.99, 0.88],
						"3.4583": [4.98, 0.95, 0.91],
						"3.5": [4.77, 0.9, 0.95],
						"3.5417": [4.41, 0.82, 0.99],
						"3.5833": [3.97, 0.71, 1.03],
						"3.625": [3.44, 0.58, 1.07],
						"3.6667": [2.86, 0.43, 1.11],
						"3.7083": [2.23, 0.28, 1.15],
						"3.75": [1.58, 0.11, 1.2],
						"3.7917": [0.92, -0.05, 1.24],
						"3.8333": [0.27, -0.22, 1.28],
						"3.875": [-0.36, -0.37, 1.33],
						"3.9167": [-0.94, -0.52, 1.37],
						"3.9583": [-1.46, -0.64, 1.42],
						"4.0": [-1.9, -0.75, 1.47],
						"4.0417": [-2.24, -0.83, 1.52],
						"4.0833": [-2.67, -0.92, 1.62],
						"4.125": [-2.92, -0.96, 1.75],
						"4.1667": [-3.01, -0.96, 1.88],
						"4.2083": [-3, -0.93, 2.01],
						"4.25": [-2.93, -0.88, 2.13],
						"4.2917": [-2.83, -0.83, 2.21],
						"4.3333": [-2.75, -0.79, 2.27],
						"4.375": [-2.56, -0.71, 2.3],
						"4.4167": [-2.23, -0.6, 2.27],
						"4.4583": [-1.83, -0.49, 2.15],
						"4.5": [-1.41, -0.37, 1.93],
						"4.5417": [-1.1, -0.31, 1.67],
						"4.5833": [-0.73, -0.23, 1.32],
						"4.625": [-0.34, -0.16, 0.92],
						"4.6667": [0.02, -0.1, 0.53],
						"4.7083": [0.31, -0.04, 0.2],
						"4.75": [0.5, 0, -0.02],
						"4.7917": [0.53, 0.03, -0.12],
						"4.8333": [0.37, 0.02, -0.05],
						"4.875": [0.15, 0.01, 0.07],
						"4.9167": [0, 0, 0.1],
						"4.9583": [-0.04, 0, -0.47],
						"5.0": [-0.02, 0, -0.2],
						"5.0417": [0, 0, 0.13],
						"5.0833": [0, 0, 0.13],
						"5.125": [0, 0, 0.06],
						"5.1667": [0, 0, 0]
					}
				}
			},
			"sound_effects": {
				"0.0": {
					"effect": "tacz:aug/aug_inspect_raise"
				},
				"2.0": {
					"effect": "tacz:aug/aug_inspect_quick"
				},
				"3.25": {
					"effect": "tacz:aug/aug_inspect_armin"
				},
				"4.4167": {
					"effect": "tacz:aug/aug_inspect_end"
				}
			}
		},
		"reload_empty": {
			"loop": "hold_on_last_frame",
			"animation_length": 2.9167,
			"bones": {
				"left": {
					"rotation": {
						"0.0": [93.93084, -36.60888, -125.73555],
						"0.375": {
							"pre": [80.49334, -36.60888, -125.73555],
							"post": [80.49334, -36.60888, -125.73555],
							"lerp_mode": "catmullrom"
						},
						"0.7083": [78.93084, -36.60888, -125.73555]
					},
					"position": [7.03, -6.15, -8.57],
					"scale": [1, 1.5, 1]
				},
				"right": {
					"rotation": {
						"0.0": [95.0274, 5.97708, -179.47516],
						"0.375": [95.0274, 5.97708, -179.47516],
						"0.75": [103.22767, -9.68045, -168.7992],
						"0.7917": [103.22767, -9.68045, -168.7992],
						"0.9167": {
							"pre": [115.72767, -9.68045, -168.7992],
							"post": [115.72767, -9.68045, -168.7992],
							"lerp_mode": "catmullrom"
						},
						"1.0833": [99.84074, -17.13619, -201.63704]
					},
					"position": {
						"0.0": [-6.95, -6.1, 6.825],
						"0.375": [-6.95, -6.1, 6.825],
						"0.5417": {
							"pre": [-9.64, -3.41, 8.405],
							"post": [-9.64, -3.41, 8.405],
							"lerp_mode": "catmullrom"
						},
						"0.75": [-11.95, -1.1, 5.82],
						"0.7917": [-11.95, -1.1, 5.82],
						"0.9167": {
							"pre": [-11.95, 1.9, 5.82],
							"post": [-11.95, 1.9, 5.82],
							"lerp_mode": "catmullrom"
						},
						"1.0833": [-12.95, -4.1, 5.82]
					},
					"scale": [1, 1.5, 1]
				},
				"light_red_illuminated": {
					"scale": 0
				},
				"light_blue_illuminated": {
					"scale": 1
				},
				"mag": {
					"rotation": [0, 0, 0],
					"position": [0, 0, 0]
				},
				"holder": {
					"rotation": {
						"0.7917": [0, 0, 0],
						"0.9167": [0, 0, 60]
					}
				},
				"root": {
					"rotation": {
						"0.0": [0, 0, 0],
						"0.125": {
							"pre": [-2.435, -0.6, 1.5025],
							"post": [-2.435, -0.6, 1.5025],
							"lerp_mode": "catmullrom"
						},
						"0.375": {
							"post": [-16.5875, -2.62, 34.8975],
							"lerp_mode": "catmullrom"
						},
						"0.5": [-19.53112, -2.8236, 37.27574],
						"0.7917": [-19.53112, -2.8236, 37.27574],
						"0.9167": {
							"pre": [-19.57484, -2.48891, 38.21908],
							"post": [-19.57484, -2.48891, 38.21908],
							"lerp_mode": "catmullrom"
						},
						"1.0833": [-19.55, -2.67, 37.71],
						"1.125": [-19.46623, -2.21472, 36.6108],
						"1.1667": [-19.55037, -2.266, 37.61077],
						"1.2083": {
							"pre": [-19.53072, -2.82759, 37.27498],
							"post": [-19.53072, -2.82759, 37.27498],
							"lerp_mode": "catmullrom"
						},
						"1.2917": [-19.55037, -3.766, 37.61077],
						"1.4167": {
							"pre": [-19.02, -3.975, 39.5525],
							"post": [-19.02, -3.975, 39.5525],
							"lerp_mode": "catmullrom"
						},
						"1.6667": {
							"post": [-17.3275, -7.1275, 54.015],
							"lerp_mode": "catmullrom"
						},
						"1.75": [-16.05451, -8.20602, 55.28306],
						"1.7917": [-16.05, -8.21, 55.28],
						"1.875": {
							"pre": [-15.93961, -7.84542, 54.30942],
							"post": [-15.93961, -7.84542, 54.30942],
							"lerp_mode": "catmullrom"
						},
						"2.0417": [-16.01252, -4.24889, 55.00131],
						"2.125": {
							"pre": [-15.75591, -4.7974, 53.05966],
							"post": [-15.75591, -4.7974, 53.05966],
							"lerp_mode": "catmullrom"
						},
						"2.2917": [-15.75591, -5.7974, 53.05966],
						"2.3333": [-15.75591, -5.7974, 53.05966],
						"2.6667": {
							"pre": [-3.0625, -1.375, 3.3125],
							"post": [-3.0625, -1.375, 3.3125],
							"lerp_mode": "catmullrom"
						},
						"2.9167": [0, 0, 0]
					},
					"position": {
						"0.0": [0, 0, 0],
						"0.1667": {
							"pre": [0, -1.42, 0.4825],
							"post": [0, -1.42, 0.4825],
							"lerp_mode": "catmullrom"
						},
						"0.375": {
							"post": [0, -0.75, 0.905],
							"lerp_mode": "catmullrom"
						},
						"0.5833": {
							"post": [0, -1, 1],
							"lerp_mode": "catmullrom"
						},
						"1.0": [0, -0.875, 1],
						"1.1667": {
							"pre": [0, -0.995, 1],
							"post": [0, -0.995, 1],
							"lerp_mode": "catmullrom"
						},
						"1.2917": [0, -0.87, 1],
						"1.375": {
							"pre": [0.2, -0.8825, 0.8625],
							"post": [0.2, -0.8825, 0.8625],
							"lerp_mode": "catmullrom"
						},
						"1.5833": {
							"post": [0.8125, -0.6675, 0.2875],
							"lerp_mode": "catmullrom"
						},
						"1.75": {
							"post": [1, -0.745, 0.5],
							"lerp_mode": "catmullrom"
						},
						"1.8333": {
							"post": [1, -0.745, 1.1],
							"lerp_mode": "catmullrom"
						},
						"2.0417": [1, -0.745, 1.1],
						"2.125": {
							"pre": [1, -0.87, 1.1],
							"post": [1, -0.87, 1.1],
							"lerp_mode": "catmullrom"
						},
						"2.2917": [1, -0.87, 1.1],
						"2.3333": [1, -0.87, 1.1],
						"2.4583": {
							"pre": [0.62, -0.915, 1.1],
							"post": [0.62, -0.915, 1.1],
							"lerp_mode": "catmullrom"
						},
						"2.6667": {
							"post": [0.125, 0, 1.1],
							"lerp_mode": "catmullrom"
						},
						"2.9167": [0, 0, 0]
					}
				},
				"lefthand": {
					"rotation": {
						"0.0": [97.57308, -36.58255, -147.98537],
						"0.25": [28.80159, -19.24005, -162.47863],
						"0.5417": [108.20838, -12.29094, -231.65404],
						"0.8333": [140.31542, 5.55833, -278.61721],
						"1.0833": [140.02712, -14.86321, -291.36688],
						"1.5": [150.08151, -10.23261, -314.48788],
						"1.8333": [149.87668, -13.58386, -306.00342],
						"2.0417": [152.39497, -18.42179, -315.11217],
						"2.125": [148.20347, -7.97216, -296.591],
						"2.2917": [149.87668, -13.58386, -306.00342],
						"2.9167": [97.57308, -36.58255, -147.98537]
					},
					"position": {
						"0.0": [10.4187, -8.62, -6.02],
						"0.25": [17.42, -8.62, 1.98],
						"0.5417": [11.78, 4.38, 7.25],
						"0.8333": [6.64, 3.08, 9.92],
						"1.0833": [4, 1.97, 3.4],
						"1.5": [4.46, -0.44, 3.26],
						"1.8333": [5.45268, 0.28964, 2.42666],
						"2.0417": [4.07763, -0.34424, 1.47379],
						"2.125": [5.82767, -0.61377, 2.51655],
						"2.2917": [5.45268, 0.28964, 2.42666],
						"2.4583": [10.87961, 2.43659, 2.09436],
						"2.6667": [12.98356, -4.91715, -0.09608],
						"2.9167": [10.4187, -8.62, -6.02]
					},
					"scale": {
						"0.0": [1, 1.5, 1],
						"2.9167": [1, 1.5, 1]
					}
				},
				"righthand": {
					"rotation": [95.0274, 5.97708, -179.47516],
					"position": [-7.5, -6.3, 9.3],
					"scale": [1, 1.5, 1]
				},
				"constraint": {
					"rotation": [0.2, 0.2, 0.2],
					"position": [0.2, 0.2, 0.2]
				},
				"bolt": {
					"rotation": {
						"0.0": [0, 0, -15],
						"2.0": [0, 0, -15],
						"2.125": [0, 0, 0]
					},
					"position": {
						"0.0": [-0.6, -0.3, 0],
						"2.0": [-0.6, -0.3, 0],
						"2.125": [0, 0, 0]
					}
				},
				"mag_and_bullet": {
					"rotation": {
						"0.0": [0, 0, 0],
						"0.5417": [0, 0, -25],
						"1.0833": [0, 0, -5],
						"1.5": [0, 0, -20],
						"2.0": [0, 0, -20],
						"2.125": [0, 0, 0]
					},
					"position": {
						"0.0": [0, 0, 0],
						"0.2917": [9, -5, 4],
						"0.5417": [6, 7, 4],
						"0.8333": [-1, 7, 6],
						"1.0833": [-1, 4, 0],
						"1.5": [-0.4, 0, 0],
						"2.0": [-0.4, 0, 0],
						"2.125": [0, 0, 0]
					},
					"scale": {
						"0.0": [0, 0, 0],
						"0.25": {
							"pre": [0, 0, 0],
							"post": [1, 1, 1]
						}
					}
				},
				"camera": {
					"rotation": {
						"0.0": {
							"post": [0, 0, 0],
							"lerp_mode": "catmullrom"
						},
						"0.1667": {
							"post": [0.5, 0, -0.5],
							"lerp_mode": "catmullrom"
						},
						"0.5": {
							"post": [-1, 0, 0],
							"lerp_mode": "catmullrom"
						},
						"1.0833": {
							"post": [-1.16, 0, 0.03],
							"lerp_mode": "catmullrom"
						},
						"1.125": {
							"post": [-1.18, 0, -0.47],
							"lerp_mode": "catmullrom"
						},
						"1.1667": {
							"post": [-1.16, 0, 0.02],
							"lerp_mode": "catmullrom"
						},
						"1.2083": {
							"post": [-1.15, 0, -0.2],
							"lerp_mode": "catmullrom"
						},
						"1.375": {
							"post": [-1, 0, 0],
							"lerp_mode": "catmullrom"
						},
						"1.5417": {
							"post": [0.04, 0, 0.06],
							"lerp_mode": "catmullrom"
						},
						"1.6667": {
							"post": [0, 0, 0],
							"lerp_mode": "catmullrom"
						},
						"1.7083": {
							"post": [0.75, 0, -0.5],
							"lerp_mode": "catmullrom"
						},
						"1.75": {
							"post": [0.75, 0, 0.5],
							"lerp_mode": "catmullrom"
						},
						"1.875": {
							"post": [0, 0, -0.5],
							"lerp_mode": "catmullrom"
						},
						"1.9583": {
							"post": [1.05, 0.5, 0.39],
							"lerp_mode": "catmullrom"
						},
						"2.0417": {
							"post": [0.2, 1, 1.25],
							"lerp_mode": "catmullrom"
						},
						"2.4167": {
							"post": [2, 1, 0],
							"lerp_mode": "catmullrom"
						},
						"2.7083": {
							"post": [0.2275, 0.125, 0],
							"lerp_mode": "catmullrom"
						},
						"2.9167": {
							"post": [0, 0, 0],
							"lerp_mode": "catmullrom"
						}
					}
				}
			},
			"sound_effects": {
				"1.625": {
					"effect": "zeta:las_16/reload2"
				}
			}
		},
		"reload_tactical": {
			"loop": "hold_on_last_frame",
			"animation_length": 3.625,
			"bones": {
				"left": {
					"rotation": {
						"1.0833": [93.93084, -36.60888, -125.73555],
						"1.4583": {
							"pre": [80.49334, -36.60888, -125.73555],
							"post": [80.49334, -36.60888, -125.73555],
							"lerp_mode": "catmullrom"
						},
						"1.7917": [78.93084, -36.60888, -125.73555]
					},
					"position": [7.03, -6.15, -8.57],
					"scale": [1, 1.5, 1]
				},
				"right": {
					"rotation": {
						"1.0833": [95.0274, 5.97708, -179.47516],
						"1.4583": [95.0274, 5.97708, -179.47516],
						"1.8333": [103.22767, -9.68045, -168.7992],
						"1.875": [103.22767, -9.68045, -168.7992],
						"2.0": {
							"pre": [115.72767, -9.68045, -168.7992],
							"post": [115.72767, -9.68045, -168.7992],
							"lerp_mode": "catmullrom"
						},
						"2.2083": [99.84074, -17.13619, -201.63704]
					},
					"position": {
						"1.0833": [-6.95, -6.1, 6.825],
						"1.4583": [-6.95, -6.1, 6.825],
						"1.625": {
							"pre": [-9.64, -3.41, 8.405],
							"post": [-9.64, -3.41, 8.405],
							"lerp_mode": "catmullrom"
						},
						"1.8333": [-11.95, -1.1, 5.82],
						"1.875": [-11.95, -1.1, 5.82],
						"2.0": {
							"pre": [-11.95, 1.9, 5.82],
							"post": [-11.95, 1.9, 5.82],
							"lerp_mode": "catmullrom"
						},
						"2.2083": [-12.95, -4.1, 5.82]
					},
					"scale": [1, 1.5, 1]
				},
				"light_red_illuminated": {
					"scale": 0
				},
				"light_blue_illuminated": {
					"scale": 1
				},
				"holder": {
					"rotation": {
						"1.875": [0, 0, 0],
						"2.0": [0, 0, 60]
					}
				},
				"root": {
					"rotation": {
						"0.0": {
							"post": [0, 0, 0],
							"lerp_mode": "catmullrom"
						},
						"0.125": {
							"post": [0, 0, -10.5],
							"lerp_mode": "catmullrom"
						},
						"0.25": {
							"post": [-8.37506, -6.22069, -31.67745],
							"lerp_mode": "catmullrom"
						},
						"0.5": {
							"post": [-8.37506, -6.22069, -31.67745],
							"lerp_mode": "catmullrom"
						},
						"1.2083": [-19.53112, -2.8236, 37.27574],
						"1.5": [-19.53112, -2.8236, 37.27574],
						"1.625": {
							"pre": [-19.57484, -2.48891, 38.21908],
							"post": [-19.57484, -2.48891, 38.21908],
							"lerp_mode": "catmullrom"
						},
						"1.7917": [-19.55, -2.67, 37.71],
						"1.8333": [-19.46623, -2.21472, 36.6108],
						"1.875": [-19.55037, -2.266, 37.61077],
						"1.9167": {
							"pre": [-19.53072, -2.82759, 37.27498],
							"post": [-19.53072, -2.82759, 37.27498],
							"lerp_mode": "catmullrom"
						},
						"2.0": [-19.55037, -3.766, 37.61077],
						"2.125": {
							"pre": [-19.02, -3.975, 39.5525],
							"post": [-19.02, -3.975, 39.5525],
							"lerp_mode": "catmullrom"
						},
						"2.375": {
							"post": [-17.3275, -7.1275, 54.015],
							"lerp_mode": "catmullrom"
						},
						"2.4583": [-16.05451, -8.20602, 55.28306],
						"2.5": [-16.05, -8.21, 55.28],
						"2.5833": {
							"pre": [-15.93961, -7.84542, 54.30942],
							"post": [-15.93961, -7.84542, 54.30942],
							"lerp_mode": "catmullrom"
						},
						"2.75": [-16.01252, -4.24889, 55.00131],
						"2.8333": {
							"pre": [-15.75591, -4.7974, 53.05966],
							"post": [-15.75591, -4.7974, 53.05966],
							"lerp_mode": "catmullrom"
						},
						"3.0": [-15.75591, -5.7974, 53.05966],
						"3.0417": [-15.75591, -5.7974, 53.05966],
						"3.375": {
							"pre": [-3.0625, -1.375, 3.3125],
							"post": [-3.0625, -1.375, 3.3125],
							"lerp_mode": "catmullrom"
						},
						"3.625": [0, 0, 0]
					},
					"position": {
						"0.0": {
							"post": [0, 0, 0],
							"lerp_mode": "catmullrom"
						},
						"0.125": {
							"post": [0, 0, 0],
							"lerp_mode": "catmullrom"
						},
						"0.25": {
							"post": [0, 0, 1],
							"lerp_mode": "catmullrom"
						},
						"1.2917": {
							"post": [0, -1, 1],
							"lerp_mode": "catmullrom"
						},
						"1.7083": [0, -0.875, 1],
						"1.875": {
							"pre": [0, -0.995, 1],
							"post": [0, -0.995, 1],
							"lerp_mode": "catmullrom"
						},
						"2.0": [0, -0.87, 1],
						"2.0833": {
							"pre": [0.2, -0.8825, 0.8625],
							"post": [0.2, -0.8825, 0.8625],
							"lerp_mode": "catmullrom"
						},
						"2.2917": {
							"post": [0.8125, -0.6675, 0.2875],
							"lerp_mode": "catmullrom"
						},
						"2.4583": {
							"post": [1, -0.745, 0.5],
							"lerp_mode": "catmullrom"
						},
						"2.5417": {
							"post": [1, -0.745, 1.1],
							"lerp_mode": "catmullrom"
						},
						"2.75": [1, -0.745, 1.1],
						"2.8333": {
							"pre": [1, -0.87, 1.1],
							"post": [1, -0.87, 1.1],
							"lerp_mode": "catmullrom"
						},
						"3.0": [1, -0.87, 1.1],
						"3.0417": [1, -0.87, 1.1],
						"3.1667": {
							"pre": [0.62, -0.915, 1.1],
							"post": [0.62, -0.915, 1.1],
							"lerp_mode": "catmullrom"
						},
						"3.375": {
							"post": [0.125, 0, 1.1],
							"lerp_mode": "catmullrom"
						},
						"3.625": [0, 0, 0]
					}
				},
				"lefthand": {
					"rotation": {
						"0.1667": [97.57, -36.58, -147.99],
						"0.625": [51.82535, -26.86438, -181.45562],
						"1.25": [108.20838, -12.29094, -231.65404],
						"1.5417": [140.31542, 5.55833, -278.61721],
						"1.7917": [140.02712, -14.86321, -291.36688],
						"2.2083": [150.08151, -10.23261, -314.48788],
						"2.5417": [149.87668, -13.58386, -306.00342],
						"2.75": [152.39497, -18.42179, -315.11217],
						"2.8333": [148.20347, -7.97216, -296.591],
						"3.0": [149.87668, -13.58386, -306.00342],
						"3.625": [97.57308, -36.58255, -147.98537]
					},
					"position": {
						"0.1667": [10.42, -8.62, -6.02],
						"0.625": [17.18822, -15.86599, 2.44169],
						"0.875": [17.85951, -11.4982, 2.70305],
						"1.25": [11.78, 4.38, 7.25],
						"1.5417": [6.64, 3.08, 9.92],
						"1.7917": [4, 1.97, 3.4],
						"2.2083": [4.46, -0.44, 3.26],
						"2.5417": [5.45268, 0.28964, 2.42666],
						"2.75": [4.07763, -0.34424, 1.47379],
						"2.8333": [5.82767, -0.61377, 2.51655],
						"3.0": [5.45268, 0.28964, 2.42666],
						"3.1667": [10.87961, 2.43659, 2.09436],
						"3.375": [12.98356, -4.91715, -0.09608],
						"3.625": [10.4187, -8.62, -6.02]
					},
					"scale": [1, 1.5, 1]
				},
				"righthand": {
					"rotation": [95.0274, 5.97708, -179.47516],
					"position": [-7.5, -6.3, 9.3],
					"scale": [1, 1.5, 1]
				},
				"constraint": {
					"rotation": [0.2, 0.2, 0.2],
					"position": [0.2, 0.2, 0.2]
				},
				"bolt": {
					"rotation": {
						"0.1667": [0, 0, 0],
						"0.2083": [0, 0, -15],
						"1.125": [0, 0, -15],
						"2.7083": [0, 0, -15],
						"2.8333": [0, 0, 0]
					},
					"position": {
						"0.1667": [0, 0, 0],
						"0.2083": [-0.6, -0.3, 0],
						"1.125": [-0.6, -0.3, 0],
						"2.7083": [-0.6, -0.3, 0],
						"2.8333": [0, 0, 0]
					}
				},
				"mag_and_bullet": {
					"rotation": {
						"0.1667": [0, 0, -15],
						"0.2917": [0, 0, -27.5],
						"0.5": [0, 0, -45],
						"0.75": [0, 0, -57.5],
						"0.875": [0, 0, -38.33],
						"0.9167": [0, 0, -31.94],
						"1.25": [0, 0, -25],
						"1.7917": [0, 0, -5],
						"2.2083": [0, 0, -20],
						"2.7083": [0, 0, -20],
						"2.8333": [0, 0, 0]
					},
					"position": {
						"0.1667": [0.1, 1, 0],
						"0.3333": [-2.9, 9, 0],
						"0.4583": {
							"pre": [-11.5, 10.5, 0],
							"post": [-11.5, 10.5, 0],
							"lerp_mode": "catmullrom"
						},
						"0.5833": {
							"post": [-22.6, 2.1, 0],
							"lerp_mode": "catmullrom"
						},
						"0.7083": {
							"post": [-43.1, -20.9, 0],
							"lerp_mode": "catmullrom"
						},
						"0.8333": {
							"post": [-12.88, -18.68, -0.05],
							"lerp_mode": "catmullrom"
						},
						"0.9583": {
							"post": [10.72266, -7.21808, -0.11],
							"lerp_mode": "catmullrom"
						},
						"1.25": [6, 7, 4],
						"1.5417": [-1, 7, 6],
						"1.7917": [-1, 4, 0],
						"2.2083": [-0.4, 0, 0],
						"2.7083": [-0.4, 0, 0],
						"2.8333": [0, 0, 0]
					},
					"scale": {
						"0.875": [1, 1, 1],
						"0.9167": [0, 0, 0],
						"0.9583": [0, 0, 0],
						"1.0": [1, 1, 1]
					}
				},
				"camera": {
					"rotation": {
						"0.0": {
							"post": [0, 0, 0],
							"lerp_mode": "catmullrom"
						},
						"0.125": {
							"post": [-0.12, 1.5, 0],
							"lerp_mode": "catmullrom"
						},
						"0.25": {
							"post": [-0.29, -0.59, 0],
							"lerp_mode": "catmullrom"
						},
						"0.375": {
							"post": [0, 0, 0],
							"lerp_mode": "catmullrom"
						},
						"0.4583": {
							"post": [-0.05, -0.02, 0],
							"lerp_mode": "catmullrom"
						},
						"0.6667": {
							"post": [1.38, -1.79, 0],
							"lerp_mode": "catmullrom"
						},
						"0.9167": {
							"post": [1.38, -1.79, 0],
							"lerp_mode": "catmullrom"
						},
						"1.2083": {
							"post": [-1, 0.4, 0],
							"lerp_mode": "catmullrom"
						},
						"1.7917": {
							"post": [-1.16, 0, 0.03],
							"lerp_mode": "catmullrom"
						},
						"1.8333": {
							"post": [-1.18, 0, -0.47],
							"lerp_mode": "catmullrom"
						},
						"1.875": {
							"post": [-1.16, 0, 0.02],
							"lerp_mode": "catmullrom"
						},
						"1.9167": {
							"post": [-1.15, 0, -0.2],
							"lerp_mode": "catmullrom"
						},
						"2.0833": {
							"post": [-1, 0, 0],
							"lerp_mode": "catmullrom"
						},
						"2.25": {
							"post": [0, 0, -0.25],
							"lerp_mode": "catmullrom"
						},
						"2.375": {
							"post": [0.04, 0, 0.06],
							"lerp_mode": "catmullrom"
						},
						"2.5": {
							"post": [0, 0, 0],
							"lerp_mode": "catmullrom"
						},
						"2.5417": {
							"post": [0.75, 0, -0.5],
							"lerp_mode": "catmullrom"
						},
						"2.5833": {
							"post": [0.75, 0, 0.5],
							"lerp_mode": "catmullrom"
						},
						"2.7083": {
							"post": [0, 0, -0.5],
							"lerp_mode": "catmullrom"
						},
						"2.7917": {
							"post": [1.95, 0.5, 0.39],
							"lerp_mode": "catmullrom"
						},
						"2.875": {
							"post": [0.2, 1, 1.25],
							"lerp_mode": "catmullrom"
						},
						"3.125": {
							"post": [2, 1, 0],
							"lerp_mode": "catmullrom"
						},
						"3.4167": {
							"post": [0.2275, 0.125, 0],
							"lerp_mode": "catmullrom"
						},
						"3.625": {
							"post": [0, 0, 0],
							"lerp_mode": "catmullrom"
						}
					}
				}
			},
			"sound_effects": {
				"0.2083": {
					"effect": "zeta:las_16/reload1"
				},
				"2.3333": {
					"effect": "zeta:las_16/reload2"
				}
			}
		},
		"put_away": {
			"loop": "hold_on_last_frame",
			"animation_length": 0.4333,
			"bones": {
				"root": {
					"rotation": {
						"0.0": [0, 0, 0],
						"0.0333": [-0.56, -1.34, -1.72],
						"0.0667": [-0.51, -3.68, -4.19],
						"0.1": [1.37, -7.36, -7.72],
						"0.1333": [4.37, -11.73, -10.29],
						"0.1667": [6.5, -14.6, -9.53],
						"0.2": [9.01, -17.59, -7.69],
						"0.2333": [12.75, -20.93, -6.81],
						"0.2667": [15.93, -23.2, -7.29],
						"0.3": [19.75, -25.65, -8.27],
						"0.3333": [23.91, -28.21, -9.51],
						"0.3667": [28.11, -30.78, -10.78],
						"0.4": [32.04, -33.29, -11.85]
					},
					"position": {
						"0.0": {
							"post": [0, 0, 0],
							"lerp_mode": "catmullrom"
						},
						"0.4": {
							"post": [0.92, -10.03, 4.67],
							"lerp_mode": "catmullrom"
						}
					}
				},
				"righthand": {
					"rotation": [95.0274, 5.97708, -179.47516],
					"position": [-7.5, -6.3, 9.3],
					"scale": [1, 1.5, 1]
				},
				"lefthand": {
					"rotation": [97.57308, -36.58255, -147.98537],
					"position": [10.4187, -8.62, -6.02],
					"scale": [1, 1.5, 1]
				},
				"constraint": {
					"rotation": {
						"0.0": [0.2, 0.2, 0.4],
						"0.1667": [0.8, 0.8, 0.8],
						"0.4333": [1, 1, 1]
					},
					"position": {
						"0.0": [0.1, 0.1, 0.1],
						"0.1667": [0.8, 0.8, 0.8],
						"0.4333": [1, 1, 1]
					}
				},
				"camera": {
					"rotation": {
						"0.0": [0, 0, 0],
						"0.0333": [0.05, 0, -0.04],
						"0.0667": [0.13, 0, -0.09],
						"0.1": [0.22, 0, -0.13],
						"0.1333": [0.3, 0, -0.12],
						"0.1667": [0.43, 0, 0],
						"0.2": [0.56, 0, 0.18],
						"0.2333": [0.64, 0, 0.3],
						"0.2667": [0.64, 0, 0.29],
						"0.3": [0.59, 0, 0.22],
						"0.3333": [0.5, 0, 0.15],
						"0.3667": [0.42, 0, 0.12],
						"0.4": [0.3, 0, 0.08]
					}
				}
			},
			"sound_effects": {
				"0.1": {
					"effect": "p01_ar_mike4_drop"
				}
			}
		}
	}
}