{
	"format_version": "1.8.0",
	"animations": {
		"static_idle": {
			"animation_length": 7.9167,
			"bones": {
				"root": {
					"rotation": {
						"0.0": {
							"post": [0, 0, 0],
							"lerp_mode": "catmullrom"
						}
					},
					"position": {
						"0.0": {
							"post": [0, 0, 0],
							"lerp_mode": "catmullrom"
						}
					},
					"scale": 1
				},
				"mag_and_lefthand": {
					"rotation": [0, 0, 0],
					"position": [0, 0, 0],
					"scale": 1
				},
				"lefthand": {
					"rotation": [83.96815, -389.37693, -124.85545],
					"position": [7, -12, -11],
					"scale": [1, 1.5, 1]
				},
				"righthand": {
					"rotation": [101.64867, -339.29519, -170.99283],
					"position": [-6, -14, 0],
					"scale": [1, 1.5, 1]
				},
				"constraint": {
					"rotation": [0.25, 0.25, 0.25],
					"position": [0.25, 0.25, 0.25]
				}
			}
		},
		"reload_tactical": {
			"animation_length": 3,
			"bones": {
				"root": {
					"rotation": {
						"0.0": {
							"post": [0, 0, 0],
							"lerp_mode": "catmullrom"
						},
						"0.0833": {
							"post": [-0.475, -2.575, 5.775],
							"lerp_mode": "catmullrom"
						},
						"0.2917": {
							"post": [-1.5, -3.625, 8.5],
							"lerp_mode": "catmullrom"
						},
						"0.5": {
							"post": [-1.53, -3.6975, 8.67],
							"lerp_mode": "catmullrom"
						},
						"0.5833": {
							"post": [-8.25775, -2.295, 18.16875],
							"lerp_mode": "catmullrom"
						},
						"0.7083": {
							"post": [1.445, -4.08, 13.005],
							"lerp_mode": "catmullrom"
						},
						"0.8333": {
							"post": [1.53, -4.25, 10.85875],
							"lerp_mode": "catmullrom"
						},
						"0.875": {
							"post": [7.72438, -4.48375, 11.48563],
							"lerp_mode": "catmullrom"
						},
						"1.0417": {
							"post": [9.625, -5.875, 7.5],
							"lerp_mode": "catmullrom"
						},
						"1.1667": {
							"post": [-4.75, 10.25, -6.25],
							"lerp_mode": "catmullrom"
						},
						"1.3333": {
							"post": [2.125, 10.75, 0.125],
							"lerp_mode": "catmullrom"
						},
						"1.5833": {
							"post": [-0.6375, 2.45, 8.4625],
							"lerp_mode": "catmullrom"
						},
						"1.9167": {
							"post": [-0.3, -3.625, 8.5],
							"lerp_mode": "catmullrom"
						},
						"2.1667": {
							"post": [1.5, 0.38, 4.5],
							"lerp_mode": "catmullrom"
						},
						"2.2917": {
							"post": [2, 0.38, 4.5],
							"lerp_mode": "catmullrom"
						},
						"2.375": {
							"post": [-4.1, -2.62, 9.2],
							"lerp_mode": "catmullrom"
						},
						"2.4583": {
							"post": [-6.5, 0.38, 7.7],
							"lerp_mode": "catmullrom"
						},
						"2.5833": {
							"post": [1.4, 1.592, 8.68],
							"lerp_mode": "catmullrom"
						},
						"2.7083": {
							"post": [0, 0, 0],
							"lerp_mode": "catmullrom"
						},
						"2.8333": {
							"post": [-1.29, -0.7, -2.44],
							"lerp_mode": "catmullrom"
						},
						"2.9583": {
							"post": [0, 0, 0],
							"lerp_mode": "catmullrom"
						}
					},
					"position": {
						"0.0": {
							"post": [0, 0, 0],
							"lerp_mode": "catmullrom"
						},
						"0.2083": {
							"post": [0, -0.5, 0.625],
							"lerp_mode": "catmullrom"
						},
						"0.5417": {
							"post": [0, -0.6375, 0.8925],
							"lerp_mode": "catmullrom"
						},
						"0.6667": {
							"post": [-0.17, -1.2325, 0.34],
							"lerp_mode": "catmullrom"
						},
						"0.8333": {
							"post": [0.17, -0.3825, 0.85],
							"lerp_mode": "catmullrom"
						},
						"0.9583": {
							"post": [-0.425, -0.53125, 0.53125],
							"lerp_mode": "catmullrom"
						},
						"1.0833": {
							"post": [-1.75, -0.625, 0.525],
							"lerp_mode": "catmullrom"
						},
						"1.4583": {
							"post": [-0.31, -0.62, 1.33],
							"lerp_mode": "catmullrom"
						},
						"1.8333": {
							"post": [0, -0.5, 0.625],
							"lerp_mode": "catmullrom"
						},
						"2.0417": {
							"post": [-0.09, -0.39, 0.8],
							"lerp_mode": "catmullrom"
						},
						"2.2083": {
							"post": [0, -0.5, 0.63],
							"lerp_mode": "catmullrom"
						},
						"2.3333": {
							"post": [0, -0.5, 0.63],
							"lerp_mode": "catmullrom"
						},
						"2.375": {
							"post": [0, -0.9, 0.33],
							"lerp_mode": "catmullrom"
						},
						"2.4583": {
							"post": [0, -0.9, 0.33],
							"lerp_mode": "catmullrom"
						},
						"2.5417": {
							"post": [0, -0.4, 0.73],
							"lerp_mode": "catmullrom"
						},
						"2.7083": {
							"post": [0, 0, 0],
							"lerp_mode": "catmullrom"
						},
						"2.9583": {
							"post": [0, 0, 0],
							"lerp_mode": "catmullrom"
						}
					}
				},
				"mag_and_bullet": {
					"rotation": {
						"0.5": [0, 0, 0],
						"0.5833": [-7.5, 0, 0],
						"0.7083": {
							"pre": [-7.5, 0, 0],
							"post": [-7.5, 0, 0],
							"lerp_mode": "catmullrom"
						},
						"0.8333": {
							"post": [7.5, 0, 0],
							"lerp_mode": "catmullrom"
						},
						"1.0417": {
							"post": [7.5, 0, 0],
							"lerp_mode": "catmullrom"
						},
						"1.125": {
							"post": [-10.15108, 8.34655, -1.75378],
							"lerp_mode": "catmullrom"
						},
						"1.2083": {
							"post": [-22.15108, 13.34655, -3.25378],
							"lerp_mode": "catmullrom"
						},
						"1.2917": {
							"post": [-28.76397, 16.86148, -5.22679],
							"lerp_mode": "catmullrom"
						},
						"1.375": {
							"post": [-37.26397, 18.86148, -8.72679],
							"lerp_mode": "catmullrom"
						},
						"1.4583": [-37.51493, 15.85871, -10.41622],
						"1.6667": {"pre": [-37.51493, 15.85871, -10.41622], "post": [-33.6151, -59.96646, 49.11695]},
						"1.9583": [-10.90675, -15.08271, 15.36452],
						"2.0417": [-6.5, 0, 0],
						"2.1667": [7, 0, 0],
						"2.2917": [7, 0, 0],
						"2.375": [0, 0, 0],
						"2.4167": [-7.5, 0, 0],
						"2.5": [-7.5, 0, 0],
						"2.625": [0, 0, 0]
					},
					"position": {
						"0.5": [0, 0, 0],
						"0.5833": [0, 0, 0],
						"0.7083": {
							"pre": [0, 0, 0],
							"post": [0, 0, 0],
							"lerp_mode": "catmullrom"
						},
						"0.8333": {
							"post": [0, 0, 0],
							"lerp_mode": "catmullrom"
						},
						"1.0417": {
							"post": [0, 0, 0],
							"lerp_mode": "catmullrom"
						},
						"1.125": {
							"post": [-1.55, 2.75, -0.6],
							"lerp_mode": "catmullrom"
						},
						"1.2083": {
							"post": [-5.89, 3.5, 1.35],
							"lerp_mode": "catmullrom"
						},
						"1.2917": {
							"post": [-10.25, 2.15, 3.2],
							"lerp_mode": "catmullrom"
						},
						"1.375": {
							"post": [-14.45, -4.25, 5.8],
							"lerp_mode": "catmullrom"
						},
						"1.4583": [-17.45, -16.25, 6.8],
						"1.6667": {"pre": [-17.45, -16.25, 6.8], "post": [11.05, -9, 5.55]},
						"1.9583": [7.65, 1.53, 3.75],
						"2.0417": [4, 5, 1.7],
						"2.1667": [0.8, 4.2, 0.4],
						"2.2917": [0, 0, 0],
						"2.375": [0, 0, 0],
						"2.4167": [0, 0, 0],
						"2.5": [0, 0, 0],
						"2.625": [0, 0, 0]
					}
				},
				"lefthand": {
					"rotation": {
						"0.0": [83.96815, -389.37693, -124.85545],
						"0.4583": {
							"pre": [110.5949, -429.89922, -183.79407],
							"post": [110.5949, -429.89922, -183.79407],
							"lerp_mode": "catmullrom"
						},
						"0.5": {
							"post": [98.0949, -429.89922, -183.79407],
							"lerp_mode": "catmullrom"
						},
						"0.7083": [98.0949, -429.89922, -183.79407],
						"0.7917": [112.08937, -411.75571, -181.45741],
						"0.9583": [131.85854, -384.69173, -196.06936],
						"1.125": [115.72218, -349.78424, -246.54465],
						"1.6667": [115.72, -349.78, -246.54],
						"1.9583": [167.88534, -349.42379, -217.63009],
						"2.0417": [164.81621, -354.80056, -219.6981],
						"2.1667": [155.92535, -375.01857, -234.21553],
						"2.2917": [141.12871, -363.12893, -254.00491],
						"2.4167": [156.17246, -363.12893, -254.00491],
						"2.5": [156.17246, -363.12893, -254.00491],
						"3.0": [83.96815, -389.37693, -124.85545]
					},
					"position": {
						"0.0": [7, -12, -11],
						"0.1667": [12, -8.62, -5.37],
						"0.2917": {
							"pre": [10.48879, -4.00443, -1.8532],
							"post": [10.48879, -4.00443, -1.8532],
							"lerp_mode": "catmullrom"
						},
						"0.4583": {
							"post": [7.32343, -2.26587, 0.23251],
							"lerp_mode": "catmullrom"
						},
						"0.5": {
							"post": [7, -5.25, 0.25],
							"lerp_mode": "catmullrom"
						},
						"0.7083": [7, -5.25, 0.25],
						"0.7917": [9.5, -4.75, 0.75],
						"0.9583": [13, -7.25, 2.25],
						"1.125": [17, -15.25, 4.25],
						"1.6667": [17, -15.25, 4.25],
						"1.9583": [14.946, -5.60847, 2.08368],
						"2.0417": [11.946, -2.25847, 0.83368],
						"2.1667": [7.946, -2.35847, -1.66632],
						"2.2917": [6.946, -5.60847, -2.41632],
						"2.4167": [6.95, -6.11, -0.92],
						"2.5": [6.95, -6.11, -0.92],
						"2.75": [12.98, -9.06, -5.96],
						"3.0": [7, -12, -11]
					},
					"scale": [1, 1.5, 1]
				},
				"righthand": {
					"rotation": [101.64867, -339.29519, -170.99283],
					"position": [-6, -14, 0],
					"scale": [1, 1.5, 1]
				},
				"constraint": {
					"rotation": [0.25, 0.25, 0.25],
					"position": [0.25, 0.25, 0.25]
				},
				"camera": {
					"rotation": {
						"0.0": {
							"post": [0, 0, 0],
							"lerp_mode": "catmullrom"
						},
						"0.2083": {
							"post": [1.08, -1.56, 0],
							"lerp_mode": "catmullrom"
						},
						"0.4583": {
							"post": [4.58, -0.36, 0.3],
							"lerp_mode": "catmullrom"
						},
						"0.5417": {
							"post": [1.98, -3.12, -1.02],
							"lerp_mode": "catmullrom"
						},
						"0.6667": {
							"post": [3.48, -2.52, 0.98],
							"lerp_mode": "catmullrom"
						},
						"0.75": {
							"post": [1.8, -3.36, 0],
							"lerp_mode": "catmullrom"
						},
						"0.875": {
							"post": [2.16, -3.36, 1.92],
							"lerp_mode": "catmullrom"
						},
						"1.0833": {
							"post": [-0.36, -1.92, -2.88],
							"lerp_mode": "catmullrom"
						},
						"1.375": {
							"post": [0, 0, 0],
							"lerp_mode": "catmullrom"
						},
						"1.5417": {
							"post": [0, 0.03, -0.1],
							"lerp_mode": "catmullrom"
						},
						"2.0": {
							"post": [1.54, -1.43, 0],
							"lerp_mode": "catmullrom"
						},
						"2.2083": {
							"post": [1.452, 0.902, -0.616],
							"lerp_mode": "catmullrom"
						},
						"2.2917": {
							"post": [1.837, 0.286, -0.363],
							"lerp_mode": "catmullrom"
						},
						"2.375": {
							"post": [3.091, -0.814, 0.715],
							"lerp_mode": "catmullrom"
						},
						"2.5417": {
							"post": [0.55, 0.44, -0.77],
							"lerp_mode": "catmullrom"
						},
						"2.7083": {
							"post": [-0.22, 0.88, 0.22],
							"lerp_mode": "catmullrom"
						},
						"2.8333": {
							"post": [0, 0, 0],
							"lerp_mode": "catmullrom"
						}
					}
				}
			},
			"sound_effects": {
				"0.5": {
					"effect": "zeta:plas101/hammerdown"
				},
				"1.0": {
					"effect": "zeta:plas101/eject"
				},
				"2.0": {
					"effect": "zeta:plas101/magin2"
				}
			}
		},
		"inspect": {
			"animation_length": 11.375,
			"bones": {
				"root": {
					"rotation": {
						"0.0": {
							"post": [0, 0, 0],
							"lerp_mode": "catmullrom"
						},
						"0.0833": {
							"post": [-0.48222, -10.32879, -10.6371],
							"lerp_mode": "catmullrom"
						},
						"0.25": {
							"post": [6.68357, -38.04124, -43.59864],
							"lerp_mode": "catmullrom"
						},
						"0.5": {
							"post": [40.52853, -50.12895, -66.22092],
							"lerp_mode": "catmullrom"
						},
						"0.75": {
							"post": [35.35707, -46.56151, -65.14637],
							"lerp_mode": "catmullrom"
						},
						"1.5": {
							"post": [37.36, -46.56, -65.15],
							"lerp_mode": "catmullrom"
						},
						"1.7083": {
							"post": [54.49588, -39.98669, -75.52792],
							"lerp_mode": "catmullrom"
						},
						"2.75": {
							"post": [54.5, -39.99, -75.53],
							"lerp_mode": "catmullrom"
						},
						"2.875": {
							"post": [44.5, -39.99, -75.53],
							"lerp_mode": "catmullrom"
						},
						"3.0417": {
							"post": [11.73133, -23.71593, -51.08318],
							"lerp_mode": "catmullrom"
						},
						"3.2083": {
							"post": [-18.33608, -14.44427, -9.37979],
							"lerp_mode": "catmullrom"
						},
						"3.4167": {
							"post": [-17.11567, -13.21263, 2.22718],
							"lerp_mode": "catmullrom"
						},
						"3.5": {
							"post": [-22.13067, -7.77263, 3.23218],
							"lerp_mode": "catmullrom"
						},
						"3.5833": {
							"post": [-17.595, -8.908, -0.119],
							"lerp_mode": "catmullrom"
						},
						"3.7083": {
							"post": [-16.779, -10.3785, 0.1275],
							"lerp_mode": "catmullrom"
						},
						"3.7917": {
							"post": [-18.122, -10.4125, 4.8365],
							"lerp_mode": "catmullrom"
						},
						"4.0": {
							"post": [-20.23, -14.62, 5.49],
							"lerp_mode": "catmullrom"
						},
						"4.375": {
							"post": [-20.17, -14.84, 5.27],
							"lerp_mode": "catmullrom"
						},
						"4.6667": {
							"post": [-18.16, -14.94, 7.06],
							"lerp_mode": "catmullrom"
						},
						"4.9167": {
							"post": [-21.15, -15.05, 3.84],
							"lerp_mode": "catmullrom"
						},
						"5.25": {
							"post": [-20.17, -14.84, 5.27],
							"lerp_mode": "catmullrom"
						},
						"5.7917": {
							"post": [-20.13608, -15.54427, 2.62021],
							"lerp_mode": "catmullrom"
						},
						"6.0833": {
							"post": [-21.73608, -17.64427, -1.87979],
							"lerp_mode": "catmullrom"
						},
						"6.25": {
							"post": [-20.7, -10.48, -0.14],
							"lerp_mode": "catmullrom"
						},
						"6.3333": {
							"post": [-19.74, -12.21, 0.15],
							"lerp_mode": "catmullrom"
						},
						"6.4167": {
							"post": [-21.32, -12.25, 5.69],
							"lerp_mode": "catmullrom"
						},
						"6.5833": {
							"post": [-20.23, -14.62, 5.49],
							"lerp_mode": "catmullrom"
						},
						"6.875": {
							"post": [-23.43608, -12.54427, 2.62021],
							"lerp_mode": "catmullrom"
						},
						"7.0833": {
							"post": [-21.4, 8.05, 31.61],
							"lerp_mode": "catmullrom"
						},
						"7.2083": {
							"post": [-39.70115, 39.78948, 63.73817],
							"lerp_mode": "catmullrom"
						},
						"7.3333": {
							"post": [-43.075, 32.35, 83.39],
							"lerp_mode": "catmullrom"
						},
						"7.4583": {
							"post": [-43.57112, 31.91816, 82.41623],
							"lerp_mode": "catmullrom"
						},
						"7.75": [-43.81705, 31.69425, 81.93371],
						"8.625": {
							"pre": [-43.81705, 31.69425, 81.93371],
							"post": [-43.81705, 31.69425, 81.93371],
							"lerp_mode": "catmullrom"
						},
						"8.9167": {
							"post": [-36.82036, 44.93671, 101.16028],
							"lerp_mode": "catmullrom"
						},
						"9.125": [-36.82036, 44.93671, 101.16028],
						"9.4167": {
							"pre": [-36.82036, 44.93671, 101.16028],
							"post": [-36.82036, 44.93671, 101.16028],
							"lerp_mode": "catmullrom"
						},
						"9.75": {
							"post": [-36.82036, 44.93671, 101.16028],
							"lerp_mode": "catmullrom"
						},
						"10.0833": {
							"post": [5.1, 0.6, 6.7],
							"lerp_mode": "catmullrom"
						},
						"10.375": {
							"post": [-0.18955, -0.01562, 1.75184],
							"lerp_mode": "catmullrom"
						},
						"10.625": {
							"post": [0, 0, -1.25],
							"lerp_mode": "catmullrom"
						},
						"10.8333": {
							"post": [0.01, 0, 0.525],
							"lerp_mode": "catmullrom"
						},
						"11.2083": {
							"post": [0, 0, 0],
							"lerp_mode": "catmullrom"
						}
					},
					"position": {
						"0.0": {
							"post": [0, 0, 0],
							"lerp_mode": "catmullrom"
						},
						"0.0833": {
							"post": [-0.07, -1.25, -1],
							"lerp_mode": "catmullrom"
						},
						"0.4583": {
							"post": [0.05, 0, -1.475],
							"lerp_mode": "catmullrom"
						},
						"0.5833": {
							"post": [-0.12, -0.34, -1.23],
							"lerp_mode": "catmullrom"
						},
						"0.9167": {
							"post": [-0.135, -0.445, -1.24],
							"lerp_mode": "catmullrom"
						},
						"1.3333": {
							"post": [-0.23, -0.35, -1.04],
							"lerp_mode": "catmullrom"
						},
						"1.7917": {
							"post": [-0.13, -0.44, -1.24],
							"lerp_mode": "catmullrom"
						},
						"2.7917": {
							"post": [-0.13, -0.44, -1.24],
							"lerp_mode": "catmullrom"
						},
						"3.0": {
							"post": [-0.13, -1.44, -1.24],
							"lerp_mode": "catmullrom"
						},
						"3.2083": {
							"post": [-0.13, -0.44, -1.24],
							"lerp_mode": "catmullrom"
						},
						"3.4583": {
							"post": [-0.0255, -0.3485, -1.054],
							"lerp_mode": "catmullrom"
						},
						"3.5417": {
							"post": [-0.2295, -0.4505, -1.054],
							"lerp_mode": "catmullrom"
						},
						"3.625": {
							"post": [-0.7055, -0.6885, -1.054],
							"lerp_mode": "catmullrom"
						},
						"4.5": {
							"post": [-0.69, -0.74, -1.24],
							"lerp_mode": "catmullrom"
						},
						"4.7083": {
							"post": [-0.66, -0.92, -1.24],
							"lerp_mode": "catmullrom"
						},
						"4.9167": {
							"post": [-0.63, -0.4, -1.24],
							"lerp_mode": "catmullrom"
						},
						"5.2083": {
							"post": [-0.69, -0.74, -1.24],
							"lerp_mode": "catmullrom"
						},
						"6.2083": {
							"post": [-0.27, -0.53, -1.24],
							"lerp_mode": "catmullrom"
						},
						"6.2917": {
							"post": [-0.83, -0.81, -1.24],
							"lerp_mode": "catmullrom"
						},
						"6.7917": {
							"post": [-0.13, -0.44, -1.24],
							"lerp_mode": "catmullrom"
						},
						"7.0417": {
							"post": [-2.75, -0.29, -2.52],
							"lerp_mode": "catmullrom"
						},
						"7.2083": {
							"post": [-2.64, -1.32, -2.26],
							"lerp_mode": "catmullrom"
						},
						"7.375": {
							"post": [-2.4742, -1.0235, -1.9135],
							"lerp_mode": "catmullrom"
						},
						"7.4583": {
							"post": [-2.492, -0.59185, -1.82005],
							"lerp_mode": "catmullrom"
						},
						"7.5833": {
							"post": [-2.4653, 0.0178, -1.8601],
							"lerp_mode": "catmullrom"
						},
						"7.7083": [-2.4564, 0.3293, -1.869],
						"8.625": {
							"pre": [-2.4564, 0.3293, -1.869],
							"post": [-2.4564, 0.3293, -1.869],
							"lerp_mode": "catmullrom"
						},
						"8.9167": {
							"post": [-2.46, 0.83, -1.87],
							"lerp_mode": "catmullrom"
						},
						"9.4167": {
							"post": [-2.46, 0.83, -1.87],
							"lerp_mode": "catmullrom"
						},
						"9.75": {
							"post": [-2.46, 0.83, -1.87],
							"lerp_mode": "catmullrom"
						},
						"10.1667": {
							"post": [0, -0.825, -3.79766],
							"lerp_mode": "catmullrom"
						},
						"10.375": {
							"post": [0, -0.2, 0.49063],
							"lerp_mode": "catmullrom"
						},
						"10.625": {
							"post": [0, -0.1, -0.22109],
							"lerp_mode": "catmullrom"
						},
						"10.8333": {
							"post": [0, 0, 0.03125],
							"lerp_mode": "catmullrom"
						},
						"11.2083": {
							"post": [0, 0, 0],
							"lerp_mode": "catmullrom"
						}
					},
					"scale": {
						"0.0": {
							"post": [1, 1, 1],
							"lerp_mode": "catmullrom"
						}
					}
				},
				"mag_and_lefthand": {
					"rotation": {
						"0.0": [0, 0, 0],
						"3.625": {
							"pre": [0, 0, 0],
							"post": [0, 0, 0],
							"lerp_mode": "catmullrom"
						},
						"3.7917": {
							"post": [16.9, -17.5, 27.5],
							"lerp_mode": "catmullrom"
						},
						"3.9583": {
							"post": [65.99914, -36.43129, 45.30232],
							"lerp_mode": "catmullrom"
						},
						"4.0833": {
							"post": [88.8, -47.83, 60.6],
							"lerp_mode": "catmullrom"
						},
						"4.4583": {
							"post": [88.8, -47.83, 60.6],
							"lerp_mode": "catmullrom"
						},
						"4.625": {
							"post": [88.58384, -57.92806, 60.87532],
							"lerp_mode": "catmullrom"
						},
						"4.7917": {
							"post": [88.8, -36.93, 60.6],
							"lerp_mode": "catmullrom"
						},
						"4.9583": {
							"post": [88.8, -28.93, 60.6],
							"lerp_mode": "catmullrom"
						},
						"5.125": {
							"post": [88.8, -42.93, 60.6],
							"lerp_mode": "catmullrom"
						},
						"5.375": {
							"post": [88.8, -50.06, 60.6],
							"lerp_mode": "catmullrom"
						},
						"5.7917": {
							"post": [68.8, -42.93, 60.6],
							"lerp_mode": "catmullrom"
						},
						"5.9167": {
							"post": [65.99914, -36.43129, 45.30232],
							"lerp_mode": "catmullrom"
						},
						"6.0417": {
							"post": [16.9, -17.5, 27.5],
							"lerp_mode": "catmullrom"
						},
						"6.1667": {
							"post": [0, 0, 0],
							"lerp_mode": "catmullrom"
						}
					},
					"position": {
						"0.0": [0, 0, 0],
						"3.625": {
							"pre": [0, 0, 0],
							"post": [0, 0, 0],
							"lerp_mode": "catmullrom"
						},
						"3.7083": {
							"post": [0.36, 2.23, 0.07],
							"lerp_mode": "catmullrom"
						},
						"3.7917": {
							"post": [1.6, 3, 0.3],
							"lerp_mode": "catmullrom"
						},
						"3.9583": {
							"post": [4.7, 4.2, 0.7],
							"lerp_mode": "catmullrom"
						},
						"4.0833": {
							"post": [6, 7.2, 0.4],
							"lerp_mode": "catmullrom"
						},
						"4.4583": {
							"post": [6, 7.2, 0.4],
							"lerp_mode": "catmullrom"
						},
						"4.625": {
							"post": [6, 7.2, 0.2],
							"lerp_mode": "catmullrom"
						},
						"4.7917": {
							"post": [6, 7.4, 0.9],
							"lerp_mode": "catmullrom"
						},
						"5.0": {
							"post": [6, 7.9, 2.8],
							"lerp_mode": "catmullrom"
						},
						"5.375": {
							"post": [6, 7.2, 2.5],
							"lerp_mode": "catmullrom"
						},
						"5.7917": {
							"post": [6, 6.4, 0.8],
							"lerp_mode": "catmullrom"
						},
						"5.9167": {
							"post": [4.7, 4.6, 0.7],
							"lerp_mode": "catmullrom"
						},
						"6.0417": {
							"post": [1.6, 3, 0.3],
							"lerp_mode": "catmullrom"
						},
						"6.1667": {
							"post": [0, 0, 0],
							"lerp_mode": "catmullrom"
						}
					},
					"scale": 1
				},
				"mag_and_bullet": {
					"rotation": {
						"0.0": [0, 0, 0],
						"3.3333": [0, 0, 0],
						"3.4583": [-7.5, 0, 0],
						"3.5417": [-7.5, 0, 0],
						"3.7083": [0, 0, 0],
						"4.5833": [0, 0, 0],
						"4.7917": {
							"pre": [-0.15, 4.31, 2.34],
							"post": [-0.15, 4.31, 2.34],
							"lerp_mode": "catmullrom"
						},
						"4.9583": {
							"post": [-0.55211, 15.88393, 12.32714],
							"lerp_mode": "catmullrom"
						},
						"5.2083": {
							"post": [0, 0, 0],
							"lerp_mode": "catmullrom"
						},
						"6.1667": [0, 0, 0],
						"6.2917": [-7.5, 0, 0],
						"6.375": [-7.5, 0, 0],
						"6.4583": [0, 0, 0]
					},
					"position": {
						"4.6667": {
							"pre": [0, 0, 0],
							"post": [0, 0, 0],
							"lerp_mode": "catmullrom"
						},
						"4.9583": {
							"post": [-4.45905, -0.87999, 2.08387],
							"lerp_mode": "catmullrom"
						},
						"5.2083": {
							"post": [0, 0, 0],
							"lerp_mode": "catmullrom"
						}
					}
				},
				"lefthand": {
					"rotation": {
						"0.0": [83.96815, -389.37693, -124.85545],
						"0.5": [57.18728, -400.57121, -62.6014],
						"2.75": {
							"pre": [57.18728, -400.57121, -62.6014],
							"post": [57.18728, -400.57121, -62.6014],
							"lerp_mode": "catmullrom"
						},
						"3.2917": [172.32332, -371.73388, -252.63112],
						"3.4583": [172.48418, -359.34271, -254.28804],
						"3.5417": [172.48418, -359.34271, -254.28804],
						"3.7083": [172.32332, -371.73388, -252.63112],
						"6.1667": [172.32332, -371.73388, -252.63112],
						"6.2917": [172.48418, -359.34271, -254.28804],
						"6.375": [172.48418, -359.34271, -254.28804],
						"6.5": [172.32332, -371.73388, -252.63112],
						"6.75": [83.96815, -389.37693, -124.85545],
						"6.9583": [83.96815, -389.37693, -124.85545],
						"7.3333": [37.32446, -353.2268, -152.72518],
						"8.5": [37.32, -353.23, -152.73],
						"8.9167": [25.99739, -356.7822, -173.60092],
						"9.4583": [25.99739, -356.7822, -173.60092],
						"9.6667": {
							"pre": [45.74171, -356.91248, -167.85323],
							"post": [45.74171, -356.91248, -167.85323],
							"lerp_mode": "catmullrom"
						},
						"10.0417": {
							"post": [83.96815, -389.37693, -124.85545],
							"lerp_mode": "catmullrom"
						}
					},
					"position": {
						"0.0": [7, -12, -11],
						"0.3333": [6.65634, -23.97563, -7.83032],
						"0.6667": [8.61064, -32.98911, -6.02076],
						"2.75": {
							"pre": [8.61064, -32.98911, -6.02076],
							"post": [8.61064, -32.98911, -6.02076],
							"lerp_mode": "catmullrom"
						},
						"3.0417": {
							"post": [13.26126, -14.35166, -0.92448],
							"lerp_mode": "catmullrom"
						},
						"3.2917": [7.06982, -6.3495, -1.23345],
						"3.4583": [7.07, -6.6, -0.73],
						"3.5417": [7.07, -6.6, -0.73],
						"3.7083": [7.06982, -6.3495, -1.23345],
						"6.1667": [7.06982, -6.3495, -1.23345],
						"6.2917": [7.07, -6.6, -0.73],
						"6.375": [7.07, -6.6, -0.73],
						"6.5": [7.06982, -6.3495, -1.23345],
						"6.625": [12.99719, -13.78141, -6.84573],
						"6.75": [7, -12, -11],
						"6.9583": [7, -12, -11],
						"7.3333": [9, -10, -14],
						"8.5": [9, -10, -14],
						"8.9167": [9.10145, -8.25809, -13.29472],
						"9.4583": [9.15145, -8.20809, -13.12472],
						"9.6667": {
							"pre": [9.92408, -9.03225, -10.81443],
							"post": [9.92408, -9.03225, -10.81443],
							"lerp_mode": "catmullrom"
						},
						"10.0417": {
							"post": [7, -12, -11],
							"lerp_mode": "catmullrom"
						}
					},
					"scale": [1, 1.5, 1]
				},
				"righthand": {
					"rotation": {
						"0.0": [101.64867, -339.29519, -170.99283],
						"6.9583": [101.64867, -339.29519, -170.99283],
						"7.3333": [115.88998, -361.3726, -175.42563],
						"9.6667": [115.88998, -361.3726, -175.42563],
						"10.0417": [101.64867, -339.29519, -170.99283]
					},
					"position": {
						"0.0": [-6, -14, 0],
						"6.9583": [-6, -14, 0],
						"10.0417": [-6, -14, 0]
					},
					"scale": [1, 1.5, 1]
				},
				"constraint": {
					"rotation": [0.25, 0.25, 0.25],
					"position": [0.25, 0.25, 0.25]
				},
				"bone3": {
					"position": {
						"0.0": [0, 0, 0],
						"0.9167": {
							"pre": [0, 0, 0],
							"post": [0, 0, 0],
							"lerp_mode": "catmullrom"
						},
						"1.0833": {
							"post": [0.1, -0.2, 0],
							"lerp_mode": "catmullrom"
						},
						"4.0833": {
							"post": [0.1, -0.2, 0],
							"lerp_mode": "catmullrom"
						},
						"4.2083": {
							"post": [0, 0, 0],
							"lerp_mode": "catmullrom"
						},
						"4.375": {
							"post": [0.1, -0.2, 0],
							"lerp_mode": "catmullrom"
						},
						"4.4583": {
							"post": [0, 0, 0],
							"lerp_mode": "catmullrom"
						},
						"4.625": {
							"post": [0.1, -0.2, 0],
							"lerp_mode": "catmullrom"
						},
						"4.75": {
							"post": [0, 0, 0],
							"lerp_mode": "catmullrom"
						},
						"4.9167": {
							"post": [0.1, -0.2, 0],
							"lerp_mode": "catmullrom"
						},
						"5.0": {
							"post": [0, 0, 0],
							"lerp_mode": "catmullrom"
						},
						"5.1667": {
							"post": [0.1, -0.2, 0],
							"lerp_mode": "catmullrom"
						},
						"5.25": {
							"post": [0, 0, 0],
							"lerp_mode": "catmullrom"
						},
						"8.1667": {
							"post": [0.1, -0.2, 0],
							"lerp_mode": "catmullrom"
						},
						"8.25": {
							"post": [0, 0, 0],
							"lerp_mode": "catmullrom"
						}
					}
				},
				"bone": {
					"position": {
						"0.0": [0, 0, 0],
						"0.9167": {
							"pre": [0, 0, 0],
							"post": [0, 0, 0],
							"lerp_mode": "catmullrom"
						},
						"1.0833": {
							"post": [-0.1, -0.2, 0],
							"lerp_mode": "catmullrom"
						},
						"4.0833": {
							"post": [-0.1, -0.2, 0],
							"lerp_mode": "catmullrom"
						},
						"4.2083": {
							"post": [0, 0, 0],
							"lerp_mode": "catmullrom"
						},
						"4.375": {
							"post": [-0.1, -0.2, 0],
							"lerp_mode": "catmullrom"
						},
						"4.4583": {
							"post": [0, 0, 0],
							"lerp_mode": "catmullrom"
						},
						"4.625": {
							"post": [-0.1, -0.2, 0],
							"lerp_mode": "catmullrom"
						},
						"4.75": {
							"post": [0, 0, 0],
							"lerp_mode": "catmullrom"
						},
						"4.9167": {
							"post": [-0.1, -0.2, 0],
							"lerp_mode": "catmullrom"
						},
						"5.0": {
							"post": [0, 0, 0],
							"lerp_mode": "catmullrom"
						},
						"5.1667": {
							"post": [-0.1, -0.2, 0],
							"lerp_mode": "catmullrom"
						},
						"5.25": {
							"post": [0, 0, 0],
							"lerp_mode": "catmullrom"
						},
						"8.1667": {
							"post": [-0.1, -0.2, 0],
							"lerp_mode": "catmullrom"
						},
						"8.25": {
							"post": [0, 0, 0],
							"lerp_mode": "catmullrom"
						}
					}
				},
				"bone104": {
					"position": {
						"0.0": [0, 0, 0],
						"0.8333": {
							"pre": [0, 0, 0],
							"post": [0, 0, 0],
							"lerp_mode": "catmullrom"
						},
						"0.9583": {
							"post": [0.1, -0.2, 0],
							"lerp_mode": "catmullrom"
						},
						"4.0": {
							"post": [0.1, -0.2, 0],
							"lerp_mode": "catmullrom"
						},
						"4.0833": {
							"post": [0, 0, 0],
							"lerp_mode": "catmullrom"
						},
						"4.25": {
							"post": [0.1, -0.2, 0],
							"lerp_mode": "catmullrom"
						},
						"4.375": {
							"post": [0, 0, 0],
							"lerp_mode": "catmullrom"
						},
						"4.5417": {
							"post": [0.1, -0.2, 0],
							"lerp_mode": "catmullrom"
						},
						"4.625": {
							"post": [0, 0, 0],
							"lerp_mode": "catmullrom"
						},
						"4.7917": {
							"post": [0.1, -0.2, 0],
							"lerp_mode": "catmullrom"
						},
						"4.9167": {
							"post": [0, 0, 0],
							"lerp_mode": "catmullrom"
						},
						"5.0833": {
							"post": [0.1, -0.2, 0],
							"lerp_mode": "catmullrom"
						},
						"5.1667": {
							"post": [0, 0, 0],
							"lerp_mode": "catmullrom"
						},
						"8.0417": {
							"post": [0.1, -0.2, 0],
							"lerp_mode": "catmullrom"
						},
						"8.1667": {
							"post": [0, 0, 0],
							"lerp_mode": "catmullrom"
						}
					}
				},
				"bone103": {
					"position": {
						"0.0": [0, 0, 0],
						"0.8333": {
							"pre": [0, 0, 0],
							"post": [0, 0, 0],
							"lerp_mode": "catmullrom"
						},
						"0.9583": {
							"post": [-0.1, -0.2, 0],
							"lerp_mode": "catmullrom"
						},
						"4.0": {
							"post": [-0.1, -0.2, 0],
							"lerp_mode": "catmullrom"
						},
						"4.0833": {
							"post": [0, 0, 0],
							"lerp_mode": "catmullrom"
						},
						"4.25": {
							"post": [-0.1, -0.2, 0],
							"lerp_mode": "catmullrom"
						},
						"4.375": {
							"post": [0, 0, 0],
							"lerp_mode": "catmullrom"
						},
						"4.5417": {
							"post": [-0.1, -0.2, 0],
							"lerp_mode": "catmullrom"
						},
						"4.625": {
							"post": [0, 0, 0],
							"lerp_mode": "catmullrom"
						},
						"4.7917": {
							"post": [-0.1, -0.2, 0],
							"lerp_mode": "catmullrom"
						},
						"4.9167": {
							"post": [0, 0, 0],
							"lerp_mode": "catmullrom"
						},
						"5.0833": {
							"post": [-0.1, -0.2, 0],
							"lerp_mode": "catmullrom"
						},
						"5.1667": {
							"post": [0, 0, 0],
							"lerp_mode": "catmullrom"
						},
						"8.0417": {
							"post": [-0.1, -0.2, 0],
							"lerp_mode": "catmullrom"
						},
						"8.1667": {
							"post": [0, 0, 0],
							"lerp_mode": "catmullrom"
						}
					}
				},
				"bone107": {
					"position": {
						"0.75": {
							"pre": [0, 0, 0],
							"post": [0, 0, 0],
							"lerp_mode": "catmullrom"
						},
						"0.875": {
							"post": [-0.1, -0.2, 0],
							"lerp_mode": "catmullrom"
						},
						"3.9167": {
							"post": [-0.1, -0.2, 0],
							"lerp_mode": "catmullrom"
						},
						"4.0": {
							"post": [0, 0, 0],
							"lerp_mode": "catmullrom"
						},
						"4.1667": {
							"post": [-0.1, -0.2, 0],
							"lerp_mode": "catmullrom"
						},
						"4.25": {
							"post": [0, 0, 0],
							"lerp_mode": "catmullrom"
						},
						"4.4167": {
							"post": [-0.1, -0.2, 0],
							"lerp_mode": "catmullrom"
						},
						"4.5417": {
							"post": [0, 0, 0],
							"lerp_mode": "catmullrom"
						},
						"4.7083": {
							"post": [-0.1, -0.2, 0],
							"lerp_mode": "catmullrom"
						},
						"4.7917": {
							"post": [0, 0, 0],
							"lerp_mode": "catmullrom"
						},
						"4.9583": {
							"post": [-0.1, -0.2, 0],
							"lerp_mode": "catmullrom"
						},
						"5.0833": {
							"post": [0, 0, 0],
							"lerp_mode": "catmullrom"
						},
						"7.9583": {
							"post": [-0.1, -0.2, 0],
							"lerp_mode": "catmullrom"
						},
						"8.0417": {
							"post": [0, 0, 0],
							"lerp_mode": "catmullrom"
						}
					}
				},
				"bone105": {
					"position": {
						"0.0": [0, 0, 0],
						"0.75": {
							"pre": [0, 0, 0],
							"post": [0, 0, 0],
							"lerp_mode": "catmullrom"
						},
						"0.875": {
							"post": [0.1, -0.2, 0],
							"lerp_mode": "catmullrom"
						},
						"3.9167": {
							"post": [0.1, -0.2, 0],
							"lerp_mode": "catmullrom"
						},
						"4.0": {
							"post": [0, 0, 0],
							"lerp_mode": "catmullrom"
						},
						"4.1667": {
							"post": [0.1, -0.2, 0],
							"lerp_mode": "catmullrom"
						},
						"4.25": {
							"post": [0, 0, 0],
							"lerp_mode": "catmullrom"
						},
						"4.4167": {
							"post": [0.1, -0.2, 0],
							"lerp_mode": "catmullrom"
						},
						"4.5417": {
							"post": [0, 0, 0],
							"lerp_mode": "catmullrom"
						},
						"4.7083": {
							"post": [0.1, -0.2, 0],
							"lerp_mode": "catmullrom"
						},
						"4.7917": {
							"post": [0, 0, 0],
							"lerp_mode": "catmullrom"
						},
						"4.9583": {
							"post": [0.1, -0.2, 0],
							"lerp_mode": "catmullrom"
						},
						"5.0833": {
							"post": [0, 0, 0],
							"lerp_mode": "catmullrom"
						},
						"7.9583": {
							"post": [0.1, -0.2, 0],
							"lerp_mode": "catmullrom"
						},
						"8.0417": {
							"post": [0, 0, 0],
							"lerp_mode": "catmullrom"
						}
					}
				},
				"bone106": {
					"position": {
						"0.0": [0, 0, 0],
						"0.625": {
							"pre": [0, 0, 0],
							"post": [0, 0, 0],
							"lerp_mode": "catmullrom"
						},
						"0.75": {
							"post": [0.1, -0.2, 0],
							"lerp_mode": "catmullrom"
						},
						"3.7917": {
							"post": [0.1, -0.2, 0],
							"lerp_mode": "catmullrom"
						},
						"3.9167": {
							"post": [0, 0, 0],
							"lerp_mode": "catmullrom"
						},
						"4.0833": {
							"post": [0.1, -0.2, 0],
							"lerp_mode": "catmullrom"
						},
						"4.1667": {
							"post": [0, 0, 0],
							"lerp_mode": "catmullrom"
						},
						"4.3333": {
							"post": [0.1, -0.2, 0],
							"lerp_mode": "catmullrom"
						},
						"4.4167": {
							"post": [0, 0, 0],
							"lerp_mode": "catmullrom"
						},
						"4.5833": {
							"post": [0.1, -0.2, 0],
							"lerp_mode": "catmullrom"
						},
						"4.7083": {
							"post": [0, 0, 0],
							"lerp_mode": "catmullrom"
						},
						"4.875": {
							"post": [0.1, -0.2, 0],
							"lerp_mode": "catmullrom"
						},
						"4.9583": {
							"post": [0, 0, 0],
							"lerp_mode": "catmullrom"
						},
						"7.875": {
							"post": [0.1, -0.2, 0],
							"lerp_mode": "catmullrom"
						},
						"7.9583": {
							"post": [0, 0, 0],
							"lerp_mode": "catmullrom"
						}
					}
				},
				"bone108": {
					"position": {
						"0.0": [0, 0, 0],
						"0.625": {
							"pre": [0, 0, 0],
							"post": [0, 0, 0],
							"lerp_mode": "catmullrom"
						},
						"0.75": {
							"post": [-0.1, -0.2, 0],
							"lerp_mode": "catmullrom"
						},
						"3.7917": {
							"post": [-0.1, -0.2, 0],
							"lerp_mode": "catmullrom"
						},
						"3.9167": {
							"post": [0, 0, 0],
							"lerp_mode": "catmullrom"
						},
						"4.0833": {
							"post": [-0.1, -0.2, 0],
							"lerp_mode": "catmullrom"
						},
						"4.1667": {
							"post": [0, 0, 0],
							"lerp_mode": "catmullrom"
						},
						"4.3333": {
							"post": [-0.1, -0.2, 0],
							"lerp_mode": "catmullrom"
						},
						"4.4167": {
							"post": [0, 0, 0],
							"lerp_mode": "catmullrom"
						},
						"4.5833": {
							"post": [-0.1, -0.2, 0],
							"lerp_mode": "catmullrom"
						},
						"4.7083": {
							"post": [0, 0, 0],
							"lerp_mode": "catmullrom"
						},
						"4.875": {
							"post": [-0.1, -0.2, 0],
							"lerp_mode": "catmullrom"
						},
						"4.9583": {
							"post": [0, 0, 0],
							"lerp_mode": "catmullrom"
						},
						"7.875": {
							"post": [-0.1, -0.2, 0],
							"lerp_mode": "catmullrom"
						},
						"7.9583": {
							"post": [0, 0, 0],
							"lerp_mode": "catmullrom"
						}
					}
				},
				"bone110": {
					"position": {
						"0.0": [0, 0, 0],
						"0.5417": {
							"pre": [0, 0, 0],
							"post": [0, 0, 0],
							"lerp_mode": "catmullrom"
						},
						"0.6667": {
							"post": [0.1, -0.2, 0],
							"lerp_mode": "catmullrom"
						},
						"3.7083": {
							"post": [0.1, -0.2, 0],
							"lerp_mode": "catmullrom"
						},
						"3.7917": {
							"post": [0, 0, 0],
							"lerp_mode": "catmullrom"
						},
						"3.9583": {
							"post": [0.1, -0.2, 0],
							"lerp_mode": "catmullrom"
						},
						"4.0833": {
							"post": [0, 0, 0],
							"lerp_mode": "catmullrom"
						},
						"4.25": {
							"post": [0.1, -0.2, 0],
							"lerp_mode": "catmullrom"
						},
						"4.3333": {
							"post": [0, 0, 0],
							"lerp_mode": "catmullrom"
						},
						"4.5": {
							"post": [0.1, -0.2, 0],
							"lerp_mode": "catmullrom"
						},
						"4.5833": {
							"post": [0, 0, 0],
							"lerp_mode": "catmullrom"
						},
						"4.75": {
							"post": [0.1, -0.2, 0],
							"lerp_mode": "catmullrom"
						},
						"4.875": {
							"post": [0, 0, 0],
							"lerp_mode": "catmullrom"
						},
						"7.75": {
							"post": [0.1, -0.2, 0],
							"lerp_mode": "catmullrom"
						},
						"7.875": {
							"post": [0, 0, 0],
							"lerp_mode": "catmullrom"
						}
					}
				},
				"bone109": {
					"position": {
						"0.0": [0, 0, 0],
						"0.5417": {
							"pre": [0, 0, 0],
							"post": [0, 0, 0],
							"lerp_mode": "catmullrom"
						},
						"0.6667": {
							"post": [-0.1, -0.2, 0],
							"lerp_mode": "catmullrom"
						},
						"3.7083": {
							"post": [-0.1, -0.2, 0],
							"lerp_mode": "catmullrom"
						},
						"3.7917": {
							"post": [0, 0, 0],
							"lerp_mode": "catmullrom"
						},
						"3.9583": {
							"post": [-0.1, -0.2, 0],
							"lerp_mode": "catmullrom"
						},
						"4.0833": {
							"post": [0, 0, 0],
							"lerp_mode": "catmullrom"
						},
						"4.25": {
							"post": [-0.1, -0.2, 0],
							"lerp_mode": "catmullrom"
						},
						"4.3333": {
							"post": [0, 0, 0],
							"lerp_mode": "catmullrom"
						},
						"4.5": {
							"post": [-0.1, -0.2, 0],
							"lerp_mode": "catmullrom"
						},
						"4.5833": {
							"post": [0, 0, 0],
							"lerp_mode": "catmullrom"
						},
						"4.75": {
							"post": [-0.1, -0.2, 0],
							"lerp_mode": "catmullrom"
						},
						"4.875": {
							"post": [0, 0, 0],
							"lerp_mode": "catmullrom"
						},
						"7.75": {
							"post": [-0.1, -0.2, 0],
							"lerp_mode": "catmullrom"
						},
						"7.875": {
							"post": [0, 0, 0],
							"lerp_mode": "catmullrom"
						}
					}
				},
				"camera": {
					"rotation": {
						"0.0": {
							"post": [0, 0, 0],
							"lerp_mode": "catmullrom"
						},
						"0.2083": {
							"post": [-0.09, 0.13, -0.19],
							"lerp_mode": "catmullrom"
						},
						"0.4583": {
							"post": [2.375, 0.3, -0.4],
							"lerp_mode": "catmullrom"
						},
						"0.6667": {
							"post": [3.085, 0.37, -0.23],
							"lerp_mode": "catmullrom"
						},
						"0.9167": {
							"post": [3, 0.4, -0.5],
							"lerp_mode": "catmullrom"
						},
						"1.4167": {
							"post": [3.175, 0.4, -0.5],
							"lerp_mode": "catmullrom"
						},
						"1.9167": {
							"post": [0.5, -0.8, -0.7],
							"lerp_mode": "catmullrom"
						},
						"2.2917": {
							"post": [-0.7, -0.7, -0.7],
							"lerp_mode": "catmullrom"
						},
						"2.6667": {
							"post": [-0.7, -0.7, -0.7],
							"lerp_mode": "catmullrom"
						},
						"3.0": {
							"post": [-0.3, 1.3, -0.7],
							"lerp_mode": "catmullrom"
						},
						"3.4167": {
							"post": [-0.093, 1.674, -1.116],
							"lerp_mode": "catmullrom"
						},
						"3.5833": {
							"post": [2.325, 1.395, -0.372],
							"lerp_mode": "catmullrom"
						},
						"3.75": {
							"post": [1.395, 1.953, -0.651],
							"lerp_mode": "catmullrom"
						},
						"3.9583": {
							"post": [1.1532, -0.4238, -0.7626],
							"lerp_mode": "catmullrom"
						},
						"4.2917": {
							"post": [0.395, -1.247, -0.651],
							"lerp_mode": "catmullrom"
						},
						"4.6667": {
							"post": [2.61, -1.39, 0.56],
							"lerp_mode": "catmullrom"
						},
						"4.875": {
							"post": [-2.2, -1.25, -0.65],
							"lerp_mode": "catmullrom"
						},
						"5.125": {
							"post": [-2.45, -1.24, -1.45],
							"lerp_mode": "catmullrom"
						},
						"5.375": {
							"post": [0.5, -1.25, -0.65],
							"lerp_mode": "catmullrom"
						},
						"5.75": {
							"post": [1.3, -1.25, -0.65],
							"lerp_mode": "catmullrom"
						},
						"6.125": {
							"post": [1, 0.95, -0.65],
							"lerp_mode": "catmullrom"
						},
						"6.3333": {
							"post": [2.4, 0.55, -1.35],
							"lerp_mode": "catmullrom"
						},
						"6.5417": {
							"post": [0.5, 0.95, -0.65],
							"lerp_mode": "catmullrom"
						},
						"6.75": {
							"post": [0, 1.55, -0.25],
							"lerp_mode": "catmullrom"
						},
						"6.9583": {
							"post": [0.5, 0.95, -0.65],
							"lerp_mode": "catmullrom"
						},
						"7.5": {
							"post": [4.2, -1.35, -0.65],
							"lerp_mode": "catmullrom"
						},
						"8.0417": {
							"post": [1.2, -8.35, 0.05],
							"lerp_mode": "catmullrom"
						},
						"8.5833": {
							"post": [1.2, -8.35, 0.05],
							"lerp_mode": "catmullrom"
						},
						"9.1667": {
							"post": [2.8, -7.85, 0.05],
							"lerp_mode": "catmullrom"
						},
						"9.7083": {
							"post": [3.8, -8.35, 0.05],
							"lerp_mode": "catmullrom"
						},
						"10.0417": {
							"post": [2.805, 0.52, 1],
							"lerp_mode": "catmullrom"
						},
						"10.4167": {
							"post": [-0.1, 0, -0.3],
							"lerp_mode": "catmullrom"
						},
						"10.5": {
							"post": [0.575, 0, 0.775],
							"lerp_mode": "catmullrom"
						},
						"10.625": {
							"post": [-0.1, 0, -0.325],
							"lerp_mode": "catmullrom"
						},
						"10.75": {
							"post": [0.00156, 0, 0.03516],
							"lerp_mode": "catmullrom"
						},
						"10.8333": {
							"post": [0, 0, 0],
							"lerp_mode": "catmullrom"
						},
						"11.0": {
							"post": [-0.1, 0, 0],
							"lerp_mode": "catmullrom"
						}
					}
				}
			},
			"sound_effects": {
				"0.0": {
					"effect": "zeta:plas101/inspect1"
				},
				"1.5": {
					"effect": "zeta:plas101/inspect2"
				},
				"3.0": {
					"effect": "zeta:plas101/inspect3"
				},
				"3.5": {
					"effect": "zeta:plas101/inspect4"
				},
				"4.875": {
					"effect": "zeta:plas101/inspect5"
				},
				"6.0": {
					"effect": "zeta:plas101/magin2"
				},
				"7.0": {
					"effect": "zeta:plas101/inspect6"
				},
				"8.5": {
					"effect": "zeta:plas101/inspect6"
				},
				"9.75": {
					"effect": "zeta:plas101/inspect7"
				}
			}
		},
		"draw": {
			"animation_length": 0.8,
			"bones": {
				"root": {
					"rotation": {
						"0.0": {
							"post": [-31.41009, -47.27057, 63.98187],
							"lerp_mode": "catmullrom"
						},
						"0.1667": {
							"post": [-0.50564, -24.85404, 22.72854],
							"lerp_mode": "catmullrom"
						},
						"0.2333": {
							"post": [3.25904, -15.44766, 8.21211],
							"lerp_mode": "catmullrom"
						},
						"0.3333": {
							"post": [0, -2.40625, 0],
							"lerp_mode": "catmullrom"
						},
						"0.4": {
							"post": [0.01893, 0.98758, 1.36002],
							"lerp_mode": "catmullrom"
						},
						"0.5": {
							"post": [0.01346, -0.41108, 0.31188],
							"lerp_mode": "catmullrom"
						},
						"0.6333": {
							"post": [0, 0, 0],
							"lerp_mode": "catmullrom"
						},
						"0.8": {
							"post": [0, 0, 0],
							"lerp_mode": "catmullrom"
						}
					},
					"position": {
						"0.0": {
							"post": [0, -9.2, -0.8],
							"lerp_mode": "catmullrom"
						},
						"0.2333": {
							"post": [0.6, -1.32422, -0.8],
							"lerp_mode": "catmullrom"
						},
						"0.4": {
							"post": [0.125, -0.22031, 0.325],
							"lerp_mode": "catmullrom"
						},
						"0.5": {
							"post": [0, -0.02734, -0.125],
							"lerp_mode": "catmullrom"
						},
						"0.6333": {
							"post": [0, 0, 0],
							"lerp_mode": "catmullrom"
						},
						"0.8": {
							"post": [0, 0, 0],
							"lerp_mode": "catmullrom"
						}
					}
				},
				"lefthand": {
					"rotation": {
						"0.0": [83.96815, -389.37693, -124.85545],
						"0.5333": [83.96815, -389.37693, -124.85545]
					},
					"position": {
						"0.0": [10, -15, -11],
						"0.3": [7, -12, -11],
						"0.3667": [7, -12, -11.3],
						"0.4": [7, -12, -11],
						"0.5333": [7, -12, -11]
					},
					"scale": [1, 1.5, 1]
				},
				"righthand": {
					"rotation": [101.64867, -339.29519, -170.99283],
					"position": [-6, -14, 0],
					"scale": [1, 1.5, 1]
				},
				"camera": {
					"rotation": {
						"0.0": {
							"post": [0, 0, 0],
							"lerp_mode": "catmullrom"
						},
						"0.1": {
							"post": [0.8, -0.125, 0.2],
							"lerp_mode": "catmullrom"
						},
						"0.2": {
							"post": [1, -0.25, 0.5],
							"lerp_mode": "catmullrom"
						},
						"0.3": {
							"post": [0.15, -0.275, 0.625],
							"lerp_mode": "catmullrom"
						},
						"0.4": {
							"post": [0.25, -0.15, -0.225],
							"lerp_mode": "catmullrom"
						},
						"0.4667": {
							"post": [0.09, -0.08, 0.405],
							"lerp_mode": "catmullrom"
						},
						"0.5333": {
							"post": [-0.075, -0.025, -0.2],
							"lerp_mode": "catmullrom"
						},
						"0.6333": {
							"post": [0, 0, 0],
							"lerp_mode": "catmullrom"
						},
						"0.7": {
							"post": [0, 0, 0],
							"lerp_mode": "catmullrom"
						}
					}
				}
			}
		},
		"shoot": {
			"animation_length": 1.125,
			"bones": {
				"constraint": {
					"rotation": {
						"0.0": [0.5, 0.5, 0.5],
						"0.3333": [0.25, 0.25, 0.25]
					},
					"position": {
						"0.0": [0.5, 0.5, 0.5],
						"0.3333": [0.25, 0.25, 0.25]
					}
				},
				"trigger": {
					"position": {
						"0.0": [0, 0, 0],
						"0.0417": [0, 0, 0.2],
						"0.0833": [0, 0, 0]
					}
				},
				"root": {
					"rotation": {
						"0.0": [0, 0, 0],
						"0.0417": [-0.586, 0.022, -0.92],
						"0.0833": [-0.273, 0.009, 0.812],
						"0.125": [-0.014, 0.047, 1.048],
						"0.1667": [0.228, 0.118, 0.927],
						"0.2083": [0.343, 0.179, 0.353],
						"0.25": [0.339, 0.226, -0.463],
						"0.2917": [0.129, 0.177, -0.515],
						"0.3333": [-0.064, 0.105, -0.246],
						"0.375": [-0.257, 0.034, 0.024],
						"0.4167": [-0.162, -0.071, 0.343],
						"0.4583": [-0.098, -0.04, 0.194],
						"0.5": [-0.034, -0.008, 0.045],
						"0.5417": [0.03, 0.024, -0.104],
						"0.5833": [0.078, 0.045, -0.164],
						"0.625": [0.062, 0.034, -0.075],
						"0.6667": [0.047, 0.023, 0.015],
						"0.7083": [0.031, 0.011, 0.104],
						"0.75": [0.022, 0.01, 0.058],
						"0.7917": [0.013, 0.009, 0.011],
						"0.9167": [0.003, 0.005, -0.103],
						"1.0": [0.002, 0.004, -0.077],
						"1.125": [0, 0, 0]
					},
					"position": {
						"0.0": [0, 0, 0],
						"0.0417": [0.002, 0.029, 1.064],
						"0.0833": [0.012, 0.082, 0.258],
						"0.125": [0, 0.036, 0.272],
						"0.1667": [-0.003, -0.014, 0.11],
						"0.2083": [-0.014, -0.034, 0.084],
						"0.25": [-0.009, -0.03, 0.051],
						"0.2917": [0.001, -0.014, 0.042],
						"0.3333": [0.003, 0.004, 0.034],
						"0.375": [0.016, -0.009, 0.043],
						"0.4167": [0.048, 0.015, 0.069],
						"0.4583": [0.039, 0.012, 0.057],
						"0.5": [0.03, 0.01, 0.045],
						"0.5417": [0.022, 0.007, 0.034],
						"0.5833": [-0.003, -0.006, 0.009],
						"0.625": [-0.005, -0.007, 0.007],
						"0.6667": [-0.007, -0.007, 0.006],
						"0.7083": [-0.01, -0.007, 0.005],
						"0.75": [-0.008, -0.008, 0.005],
						"0.7917": [-0.007, -0.008, 0.004],
						"0.9167": [-0.003, -0.009, 0.003],
						"1.0": [-0.003, -0.008, 0.003],
						"1.125": [0, 0, 0]
					}
				},
				"camera": {
					"rotation": {
						"0.0": [0, 0, 0],
						"0.0417": [0, 0, 0.65],
						"0.0833": [0, 0, 0.41],
						"0.125": [0, 0, -0.185],
						"0.1667": [0, 0, 0.2],
						"0.2083": [0, 0, 0]
					}
				},
				"bone": {
					"rotation": {
						"0.0": [0, 0, 0],
						"0.1667": [0, 0, 0]
					},
					"position": {
						"0.0": [0, 0, 0],
						"0.0833": {
							"pre": [-0.1, -0.2, 0],
							"post": [-0.1, -0.2, 0],
							"lerp_mode": "catmullrom"
						},
						"0.1667": [0, 0, 0]
					}
				},
				"bone3": {
					"rotation": {
						"0.0": [0, 0, 0],
						"0.1667": [0, 0, 0]
					},
					"position": {
						"0.0": [0, 0, 0],
						"0.0833": {
							"pre": [0.1, -0.2, 0],
							"post": [0.1, -0.2, 0],
							"lerp_mode": "catmullrom"
						},
						"0.1667": [0, 0, 0]
					}
				},
				"bone103": {
					"rotation": {
						"0.0": [0, 0, 0],
						"0.1667": [0, 0, 0]
					},
					"position": {
						"0.0": [0, 0, 0],
						"0.0833": {
							"pre": [-0.1, -0.2, 0],
							"post": [-0.1, -0.2, 0],
							"lerp_mode": "catmullrom"
						},
						"0.1667": [0, 0, 0]
					}
				},
				"bone104": {
					"rotation": {
						"0.0": [0, 0, 0],
						"0.1667": [0, 0, 0]
					},
					"position": {
						"0.0": [0, 0, 0],
						"0.0833": {
							"pre": [0.1, -0.2, 0],
							"post": [0.1, -0.2, 0],
							"lerp_mode": "catmullrom"
						},
						"0.1667": [0, 0, 0]
					}
				},
				"bone105": {
					"rotation": {
						"0.0": [0, 0, 0],
						"0.1667": [0, 0, 0]
					},
					"position": {
						"0.0": [0, 0, 0],
						"0.0833": {
							"pre": [0.1, -0.2, 0],
							"post": [0.1, -0.2, 0],
							"lerp_mode": "catmullrom"
						},
						"0.1667": [0, 0, 0]
					}
				},
				"bone106": {
					"rotation": {
						"0.0": [0, 0, 0],
						"0.1667": [0, 0, 0]
					},
					"position": {
						"0.0": [0, 0, 0],
						"0.0833": {
							"pre": [0.1, -0.2, 0],
							"post": [0.1, -0.2, 0],
							"lerp_mode": "catmullrom"
						},
						"0.1667": [0, 0, 0]
					}
				},
				"bone107": {
					"rotation": {
						"0.0": [0, 0, 0],
						"0.1667": [0, 0, 0]
					},
					"position": {
						"0.0": [0, 0, 0],
						"0.0833": {
							"pre": [-0.1, -0.2, 0],
							"post": [-0.1, -0.2, 0],
							"lerp_mode": "catmullrom"
						},
						"0.1667": [0, 0, 0]
					}
				},
				"bone108": {
					"rotation": {
						"0.0": [0, 0, 0],
						"0.1667": [0, 0, 0]
					},
					"position": {
						"0.0": [0, 0, 0],
						"0.0833": {
							"pre": [-0.1, -0.2, 0],
							"post": [-0.1, -0.2, 0],
							"lerp_mode": "catmullrom"
						},
						"0.1667": [0, 0, 0]
					}
				},
				"bone109": {
					"rotation": {
						"0.0": [0, 0, 0],
						"0.1667": [0, 0, 0]
					},
					"position": {
						"0.0": [0, 0, 0],
						"0.0833": {
							"pre": [-0.1, -0.2, 0],
							"post": [-0.1, -0.2, 0],
							"lerp_mode": "catmullrom"
						},
						"0.1667": [0, 0, 0]
					}
				},
				"bone110": {
					"rotation": {
						"0.0": [0, 0, 0],
						"0.1667": [0, 0, 0]
					},
					"position": {
						"0.0": [0, 0, 0],
						"0.0833": {
							"pre": [0.1, -0.2, 0],
							"post": [0.1, -0.2, 0],
							"lerp_mode": "catmullrom"
						},
						"0.1667": [0, 0, 0]
					}
				}
			}
		},
		"put_away": {
			"animation_length": 0.4,
			"bones": {
				"root": {
					"rotation": {
						"0.0": {
							"post": [0, 0, 0],
							"lerp_mode": "catmullrom"
						},
						"0.1667": {
							"post": [3.25904, -15.44766, 8.21211],
							"lerp_mode": "catmullrom"
						},
						"0.2333": {
							"post": [-0.50564, -24.85404, 15.72854],
							"lerp_mode": "catmullrom"
						},
						"0.4": {
							"post": [-31.41009, -47.27057, 63.98187],
							"lerp_mode": "catmullrom"
						}
					},
					"position": {
						"0.0": {
							"post": [0, 0, 0],
							"lerp_mode": "catmullrom"
						},
						"0.0667": {
							"post": [0.2, -0.27, -0.24],
							"lerp_mode": "catmullrom"
						},
						"0.2": {
							"post": [0.6, -1.22422, -0.8],
							"lerp_mode": "catmullrom"
						},
						"0.4": {
							"post": [4.9, -9.2, -0.8],
							"lerp_mode": "catmullrom"
						}
					},
					"scale": 1
				},
				"lefthand": {
					"rotation": {
						"0.0": [83.96815, -389.37693, -124.85545],
						"0.4": [83.96815, -389.37693, -124.85545]
					},
					"position": {
						"0.0": [7, -12, -11],
						"0.1": [7, -12, -11],
						"0.4": [10, -15, -11]
					},
					"scale": {
						"0.0": [1, 1.5, 1],
						"0.4": [1, 1.5, 1]
					}
				},
				"righthand": {
					"rotation": {
						"0.0": [101.64867, -339.29519, -170.99283],
						"0.4": [101.64867, -339.29519, -170.99283]
					},
					"position": {
						"0.0": [-6, -14, 0],
						"0.4": [-6, -14, 0]
					},
					"scale": {
						"0.0": [1, 1.5, 1],
						"0.4": [1, 1.5, 1]
					}
				},
				"camera": {
					"rotation": {
						"0.0": {
							"post": [0, 0, 0],
							"lerp_mode": "catmullrom"
						},
						"0.0667": {
							"post": [0.25, -0.28, 0.63],
							"lerp_mode": "catmullrom"
						},
						"0.1333": {
							"post": [0.15, -0.275, 0.625],
							"lerp_mode": "catmullrom"
						},
						"0.2": {
							"post": [1, -0.25, 0.5],
							"lerp_mode": "catmullrom"
						},
						"0.3": {
							"post": [0.8, -0.125, 0.2],
							"lerp_mode": "catmullrom"
						},
						"0.4": {
							"post": [0, 0, 0],
							"lerp_mode": "catmullrom"
						}
					}
				}
			}
		},
		"static_bolt_caught": {
			"animation_length": 7.9167,
			"bones": {
				"root": {
					"rotation": {
						"0.0": {
							"post": [0, 0, 0],
							"lerp_mode": "catmullrom"
						}
					},
					"position": {
						"0.0": {
							"post": [0, 0, 0],
							"lerp_mode": "catmullrom"
						}
					},
					"scale": 1
				},
				"mag_and_lefthand": {
					"rotation": [0, 0, 0],
					"position": [0, 0, 0],
					"scale": 1
				},
				"lefthand": {
					"rotation": [83.96815, -389.37693, -124.85545],
					"position": [7, -12, -11],
					"scale": [1, 1.5, 1]
				},
				"righthand": {
					"rotation": [101.64867, -339.29519, -170.99283],
					"position": [-6, -14, 0],
					"scale": [1, 1.5, 1]
				},
				"constraint": {
					"rotation": [0.25, 0.25, 0.25],
					"position": [0.25, 0.25, 0.25]
				}
			}
		},
		"inspect_empty": {
			"animation_length": 11.375,
			"bones": {
				"root": {
					"rotation": {
						"0.0": {
							"post": [0, 0, 0],
							"lerp_mode": "catmullrom"
						},
						"0.0833": {
							"post": [-0.48222, -10.32879, -10.6371],
							"lerp_mode": "catmullrom"
						},
						"0.25": {
							"post": [6.68357, -38.04124, -43.59864],
							"lerp_mode": "catmullrom"
						},
						"0.5": {
							"post": [40.52853, -50.12895, -66.22092],
							"lerp_mode": "catmullrom"
						},
						"0.75": {
							"post": [35.35707, -46.56151, -65.14637],
							"lerp_mode": "catmullrom"
						},
						"1.5": {
							"post": [37.36, -46.56, -65.15],
							"lerp_mode": "catmullrom"
						},
						"1.7083": {
							"post": [54.49588, -39.98669, -75.52792],
							"lerp_mode": "catmullrom"
						},
						"2.75": {
							"post": [54.5, -39.99, -75.53],
							"lerp_mode": "catmullrom"
						},
						"2.875": {
							"post": [44.5, -39.99, -75.53],
							"lerp_mode": "catmullrom"
						},
						"3.0417": {
							"post": [11.73133, -23.71593, -51.08318],
							"lerp_mode": "catmullrom"
						},
						"3.2083": {
							"post": [-18.33608, -14.44427, -9.37979],
							"lerp_mode": "catmullrom"
						},
						"3.4167": {
							"post": [-17.11567, -13.21263, 2.22718],
							"lerp_mode": "catmullrom"
						},
						"3.5": {
							"post": [-22.13067, -7.77263, 3.23218],
							"lerp_mode": "catmullrom"
						},
						"3.5833": {
							"post": [-17.595, -8.908, -0.119],
							"lerp_mode": "catmullrom"
						},
						"3.7083": {
							"post": [-16.779, -10.3785, 0.1275],
							"lerp_mode": "catmullrom"
						},
						"3.7917": {
							"post": [-18.122, -10.4125, 4.8365],
							"lerp_mode": "catmullrom"
						},
						"4.0": {
							"post": [-20.23, -14.62, 5.49],
							"lerp_mode": "catmullrom"
						},
						"4.375": {
							"post": [-20.17, -14.84, 5.27],
							"lerp_mode": "catmullrom"
						},
						"4.6667": {
							"post": [-18.16, -14.94, 7.06],
							"lerp_mode": "catmullrom"
						},
						"4.9167": {
							"post": [-21.15, -15.05, 3.84],
							"lerp_mode": "catmullrom"
						},
						"5.25": {
							"post": [-20.17, -14.84, 5.27],
							"lerp_mode": "catmullrom"
						},
						"5.7917": {
							"post": [-20.13608, -15.54427, 2.62021],
							"lerp_mode": "catmullrom"
						},
						"6.0833": {
							"post": [-21.73608, -17.64427, -1.87979],
							"lerp_mode": "catmullrom"
						},
						"6.25": {
							"post": [-20.7, -10.48, -0.14],
							"lerp_mode": "catmullrom"
						},
						"6.3333": {
							"post": [-19.74, -12.21, 0.15],
							"lerp_mode": "catmullrom"
						},
						"6.4167": {
							"post": [-21.32, -12.25, 5.69],
							"lerp_mode": "catmullrom"
						},
						"6.5833": {
							"post": [-20.23, -14.62, 5.49],
							"lerp_mode": "catmullrom"
						},
						"6.875": {
							"post": [-23.43608, -12.54427, 2.62021],
							"lerp_mode": "catmullrom"
						},
						"7.0833": {
							"post": [-21.4, 8.05, 31.61],
							"lerp_mode": "catmullrom"
						},
						"7.2083": {
							"post": [-39.70115, 39.78948, 63.73817],
							"lerp_mode": "catmullrom"
						},
						"7.3333": {
							"post": [-43.075, 32.35, 83.39],
							"lerp_mode": "catmullrom"
						},
						"7.4583": {
							"post": [-43.57112, 31.91816, 82.41623],
							"lerp_mode": "catmullrom"
						},
						"7.75": [-43.81705, 31.69425, 81.93371],
						"8.625": {
							"pre": [-43.81705, 31.69425, 81.93371],
							"post": [-43.81705, 31.69425, 81.93371],
							"lerp_mode": "catmullrom"
						},
						"8.9167": {
							"post": [-36.82036, 44.93671, 101.16028],
							"lerp_mode": "catmullrom"
						},
						"9.125": [-36.82036, 44.93671, 101.16028],
						"9.4167": {
							"pre": [-36.82036, 44.93671, 101.16028],
							"post": [-36.82036, 44.93671, 101.16028],
							"lerp_mode": "catmullrom"
						},
						"9.75": {
							"post": [-36.82036, 44.93671, 101.16028],
							"lerp_mode": "catmullrom"
						},
						"10.0833": {
							"post": [5.1, 0.6, 6.7],
							"lerp_mode": "catmullrom"
						},
						"10.375": {
							"post": [-0.18955, -0.01562, 1.75184],
							"lerp_mode": "catmullrom"
						},
						"10.625": {
							"post": [0, 0, -1.25],
							"lerp_mode": "catmullrom"
						},
						"10.8333": {
							"post": [0.01, 0, 0.525],
							"lerp_mode": "catmullrom"
						},
						"11.2083": {
							"post": [0, 0, 0],
							"lerp_mode": "catmullrom"
						}
					},
					"position": {
						"0.0": {
							"post": [0, 0, 0],
							"lerp_mode": "catmullrom"
						},
						"0.0833": {
							"post": [-0.07, -1.25, -1],
							"lerp_mode": "catmullrom"
						},
						"0.4583": {
							"post": [0.05, 0, -1.475],
							"lerp_mode": "catmullrom"
						},
						"0.5833": {
							"post": [-0.12, -0.34, -1.23],
							"lerp_mode": "catmullrom"
						},
						"0.9167": {
							"post": [-0.135, -0.445, -1.24],
							"lerp_mode": "catmullrom"
						},
						"1.3333": {
							"post": [-0.23, -0.35, -1.04],
							"lerp_mode": "catmullrom"
						},
						"1.7917": {
							"post": [-0.13, -0.44, -1.24],
							"lerp_mode": "catmullrom"
						},
						"2.7917": {
							"post": [-0.13, -0.44, -1.24],
							"lerp_mode": "catmullrom"
						},
						"3.0": {
							"post": [-0.13, -1.44, -1.24],
							"lerp_mode": "catmullrom"
						},
						"3.2083": {
							"post": [-0.13, -0.44, -1.24],
							"lerp_mode": "catmullrom"
						},
						"3.4583": {
							"post": [-0.0255, -0.3485, -1.054],
							"lerp_mode": "catmullrom"
						},
						"3.5417": {
							"post": [-0.2295, -0.4505, -1.054],
							"lerp_mode": "catmullrom"
						},
						"3.625": {
							"post": [-0.7055, -0.6885, -1.054],
							"lerp_mode": "catmullrom"
						},
						"4.5": {
							"post": [-0.69, -0.74, -1.24],
							"lerp_mode": "catmullrom"
						},
						"4.7083": {
							"post": [-0.66, -0.92, -1.24],
							"lerp_mode": "catmullrom"
						},
						"4.9167": {
							"post": [-0.63, -0.4, -1.24],
							"lerp_mode": "catmullrom"
						},
						"5.2083": {
							"post": [-0.69, -0.74, -1.24],
							"lerp_mode": "catmullrom"
						},
						"6.2083": {
							"post": [-0.27, -0.53, -1.24],
							"lerp_mode": "catmullrom"
						},
						"6.2917": {
							"post": [-0.83, -0.81, -1.24],
							"lerp_mode": "catmullrom"
						},
						"6.7917": {
							"post": [-0.13, -0.44, -1.24],
							"lerp_mode": "catmullrom"
						},
						"7.0417": {
							"post": [-2.75, -0.29, -2.52],
							"lerp_mode": "catmullrom"
						},
						"7.2083": {
							"post": [-2.64, -1.32, -2.26],
							"lerp_mode": "catmullrom"
						},
						"7.375": {
							"post": [-2.4742, -1.0235, -1.9135],
							"lerp_mode": "catmullrom"
						},
						"7.4583": {
							"post": [-2.492, -0.59185, -1.82005],
							"lerp_mode": "catmullrom"
						},
						"7.5833": {
							"post": [-2.4653, 0.0178, -1.8601],
							"lerp_mode": "catmullrom"
						},
						"7.7083": [-2.4564, 0.3293, -1.869],
						"8.625": {
							"pre": [-2.4564, 0.3293, -1.869],
							"post": [-2.4564, 0.3293, -1.869],
							"lerp_mode": "catmullrom"
						},
						"8.9167": {
							"post": [-2.46, 0.83, -1.87],
							"lerp_mode": "catmullrom"
						},
						"9.4167": {
							"post": [-2.46, 0.83, -1.87],
							"lerp_mode": "catmullrom"
						},
						"9.75": {
							"post": [-2.46, 0.83, -1.87],
							"lerp_mode": "catmullrom"
						},
						"10.1667": {
							"post": [0, -0.825, -3.79766],
							"lerp_mode": "catmullrom"
						},
						"10.375": {
							"post": [0, -0.2, 0.49063],
							"lerp_mode": "catmullrom"
						},
						"10.625": {
							"post": [0, -0.1, -0.22109],
							"lerp_mode": "catmullrom"
						},
						"10.8333": {
							"post": [0, 0, 0.03125],
							"lerp_mode": "catmullrom"
						},
						"11.2083": {
							"post": [0, 0, 0],
							"lerp_mode": "catmullrom"
						}
					},
					"scale": {
						"0.0": {
							"post": [1, 1, 1],
							"lerp_mode": "catmullrom"
						}
					}
				},
				"mag_and_lefthand": {
					"rotation": {
						"0.0": [0, 0, 0],
						"3.625": {
							"pre": [0, 0, 0],
							"post": [0, 0, 0],
							"lerp_mode": "catmullrom"
						},
						"3.7917": {
							"post": [16.9, -17.5, 27.5],
							"lerp_mode": "catmullrom"
						},
						"3.9583": {
							"post": [65.99914, -36.43129, 45.30232],
							"lerp_mode": "catmullrom"
						},
						"4.0833": {
							"post": [88.8, -47.83, 60.6],
							"lerp_mode": "catmullrom"
						},
						"4.4583": {
							"post": [88.8, -47.83, 60.6],
							"lerp_mode": "catmullrom"
						},
						"4.625": {
							"post": [88.58384, -57.92806, 60.87532],
							"lerp_mode": "catmullrom"
						},
						"4.7917": {
							"post": [88.8, -36.93, 60.6],
							"lerp_mode": "catmullrom"
						},
						"4.9583": {
							"post": [88.8, -28.93, 60.6],
							"lerp_mode": "catmullrom"
						},
						"5.125": {
							"post": [88.8, -42.93, 60.6],
							"lerp_mode": "catmullrom"
						},
						"5.375": {
							"post": [88.8, -50.06, 60.6],
							"lerp_mode": "catmullrom"
						},
						"5.7917": {
							"post": [68.8, -42.93, 60.6],
							"lerp_mode": "catmullrom"
						},
						"5.9167": {
							"post": [65.99914, -36.43129, 45.30232],
							"lerp_mode": "catmullrom"
						},
						"6.0417": {
							"post": [16.9, -17.5, 27.5],
							"lerp_mode": "catmullrom"
						},
						"6.1667": {
							"post": [0, 0, 0],
							"lerp_mode": "catmullrom"
						}
					},
					"position": {
						"0.0": [0, 0, 0],
						"3.625": {
							"pre": [0, 0, 0],
							"post": [0, 0, 0],
							"lerp_mode": "catmullrom"
						},
						"3.7083": {
							"post": [0.36, 2.23, 0.07],
							"lerp_mode": "catmullrom"
						},
						"3.7917": {
							"post": [1.6, 3, 0.3],
							"lerp_mode": "catmullrom"
						},
						"3.9583": {
							"post": [4.7, 4.2, 0.7],
							"lerp_mode": "catmullrom"
						},
						"4.0833": {
							"post": [6, 7.2, 0.4],
							"lerp_mode": "catmullrom"
						},
						"4.4583": {
							"post": [6, 7.2, 0.4],
							"lerp_mode": "catmullrom"
						},
						"4.625": {
							"post": [6, 7.2, 0.2],
							"lerp_mode": "catmullrom"
						},
						"4.7917": {
							"post": [6, 7.4, 0.9],
							"lerp_mode": "catmullrom"
						},
						"5.0": {
							"post": [6, 7.9, 2.8],
							"lerp_mode": "catmullrom"
						},
						"5.375": {
							"post": [6, 7.2, 2.5],
							"lerp_mode": "catmullrom"
						},
						"5.7917": {
							"post": [6, 6.4, 0.8],
							"lerp_mode": "catmullrom"
						},
						"5.9167": {
							"post": [4.7, 4.6, 0.7],
							"lerp_mode": "catmullrom"
						},
						"6.0417": {
							"post": [1.6, 3, 0.3],
							"lerp_mode": "catmullrom"
						},
						"6.1667": {
							"post": [0, 0, 0],
							"lerp_mode": "catmullrom"
						}
					},
					"scale": 1
				},
				"mag_and_bullet": {
					"rotation": {
						"0.0": [0, 0, 0],
						"3.3333": [0, 0, 0],
						"3.4583": [-7.5, 0, 0],
						"3.5417": [-7.5, 0, 0],
						"3.7083": [0, 0, 0],
						"4.5833": [0, 0, 0],
						"4.7917": {
							"pre": [-0.15, 4.31, 2.34],
							"post": [-0.15, 4.31, 2.34],
							"lerp_mode": "catmullrom"
						},
						"4.9583": {
							"post": [-0.55211, 15.88393, 12.32714],
							"lerp_mode": "catmullrom"
						},
						"5.2083": {
							"post": [0, 0, 0],
							"lerp_mode": "catmullrom"
						},
						"6.1667": [0, 0, 0],
						"6.2917": [-7.5, 0, 0],
						"6.375": [-7.5, 0, 0],
						"6.4583": [0, 0, 0]
					},
					"position": {
						"4.6667": {
							"pre": [0, 0, 0],
							"post": [0, 0, 0],
							"lerp_mode": "catmullrom"
						},
						"4.9583": {
							"post": [-4.45905, -0.87999, 2.08387],
							"lerp_mode": "catmullrom"
						},
						"5.2083": {
							"post": [0, 0, 0],
							"lerp_mode": "catmullrom"
						}
					}
				},
				"lefthand": {
					"rotation": {
						"0.0": [83.96815, -389.37693, -124.85545],
						"0.5": [57.18728, -400.57121, -62.6014],
						"2.75": {
							"pre": [57.18728, -400.57121, -62.6014],
							"post": [57.18728, -400.57121, -62.6014],
							"lerp_mode": "catmullrom"
						},
						"3.2917": [172.32332, -371.73388, -252.63112],
						"3.4583": [172.48418, -359.34271, -254.28804],
						"3.5417": [172.48418, -359.34271, -254.28804],
						"3.7083": [172.32332, -371.73388, -252.63112],
						"6.1667": [172.32332, -371.73388, -252.63112],
						"6.2917": [172.48418, -359.34271, -254.28804],
						"6.375": [172.48418, -359.34271, -254.28804],
						"6.5": [172.32332, -371.73388, -252.63112],
						"6.75": [83.96815, -389.37693, -124.85545],
						"6.9583": [83.96815, -389.37693, -124.85545],
						"7.3333": [37.32446, -353.2268, -152.72518],
						"8.5": [37.32, -353.23, -152.73],
						"8.9167": [25.99739, -356.7822, -173.60092],
						"9.4583": [25.99739, -356.7822, -173.60092],
						"9.6667": {
							"pre": [45.74171, -356.91248, -167.85323],
							"post": [45.74171, -356.91248, -167.85323],
							"lerp_mode": "catmullrom"
						},
						"10.0417": {
							"post": [83.96815, -389.37693, -124.85545],
							"lerp_mode": "catmullrom"
						}
					},
					"position": {
						"0.0": [7, -12, -11],
						"0.3333": [6.65634, -23.97563, -7.83032],
						"0.6667": [8.61064, -32.98911, -6.02076],
						"2.75": {
							"pre": [8.61064, -32.98911, -6.02076],
							"post": [8.61064, -32.98911, -6.02076],
							"lerp_mode": "catmullrom"
						},
						"3.0417": {
							"post": [13.26126, -14.35166, -0.92448],
							"lerp_mode": "catmullrom"
						},
						"3.2917": [7.06982, -6.3495, -1.23345],
						"3.4583": [7.07, -6.6, -0.73],
						"3.5417": [7.07, -6.6, -0.73],
						"3.7083": [7.06982, -6.3495, -1.23345],
						"6.1667": [7.06982, -6.3495, -1.23345],
						"6.2917": [7.07, -6.6, -0.73],
						"6.375": [7.07, -6.6, -0.73],
						"6.5": [7.06982, -6.3495, -1.23345],
						"6.625": [12.99719, -13.78141, -6.84573],
						"6.75": [7, -12, -11],
						"6.9583": [7, -12, -11],
						"7.3333": [9, -10, -14],
						"8.5": [9, -10, -14],
						"8.9167": [9.10145, -8.25809, -13.29472],
						"9.4583": [9.15145, -8.20809, -13.12472],
						"9.6667": {
							"pre": [9.92408, -9.03225, -10.81443],
							"post": [9.92408, -9.03225, -10.81443],
							"lerp_mode": "catmullrom"
						},
						"10.0417": {
							"post": [7, -12, -11],
							"lerp_mode": "catmullrom"
						}
					},
					"scale": [1, 1.5, 1]
				},
				"righthand": {
					"rotation": {
						"0.0": [101.64867, -339.29519, -170.99283],
						"6.9583": [101.64867, -339.29519, -170.99283],
						"7.3333": [115.88998, -361.3726, -175.42563],
						"9.6667": [115.88998, -361.3726, -175.42563],
						"10.0417": [101.64867, -339.29519, -170.99283]
					},
					"position": {
						"0.0": [-6, -14, 0],
						"6.9583": [-6, -14, 0],
						"10.0417": [-6, -14, 0]
					},
					"scale": [1, 1.5, 1]
				},
				"constraint": {
					"rotation": [0.25, 0.25, 0.25],
					"position": [0.25, 0.25, 0.25]
				},
				"bone3": {
					"position": {
						"0.0": [0, 0, 0],
						"0.9167": {
							"pre": [0, 0, 0],
							"post": [0, 0, 0],
							"lerp_mode": "catmullrom"
						},
						"1.0833": {
							"post": [0.1, -0.2, 0],
							"lerp_mode": "catmullrom"
						},
						"4.0833": {
							"post": [0.1, -0.2, 0],
							"lerp_mode": "catmullrom"
						},
						"4.2083": {
							"post": [0, 0, 0],
							"lerp_mode": "catmullrom"
						},
						"4.375": {
							"post": [0.1, -0.2, 0],
							"lerp_mode": "catmullrom"
						},
						"4.4583": {
							"post": [0, 0, 0],
							"lerp_mode": "catmullrom"
						},
						"4.625": {
							"post": [0.1, -0.2, 0],
							"lerp_mode": "catmullrom"
						},
						"4.75": {
							"post": [0, 0, 0],
							"lerp_mode": "catmullrom"
						},
						"4.9167": {
							"post": [0.1, -0.2, 0],
							"lerp_mode": "catmullrom"
						},
						"5.0": {
							"post": [0, 0, 0],
							"lerp_mode": "catmullrom"
						},
						"5.1667": {
							"post": [0.1, -0.2, 0],
							"lerp_mode": "catmullrom"
						},
						"5.25": {
							"post": [0, 0, 0],
							"lerp_mode": "catmullrom"
						},
						"8.1667": {
							"post": [0.1, -0.2, 0],
							"lerp_mode": "catmullrom"
						},
						"8.25": {
							"post": [0, 0, 0],
							"lerp_mode": "catmullrom"
						}
					}
				},
				"bone": {
					"position": {
						"0.0": [0, 0, 0],
						"0.9167": {
							"pre": [0, 0, 0],
							"post": [0, 0, 0],
							"lerp_mode": "catmullrom"
						},
						"1.0833": {
							"post": [-0.1, -0.2, 0],
							"lerp_mode": "catmullrom"
						},
						"4.0833": {
							"post": [-0.1, -0.2, 0],
							"lerp_mode": "catmullrom"
						},
						"4.2083": {
							"post": [0, 0, 0],
							"lerp_mode": "catmullrom"
						},
						"4.375": {
							"post": [-0.1, -0.2, 0],
							"lerp_mode": "catmullrom"
						},
						"4.4583": {
							"post": [0, 0, 0],
							"lerp_mode": "catmullrom"
						},
						"4.625": {
							"post": [-0.1, -0.2, 0],
							"lerp_mode": "catmullrom"
						},
						"4.75": {
							"post": [0, 0, 0],
							"lerp_mode": "catmullrom"
						},
						"4.9167": {
							"post": [-0.1, -0.2, 0],
							"lerp_mode": "catmullrom"
						},
						"5.0": {
							"post": [0, 0, 0],
							"lerp_mode": "catmullrom"
						},
						"5.1667": {
							"post": [-0.1, -0.2, 0],
							"lerp_mode": "catmullrom"
						},
						"5.25": {
							"post": [0, 0, 0],
							"lerp_mode": "catmullrom"
						},
						"8.1667": {
							"post": [-0.1, -0.2, 0],
							"lerp_mode": "catmullrom"
						},
						"8.25": {
							"post": [0, 0, 0],
							"lerp_mode": "catmullrom"
						}
					}
				},
				"bone104": {
					"position": {
						"0.0": [0, 0, 0],
						"0.8333": {
							"pre": [0, 0, 0],
							"post": [0, 0, 0],
							"lerp_mode": "catmullrom"
						},
						"0.9583": {
							"post": [0.1, -0.2, 0],
							"lerp_mode": "catmullrom"
						},
						"4.0": {
							"post": [0.1, -0.2, 0],
							"lerp_mode": "catmullrom"
						},
						"4.0833": {
							"post": [0, 0, 0],
							"lerp_mode": "catmullrom"
						},
						"4.25": {
							"post": [0.1, -0.2, 0],
							"lerp_mode": "catmullrom"
						},
						"4.375": {
							"post": [0, 0, 0],
							"lerp_mode": "catmullrom"
						},
						"4.5417": {
							"post": [0.1, -0.2, 0],
							"lerp_mode": "catmullrom"
						},
						"4.625": {
							"post": [0, 0, 0],
							"lerp_mode": "catmullrom"
						},
						"4.7917": {
							"post": [0.1, -0.2, 0],
							"lerp_mode": "catmullrom"
						},
						"4.9167": {
							"post": [0, 0, 0],
							"lerp_mode": "catmullrom"
						},
						"5.0833": {
							"post": [0.1, -0.2, 0],
							"lerp_mode": "catmullrom"
						},
						"5.1667": {
							"post": [0, 0, 0],
							"lerp_mode": "catmullrom"
						},
						"8.0417": {
							"post": [0.1, -0.2, 0],
							"lerp_mode": "catmullrom"
						},
						"8.1667": {
							"post": [0, 0, 0],
							"lerp_mode": "catmullrom"
						}
					}
				},
				"bone103": {
					"position": {
						"0.0": [0, 0, 0],
						"0.8333": {
							"pre": [0, 0, 0],
							"post": [0, 0, 0],
							"lerp_mode": "catmullrom"
						},
						"0.9583": {
							"post": [-0.1, -0.2, 0],
							"lerp_mode": "catmullrom"
						},
						"4.0": {
							"post": [-0.1, -0.2, 0],
							"lerp_mode": "catmullrom"
						},
						"4.0833": {
							"post": [0, 0, 0],
							"lerp_mode": "catmullrom"
						},
						"4.25": {
							"post": [-0.1, -0.2, 0],
							"lerp_mode": "catmullrom"
						},
						"4.375": {
							"post": [0, 0, 0],
							"lerp_mode": "catmullrom"
						},
						"4.5417": {
							"post": [-0.1, -0.2, 0],
							"lerp_mode": "catmullrom"
						},
						"4.625": {
							"post": [0, 0, 0],
							"lerp_mode": "catmullrom"
						},
						"4.7917": {
							"post": [-0.1, -0.2, 0],
							"lerp_mode": "catmullrom"
						},
						"4.9167": {
							"post": [0, 0, 0],
							"lerp_mode": "catmullrom"
						},
						"5.0833": {
							"post": [-0.1, -0.2, 0],
							"lerp_mode": "catmullrom"
						},
						"5.1667": {
							"post": [0, 0, 0],
							"lerp_mode": "catmullrom"
						},
						"8.0417": {
							"post": [-0.1, -0.2, 0],
							"lerp_mode": "catmullrom"
						},
						"8.1667": {
							"post": [0, 0, 0],
							"lerp_mode": "catmullrom"
						}
					}
				},
				"bone107": {
					"position": {
						"0.75": {
							"pre": [0, 0, 0],
							"post": [0, 0, 0],
							"lerp_mode": "catmullrom"
						},
						"0.875": {
							"post": [-0.1, -0.2, 0],
							"lerp_mode": "catmullrom"
						},
						"3.9167": {
							"post": [-0.1, -0.2, 0],
							"lerp_mode": "catmullrom"
						},
						"4.0": {
							"post": [0, 0, 0],
							"lerp_mode": "catmullrom"
						},
						"4.1667": {
							"post": [-0.1, -0.2, 0],
							"lerp_mode": "catmullrom"
						},
						"4.25": {
							"post": [0, 0, 0],
							"lerp_mode": "catmullrom"
						},
						"4.4167": {
							"post": [-0.1, -0.2, 0],
							"lerp_mode": "catmullrom"
						},
						"4.5417": {
							"post": [0, 0, 0],
							"lerp_mode": "catmullrom"
						},
						"4.7083": {
							"post": [-0.1, -0.2, 0],
							"lerp_mode": "catmullrom"
						},
						"4.7917": {
							"post": [0, 0, 0],
							"lerp_mode": "catmullrom"
						},
						"4.9583": {
							"post": [-0.1, -0.2, 0],
							"lerp_mode": "catmullrom"
						},
						"5.0833": {
							"post": [0, 0, 0],
							"lerp_mode": "catmullrom"
						},
						"7.9583": {
							"post": [-0.1, -0.2, 0],
							"lerp_mode": "catmullrom"
						},
						"8.0417": {
							"post": [0, 0, 0],
							"lerp_mode": "catmullrom"
						}
					}
				},
				"bone105": {
					"position": {
						"0.0": [0, 0, 0],
						"0.75": {
							"pre": [0, 0, 0],
							"post": [0, 0, 0],
							"lerp_mode": "catmullrom"
						},
						"0.875": {
							"post": [0.1, -0.2, 0],
							"lerp_mode": "catmullrom"
						},
						"3.9167": {
							"post": [0.1, -0.2, 0],
							"lerp_mode": "catmullrom"
						},
						"4.0": {
							"post": [0, 0, 0],
							"lerp_mode": "catmullrom"
						},
						"4.1667": {
							"post": [0.1, -0.2, 0],
							"lerp_mode": "catmullrom"
						},
						"4.25": {
							"post": [0, 0, 0],
							"lerp_mode": "catmullrom"
						},
						"4.4167": {
							"post": [0.1, -0.2, 0],
							"lerp_mode": "catmullrom"
						},
						"4.5417": {
							"post": [0, 0, 0],
							"lerp_mode": "catmullrom"
						},
						"4.7083": {
							"post": [0.1, -0.2, 0],
							"lerp_mode": "catmullrom"
						},
						"4.7917": {
							"post": [0, 0, 0],
							"lerp_mode": "catmullrom"
						},
						"4.9583": {
							"post": [0.1, -0.2, 0],
							"lerp_mode": "catmullrom"
						},
						"5.0833": {
							"post": [0, 0, 0],
							"lerp_mode": "catmullrom"
						},
						"7.9583": {
							"post": [0.1, -0.2, 0],
							"lerp_mode": "catmullrom"
						},
						"8.0417": {
							"post": [0, 0, 0],
							"lerp_mode": "catmullrom"
						}
					}
				},
				"bone106": {
					"position": {
						"0.0": [0, 0, 0],
						"0.625": {
							"pre": [0, 0, 0],
							"post": [0, 0, 0],
							"lerp_mode": "catmullrom"
						},
						"0.75": {
							"post": [0.1, -0.2, 0],
							"lerp_mode": "catmullrom"
						},
						"3.7917": {
							"post": [0.1, -0.2, 0],
							"lerp_mode": "catmullrom"
						},
						"3.9167": {
							"post": [0, 0, 0],
							"lerp_mode": "catmullrom"
						},
						"4.0833": {
							"post": [0.1, -0.2, 0],
							"lerp_mode": "catmullrom"
						},
						"4.1667": {
							"post": [0, 0, 0],
							"lerp_mode": "catmullrom"
						},
						"4.3333": {
							"post": [0.1, -0.2, 0],
							"lerp_mode": "catmullrom"
						},
						"4.4167": {
							"post": [0, 0, 0],
							"lerp_mode": "catmullrom"
						},
						"4.5833": {
							"post": [0.1, -0.2, 0],
							"lerp_mode": "catmullrom"
						},
						"4.7083": {
							"post": [0, 0, 0],
							"lerp_mode": "catmullrom"
						},
						"4.875": {
							"post": [0.1, -0.2, 0],
							"lerp_mode": "catmullrom"
						},
						"4.9583": {
							"post": [0, 0, 0],
							"lerp_mode": "catmullrom"
						},
						"7.875": {
							"post": [0.1, -0.2, 0],
							"lerp_mode": "catmullrom"
						},
						"7.9583": {
							"post": [0, 0, 0],
							"lerp_mode": "catmullrom"
						}
					}
				},
				"bone108": {
					"position": {
						"0.0": [0, 0, 0],
						"0.625": {
							"pre": [0, 0, 0],
							"post": [0, 0, 0],
							"lerp_mode": "catmullrom"
						},
						"0.75": {
							"post": [-0.1, -0.2, 0],
							"lerp_mode": "catmullrom"
						},
						"3.7917": {
							"post": [-0.1, -0.2, 0],
							"lerp_mode": "catmullrom"
						},
						"3.9167": {
							"post": [0, 0, 0],
							"lerp_mode": "catmullrom"
						},
						"4.0833": {
							"post": [-0.1, -0.2, 0],
							"lerp_mode": "catmullrom"
						},
						"4.1667": {
							"post": [0, 0, 0],
							"lerp_mode": "catmullrom"
						},
						"4.3333": {
							"post": [-0.1, -0.2, 0],
							"lerp_mode": "catmullrom"
						},
						"4.4167": {
							"post": [0, 0, 0],
							"lerp_mode": "catmullrom"
						},
						"4.5833": {
							"post": [-0.1, -0.2, 0],
							"lerp_mode": "catmullrom"
						},
						"4.7083": {
							"post": [0, 0, 0],
							"lerp_mode": "catmullrom"
						},
						"4.875": {
							"post": [-0.1, -0.2, 0],
							"lerp_mode": "catmullrom"
						},
						"4.9583": {
							"post": [0, 0, 0],
							"lerp_mode": "catmullrom"
						},
						"7.875": {
							"post": [-0.1, -0.2, 0],
							"lerp_mode": "catmullrom"
						},
						"7.9583": {
							"post": [0, 0, 0],
							"lerp_mode": "catmullrom"
						}
					}
				},
				"bone110": {
					"position": {
						"0.0": [0, 0, 0],
						"0.5417": {
							"pre": [0, 0, 0],
							"post": [0, 0, 0],
							"lerp_mode": "catmullrom"
						},
						"0.6667": {
							"post": [0.1, -0.2, 0],
							"lerp_mode": "catmullrom"
						},
						"3.7083": {
							"post": [0.1, -0.2, 0],
							"lerp_mode": "catmullrom"
						},
						"3.7917": {
							"post": [0, 0, 0],
							"lerp_mode": "catmullrom"
						},
						"3.9583": {
							"post": [0.1, -0.2, 0],
							"lerp_mode": "catmullrom"
						},
						"4.0833": {
							"post": [0, 0, 0],
							"lerp_mode": "catmullrom"
						},
						"4.25": {
							"post": [0.1, -0.2, 0],
							"lerp_mode": "catmullrom"
						},
						"4.3333": {
							"post": [0, 0, 0],
							"lerp_mode": "catmullrom"
						},
						"4.5": {
							"post": [0.1, -0.2, 0],
							"lerp_mode": "catmullrom"
						},
						"4.5833": {
							"post": [0, 0, 0],
							"lerp_mode": "catmullrom"
						},
						"4.75": {
							"post": [0.1, -0.2, 0],
							"lerp_mode": "catmullrom"
						},
						"4.875": {
							"post": [0, 0, 0],
							"lerp_mode": "catmullrom"
						},
						"7.75": {
							"post": [0.1, -0.2, 0],
							"lerp_mode": "catmullrom"
						},
						"7.875": {
							"post": [0, 0, 0],
							"lerp_mode": "catmullrom"
						}
					}
				},
				"bone109": {
					"position": {
						"0.0": [0, 0, 0],
						"0.5417": {
							"pre": [0, 0, 0],
							"post": [0, 0, 0],
							"lerp_mode": "catmullrom"
						},
						"0.6667": {
							"post": [-0.1, -0.2, 0],
							"lerp_mode": "catmullrom"
						},
						"3.7083": {
							"post": [-0.1, -0.2, 0],
							"lerp_mode": "catmullrom"
						},
						"3.7917": {
							"post": [0, 0, 0],
							"lerp_mode": "catmullrom"
						},
						"3.9583": {
							"post": [-0.1, -0.2, 0],
							"lerp_mode": "catmullrom"
						},
						"4.0833": {
							"post": [0, 0, 0],
							"lerp_mode": "catmullrom"
						},
						"4.25": {
							"post": [-0.1, -0.2, 0],
							"lerp_mode": "catmullrom"
						},
						"4.3333": {
							"post": [0, 0, 0],
							"lerp_mode": "catmullrom"
						},
						"4.5": {
							"post": [-0.1, -0.2, 0],
							"lerp_mode": "catmullrom"
						},
						"4.5833": {
							"post": [0, 0, 0],
							"lerp_mode": "catmullrom"
						},
						"4.75": {
							"post": [-0.1, -0.2, 0],
							"lerp_mode": "catmullrom"
						},
						"4.875": {
							"post": [0, 0, 0],
							"lerp_mode": "catmullrom"
						},
						"7.75": {
							"post": [-0.1, -0.2, 0],
							"lerp_mode": "catmullrom"
						},
						"7.875": {
							"post": [0, 0, 0],
							"lerp_mode": "catmullrom"
						}
					}
				},
				"camera": {
					"rotation": {
						"0.0": {
							"post": [0, 0, 0],
							"lerp_mode": "catmullrom"
						},
						"0.2083": {
							"post": [-0.09, 0.13, -0.19],
							"lerp_mode": "catmullrom"
						},
						"0.4583": {
							"post": [2.375, 0.3, -0.4],
							"lerp_mode": "catmullrom"
						},
						"0.6667": {
							"post": [3.085, 0.37, -0.23],
							"lerp_mode": "catmullrom"
						},
						"0.9167": {
							"post": [3, 0.4, -0.5],
							"lerp_mode": "catmullrom"
						},
						"1.4167": {
							"post": [3.175, 0.4, -0.5],
							"lerp_mode": "catmullrom"
						},
						"1.9167": {
							"post": [0.5, -0.8, -0.7],
							"lerp_mode": "catmullrom"
						},
						"2.2917": {
							"post": [-0.7, -0.7, -0.7],
							"lerp_mode": "catmullrom"
						},
						"2.6667": {
							"post": [-0.7, -0.7, -0.7],
							"lerp_mode": "catmullrom"
						},
						"3.0": {
							"post": [-0.3, 1.3, -0.7],
							"lerp_mode": "catmullrom"
						},
						"3.4167": {
							"post": [-0.093, 1.674, -1.116],
							"lerp_mode": "catmullrom"
						},
						"3.5833": {
							"post": [2.325, 1.395, -0.372],
							"lerp_mode": "catmullrom"
						},
						"3.75": {
							"post": [1.395, 1.953, -0.651],
							"lerp_mode": "catmullrom"
						},
						"3.9583": {
							"post": [1.1532, -0.4238, -0.7626],
							"lerp_mode": "catmullrom"
						},
						"4.2917": {
							"post": [0.395, -1.247, -0.651],
							"lerp_mode": "catmullrom"
						},
						"4.6667": {
							"post": [2.61, -1.39, 0.56],
							"lerp_mode": "catmullrom"
						},
						"4.875": {
							"post": [-2.2, -1.25, -0.65],
							"lerp_mode": "catmullrom"
						},
						"5.125": {
							"post": [-2.45, -1.24, -1.45],
							"lerp_mode": "catmullrom"
						},
						"5.375": {
							"post": [0.5, -1.25, -0.65],
							"lerp_mode": "catmullrom"
						},
						"5.75": {
							"post": [1.3, -1.25, -0.65],
							"lerp_mode": "catmullrom"
						},
						"6.125": {
							"post": [1, 0.95, -0.65],
							"lerp_mode": "catmullrom"
						},
						"6.3333": {
							"post": [2.4, 0.55, -1.35],
							"lerp_mode": "catmullrom"
						},
						"6.5417": {
							"post": [0.5, 0.95, -0.65],
							"lerp_mode": "catmullrom"
						},
						"6.75": {
							"post": [0, 1.55, -0.25],
							"lerp_mode": "catmullrom"
						},
						"6.9583": {
							"post": [0.5, 0.95, -0.65],
							"lerp_mode": "catmullrom"
						},
						"7.5": {
							"post": [4.2, -1.35, -0.65],
							"lerp_mode": "catmullrom"
						},
						"8.0417": {
							"post": [1.2, -8.35, 0.05],
							"lerp_mode": "catmullrom"
						},
						"8.5833": {
							"post": [1.2, -8.35, 0.05],
							"lerp_mode": "catmullrom"
						},
						"9.1667": {
							"post": [2.8, -7.85, 0.05],
							"lerp_mode": "catmullrom"
						},
						"9.7083": {
							"post": [3.8, -8.35, 0.05],
							"lerp_mode": "catmullrom"
						},
						"10.0417": {
							"post": [2.805, 0.52, 1],
							"lerp_mode": "catmullrom"
						},
						"10.4167": {
							"post": [-0.1, 0, -0.3],
							"lerp_mode": "catmullrom"
						},
						"10.5": {
							"post": [0.575, 0, 0.775],
							"lerp_mode": "catmullrom"
						},
						"10.625": {
							"post": [-0.1, 0, -0.325],
							"lerp_mode": "catmullrom"
						},
						"10.75": {
							"post": [0.00156, 0, 0.03516],
							"lerp_mode": "catmullrom"
						},
						"10.8333": {
							"post": [0, 0, 0],
							"lerp_mode": "catmullrom"
						},
						"11.0": {
							"post": [-0.1, 0, 0],
							"lerp_mode": "catmullrom"
						}
					}
				}
			},
			"sound_effects": {
				"0.0": {
					"effect": "zeta:plas101/inspect1"
				},
				"1.5": {
					"effect": "zeta:plas101/inspect2"
				},
				"3.0": {
					"effect": "zeta:plas101/inspect3"
				},
				"3.5": {
					"effect": "zeta:plas101/inspect4"
				},
				"4.875": {
					"effect": "zeta:plas101/inspect5"
				},
				"6.0": {
					"effect": "zeta:plas101/magin2"
				},
				"7.0": {
					"effect": "zeta:plas101/inspect6"
				},
				"8.5": {
					"effect": "zeta:plas101/inspect6"
				},
				"9.75": {
					"effect": "zeta:plas101/inspect7"
				}
			}
		},
		"reload_empty": {
			"animation_length": 3,
			"bones": {
				"root": {
					"rotation": {
						"0.0": {
							"post": [0, 0, 0],
							"lerp_mode": "catmullrom"
						},
						"0.0833": {
							"post": [-0.475, -2.575, 5.775],
							"lerp_mode": "catmullrom"
						},
						"0.2917": {
							"post": [-1.5, -3.625, 8.5],
							"lerp_mode": "catmullrom"
						},
						"0.5": {
							"post": [-1.53, -3.6975, 8.67],
							"lerp_mode": "catmullrom"
						},
						"0.5833": {
							"post": [-8.25775, -2.295, 18.16875],
							"lerp_mode": "catmullrom"
						},
						"0.7083": {
							"post": [1.445, -4.08, 13.005],
							"lerp_mode": "catmullrom"
						},
						"0.8333": {
							"post": [1.53, -4.25, 10.85875],
							"lerp_mode": "catmullrom"
						},
						"0.875": {
							"post": [7.72438, -4.48375, 11.48563],
							"lerp_mode": "catmullrom"
						},
						"1.0417": {
							"post": [9.625, -5.875, 7.5],
							"lerp_mode": "catmullrom"
						},
						"1.1667": {
							"post": [-4.75, 10.25, -6.25],
							"lerp_mode": "catmullrom"
						},
						"1.3333": {
							"post": [2.125, 10.75, 0.125],
							"lerp_mode": "catmullrom"
						},
						"1.5833": {
							"post": [-0.6375, 2.45, 8.4625],
							"lerp_mode": "catmullrom"
						},
						"1.9167": {
							"post": [-0.3, -3.625, 8.5],
							"lerp_mode": "catmullrom"
						},
						"2.1667": {
							"post": [1.5, 0.38, 4.5],
							"lerp_mode": "catmullrom"
						},
						"2.2917": {
							"post": [2, 0.38, 4.5],
							"lerp_mode": "catmullrom"
						},
						"2.375": {
							"post": [-4.1, -2.62, 9.2],
							"lerp_mode": "catmullrom"
						},
						"2.4583": {
							"post": [-6.5, 0.38, 7.7],
							"lerp_mode": "catmullrom"
						},
						"2.5833": {
							"post": [1.4, 1.592, 8.68],
							"lerp_mode": "catmullrom"
						},
						"2.7083": {
							"post": [0, 0, 0],
							"lerp_mode": "catmullrom"
						},
						"2.8333": {
							"post": [-1.29, -0.7, -2.44],
							"lerp_mode": "catmullrom"
						},
						"2.9583": {
							"post": [0, 0, 0],
							"lerp_mode": "catmullrom"
						}
					},
					"position": {
						"0.0": {
							"post": [0, 0, 0],
							"lerp_mode": "catmullrom"
						},
						"0.2083": {
							"post": [0, -0.5, 0.625],
							"lerp_mode": "catmullrom"
						},
						"0.5417": {
							"post": [0, -0.6375, 0.8925],
							"lerp_mode": "catmullrom"
						},
						"0.6667": {
							"post": [-0.17, -1.2325, 0.34],
							"lerp_mode": "catmullrom"
						},
						"0.8333": {
							"post": [0.17, -0.3825, 0.85],
							"lerp_mode": "catmullrom"
						},
						"0.9583": {
							"post": [-0.425, -0.53125, 0.53125],
							"lerp_mode": "catmullrom"
						},
						"1.0833": {
							"post": [-1.75, -0.625, 0.525],
							"lerp_mode": "catmullrom"
						},
						"1.4583": {
							"post": [-0.31, -0.62, 1.33],
							"lerp_mode": "catmullrom"
						},
						"1.8333": {
							"post": [0, -0.5, 0.625],
							"lerp_mode": "catmullrom"
						},
						"2.0417": {
							"post": [-0.09, -0.39, 0.8],
							"lerp_mode": "catmullrom"
						},
						"2.2083": {
							"post": [0, -0.5, 0.63],
							"lerp_mode": "catmullrom"
						},
						"2.3333": {
							"post": [0, -0.5, 0.63],
							"lerp_mode": "catmullrom"
						},
						"2.375": {
							"post": [0, -0.9, 0.33],
							"lerp_mode": "catmullrom"
						},
						"2.4583": {
							"post": [0, -0.9, 0.33],
							"lerp_mode": "catmullrom"
						},
						"2.5417": {
							"post": [0, -0.4, 0.73],
							"lerp_mode": "catmullrom"
						},
						"2.7083": {
							"post": [0, 0, 0],
							"lerp_mode": "catmullrom"
						},
						"2.9583": {
							"post": [0, 0, 0],
							"lerp_mode": "catmullrom"
						}
					}
				},
				"mag_and_bullet": {
					"rotation": {
						"0.5": [0, 0, 0],
						"0.5833": [-7.5, 0, 0],
						"0.7083": {
							"pre": [-7.5, 0, 0],
							"post": [-7.5, 0, 0],
							"lerp_mode": "catmullrom"
						},
						"0.8333": {
							"post": [7.5, 0, 0],
							"lerp_mode": "catmullrom"
						},
						"1.0417": {
							"post": [7.5, 0, 0],
							"lerp_mode": "catmullrom"
						},
						"1.125": {
							"post": [-10.15108, 8.34655, -1.75378],
							"lerp_mode": "catmullrom"
						},
						"1.2083": {
							"post": [-22.15108, 13.34655, -3.25378],
							"lerp_mode": "catmullrom"
						},
						"1.2917": {
							"post": [-28.76397, 16.86148, -5.22679],
							"lerp_mode": "catmullrom"
						},
						"1.375": {
							"post": [-37.26397, 18.86148, -8.72679],
							"lerp_mode": "catmullrom"
						},
						"1.4583": [-37.51493, 15.85871, -10.41622],
						"1.6667": {"pre": [-37.51493, 15.85871, -10.41622], "post": [-33.6151, -59.96646, 49.11695]},
						"1.9583": [-10.90675, -15.08271, 15.36452],
						"2.0417": [-6.5, 0, 0],
						"2.1667": [7, 0, 0],
						"2.2917": [7, 0, 0],
						"2.375": [0, 0, 0],
						"2.4167": [-7.5, 0, 0],
						"2.5": [-7.5, 0, 0],
						"2.625": [0, 0, 0]
					},
					"position": {
						"0.5": [0, 0, 0],
						"0.5833": [0, 0, 0],
						"0.7083": {
							"pre": [0, 0, 0],
							"post": [0, 0, 0],
							"lerp_mode": "catmullrom"
						},
						"0.8333": {
							"post": [0, 0, 0],
							"lerp_mode": "catmullrom"
						},
						"1.0417": {
							"post": [0, 0, 0],
							"lerp_mode": "catmullrom"
						},
						"1.125": {
							"post": [-1.55, 2.75, -0.6],
							"lerp_mode": "catmullrom"
						},
						"1.2083": {
							"post": [-5.89, 3.5, 1.35],
							"lerp_mode": "catmullrom"
						},
						"1.2917": {
							"post": [-10.25, 2.15, 3.2],
							"lerp_mode": "catmullrom"
						},
						"1.375": {
							"post": [-14.45, -4.25, 5.8],
							"lerp_mode": "catmullrom"
						},
						"1.4583": [-17.45, -16.25, 6.8],
						"1.6667": {"pre": [-17.45, -16.25, 6.8], "post": [11.05, -9, 5.55]},
						"1.9583": [7.65, 1.53, 3.75],
						"2.0417": [4, 5, 1.7],
						"2.1667": [0.8, 4.2, 0.4],
						"2.2917": [0, 0, 0],
						"2.375": [0, 0, 0],
						"2.4167": [0, 0, 0],
						"2.5": [0, 0, 0],
						"2.625": [0, 0, 0]
					}
				},
				"lefthand": {
					"rotation": {
						"0.0": [83.96815, -389.37693, -124.85545],
						"0.4583": {
							"pre": [110.5949, -429.89922, -183.79407],
							"post": [110.5949, -429.89922, -183.79407],
							"lerp_mode": "catmullrom"
						},
						"0.5": {
							"post": [98.0949, -429.89922, -183.79407],
							"lerp_mode": "catmullrom"
						},
						"0.7083": [98.0949, -429.89922, -183.79407],
						"0.7917": [112.08937, -411.75571, -181.45741],
						"0.9583": [131.85854, -384.69173, -196.06936],
						"1.125": [115.72218, -349.78424, -246.54465],
						"1.6667": [115.72, -349.78, -246.54],
						"1.9583": [167.88534, -349.42379, -217.63009],
						"2.0417": [164.81621, -354.80056, -219.6981],
						"2.1667": [155.92535, -375.01857, -234.21553],
						"2.2917": [141.12871, -363.12893, -254.00491],
						"2.4167": [156.17246, -363.12893, -254.00491],
						"2.5": [156.17246, -363.12893, -254.00491],
						"3.0": [83.96815, -389.37693, -124.85545]
					},
					"position": {
						"0.0": [7, -12, -11],
						"0.1667": [12, -8.62, -5.37],
						"0.2917": {
							"pre": [10.48879, -4.00443, -1.8532],
							"post": [10.48879, -4.00443, -1.8532],
							"lerp_mode": "catmullrom"
						},
						"0.4583": {
							"post": [7.32343, -2.26587, 0.23251],
							"lerp_mode": "catmullrom"
						},
						"0.5": {
							"post": [7, -5.25, 0.25],
							"lerp_mode": "catmullrom"
						},
						"0.7083": [7, -5.25, 0.25],
						"0.7917": [9.5, -4.75, 0.75],
						"0.9583": [13, -7.25, 2.25],
						"1.125": [17, -15.25, 4.25],
						"1.6667": [17, -15.25, 4.25],
						"1.9583": [14.946, -5.60847, 2.08368],
						"2.0417": [11.946, -2.25847, 0.83368],
						"2.1667": [7.946, -2.35847, -1.66632],
						"2.2917": [6.946, -5.60847, -2.41632],
						"2.4167": [6.95, -6.11, -0.92],
						"2.5": [6.95, -6.11, -0.92],
						"2.75": [12.98, -9.06, -5.96],
						"3.0": [7, -12, -11]
					},
					"scale": [1, 1.5, 1]
				},
				"righthand": {
					"rotation": [101.64867, -339.29519, -170.99283],
					"position": [-6, -14, 0],
					"scale": [1, 1.5, 1]
				},
				"constraint": {
					"rotation": [0.25, 0.25, 0.25],
					"position": [0.25, 0.25, 0.25]
				},
				"camera": {
					"rotation": {
						"0.0": {
							"post": [0, 0, 0],
							"lerp_mode": "catmullrom"
						},
						"0.2083": {
							"post": [1.08, -1.56, 0],
							"lerp_mode": "catmullrom"
						},
						"0.4583": {
							"post": [4.58, -0.36, 0.3],
							"lerp_mode": "catmullrom"
						},
						"0.5417": {
							"post": [1.98, -3.12, -1.02],
							"lerp_mode": "catmullrom"
						},
						"0.6667": {
							"post": [3.48, -2.52, 0.98],
							"lerp_mode": "catmullrom"
						},
						"0.75": {
							"post": [1.8, -3.36, 0],
							"lerp_mode": "catmullrom"
						},
						"0.875": {
							"post": [2.16, -3.36, 1.92],
							"lerp_mode": "catmullrom"
						},
						"1.0833": {
							"post": [-0.36, -1.92, -2.88],
							"lerp_mode": "catmullrom"
						},
						"1.375": {
							"post": [0, 0, 0],
							"lerp_mode": "catmullrom"
						},
						"1.5417": {
							"post": [0, 0.03, -0.1],
							"lerp_mode": "catmullrom"
						},
						"2.0": {
							"post": [1.54, -1.43, 0],
							"lerp_mode": "catmullrom"
						},
						"2.2083": {
							"post": [1.452, 0.902, -0.616],
							"lerp_mode": "catmullrom"
						},
						"2.2917": {
							"post": [1.837, 0.286, -0.363],
							"lerp_mode": "catmullrom"
						},
						"2.375": {
							"post": [3.091, -0.814, 0.715],
							"lerp_mode": "catmullrom"
						},
						"2.5417": {
							"post": [0.55, 0.44, -0.77],
							"lerp_mode": "catmullrom"
						},
						"2.7083": {
							"post": [-0.22, 0.88, 0.22],
							"lerp_mode": "catmullrom"
						},
						"2.8333": {
							"post": [0, 0, 0],
							"lerp_mode": "catmullrom"
						}
					}
				}
			},
			"sound_effects": {
				"0.5": {
					"effect": "zeta:plas101/hammerdown"
				},
				"1.0": {
					"effect": "zeta:plas101/eject"
				},
				"2.0": {
					"effect": "zeta:plas101/magin2"
				}
			}
		}
	}
}