{
	"format_version": "1.8.0",
	"animations": {
		"static_idle": {
			"loop": true,
			"bones": {
				"righthand": {
					"rotation": [119.76579, 15.69986, -163.67505],
					"position": [-7.5, -12.98306, 7.77834],
					"scale": [1, 1.5, 1]
				},
				"lefthand": {
					"rotation": [87.4523, -20.01067, -125.77507],
					"position": [7, -15.01524, -6.96726],
					"scale": [1, 1.5, 1]
				},
				"constraint": {
					"rotation": [0.25, 0.35, 0.2],
					"position": [0.1, 0.1, 0.1]
				}
			}
		},
		"static_bolt_caught": {
			"loop": true,
			"bones": {
				"righthand": {
					"rotation": [119.76579, 15.69986, -163.67505],
					"position": [-7.5, -12.98306, 7.77834],
					"scale": [1, 1.5, 1]
				},
				"spear": {
					"scale": 0
				},
				"lefthand": {
					"rotation": [87.4523, -20.01067, -125.77507],
					"position": [7, -15.01524, -6.96726],
					"scale": [1, 1.5, 1]
				},
				"r_wing": {
					"rotation": [0, 0, -90]
				},
				"l_wing": {
					"rotation": [0, 0, 90]
				}
			}
		},
		"reload_empty": {
			"loop": "hold_on_last_frame",
			"animation_length": 2.9583,
			"bones": {
				"root": {
					"rotation": {
						"0.0": {
							"post": [0, 0, 0],
							"lerp_mode": "catmullrom"
						},
						"0.1667": {
							"post": [-4.1, -2, 0],
							"lerp_mode": "catmullrom"
						},
						"0.3333": {
							"post": [-27.5, -5, 2.8],
							"lerp_mode": "catmullrom"
						},
						"0.4167": [-26, -5, 2.8],
						"0.7083": [-27.5, -5, 2.8],
						"1.0": {
							"pre": [-20.63, -3, 0],
							"post": [-20.63, -3, 0],
							"lerp_mode": "catmullrom"
						},
						"1.1667": {
							"post": [-18.6, -0.23, -1.6],
							"lerp_mode": "catmullrom"
						},
						"1.2917": {
							"post": [-16.4, 0.2, -1.6],
							"lerp_mode": "catmullrom"
						},
						"1.375": {
							"post": [-18.6, -0.23, -1.6],
							"lerp_mode": "catmullrom"
						},
						"1.5833": {
							"post": [-35.93, -0.14, 0],
							"lerp_mode": "catmullrom"
						},
						"1.6667": {
							"post": [-37.4, -1.37, 0],
							"lerp_mode": "catmullrom"
						},
						"1.7917": {
							"post": [-37.15, -1.19, 0],
							"lerp_mode": "catmullrom"
						},
						"1.9167": {
							"post": [-30.8, -1, 0],
							"lerp_mode": "catmullrom"
						},
						"2.1667": [-35.51, 0.5, 0],
						"2.25": {
							"pre": [-16.27, 0.33, 0],
							"post": [-16.27, 0.33, 0],
							"lerp_mode": "catmullrom"
						},
						"2.4167": {
							"post": [7.66, 0.17, -4.7],
							"lerp_mode": "catmullrom"
						},
						"2.5833": {
							"post": [-2.4222, 0.0528, 0],
							"lerp_mode": "catmullrom"
						},
						"2.75": [-0.8844, 0.0198, 1.1],
						"2.8333": [0, 0, 0],
						"2.9583": {
							"pre": [0, 0, 0],
							"post": [0, 0, 0],
							"lerp_mode": "catmullrom"
						}
					},
					"position": {
						"0.0": {
							"post": [0, 0, 0],
							"lerp_mode": "catmullrom"
						},
						"0.1667": {
							"post": [-1, -0.2, 0.3],
							"lerp_mode": "catmullrom"
						},
						"0.3333": {
							"post": [-2, -6.6, 5.7],
							"lerp_mode": "catmullrom"
						},
						"0.4583": {
							"post": [-2, -7, 6],
							"lerp_mode": "catmullrom"
						},
						"0.7083": [-2, -7.01, 6.01],
						"0.8333": {
							"pre": [-2, -7, 7],
							"post": [-2, -7, 7],
							"lerp_mode": "catmullrom"
						},
						"1.0833": {
							"post": [-2, -7, 8.93],
							"lerp_mode": "catmullrom"
						},
						"1.25": [-2, -7, 8.94],
						"1.5": [-2, -7, 11.96],
						"1.7917": [-2.11, -7.37, 12.83],
						"1.9167": {
							"pre": [-2.14, -8.11, 12.91],
							"post": [-2.14, -8.11, 12.91],
							"lerp_mode": "catmullrom"
						},
						"2.0833": [-2, -7, 11.96],
						"2.2083": {
							"pre": [-1.47, -9.11, 8.8],
							"post": [-1.47, -9.11, 8.8],
							"lerp_mode": "catmullrom"
						},
						"2.2917": {
							"post": [-1.22, -7.76, 7.4],
							"lerp_mode": "catmullrom"
						},
						"2.4167": {
							"post": [-0.83, -2.22, 4.96],
							"lerp_mode": "catmullrom"
						},
						"2.5833": {
							"post": [-0.15, -0.32, -0.78],
							"lerp_mode": "catmullrom"
						},
						"2.8333": [0, 0, 0],
						"2.9583": {
							"pre": [0, 0, 0],
							"post": [0, 0, 0],
							"lerp_mode": "catmullrom"
						}
					}
				},
				"ammo_and_righthand": {
					"rotation": {
						"0.0": [0, 0, 0],
						"0.5": [-10, -12.5, 0],
						"1.0417": [-16.45652, -1.5723, -7.27551],
						"1.2083": [-8.75069, -0.83607, -3.86873],
						"1.4167": [-8.75069, -0.83607, -3.86873],
						"1.625": [-5.48394, -0.52206, -2.4255],
						"1.75": [-3.9171, -0.3729, -1.7325],
						"1.9167": [0, 0, 0],
						"2.3333": [0, 0, 0],
						"2.9583": [0, 0, 0]
					},
					"position": {
						"0.0": [0, 0, 0],
						"0.5": [-17.57069, -6.21199, 35.57643],
						"0.9583": {
							"pre": [0.94248, 0.62294, -0.22612],
							"post": [0.94248, 0.62294, -0.22612],
							"lerp_mode": "catmullrom"
						},
						"1.1667": [0.60116, -1.29177, -3.35754],
						"1.2083": [0.50116, -0.89177, -2.35754],
						"1.4167": [0.50116, -0.89177, -2.35754],
						"1.625": [0.31416, -0.55902, -2.04204],
						"1.75": [0.2244, -0.3993, -1.4586],
						"1.9167": [0, 0, 0],
						"2.3333": [0, 0, 0],
						"2.9583": [0, 0, 0]
					}
				},
				"righthand": {
					"rotation": {
						"0.0": [119.76579, 15.69986, -163.67505],
						"0.5": [46.47785, 6.3379, -229.84556],
						"1.2083": [46.48, 6.34, -229.85],
						"1.4167": [56.96, 40.68, -189.22],
						"1.5417": [78.5, 32.18, -151.9],
						"1.625": [92.86, 20.85, -127.02],
						"1.7083": [107.22826, 19.31612, -102.14923],
						"1.9167": [107.22826, 19.31612, -102.14923],
						"2.3333": [119.76579, 20.69986, -163.67505],
						"2.9583": [119.76579, 15.69986, -163.67505]
					},
					"position": {
						"0.0": [-7.5, -12.98306, 7.77834],
						"0.5": [-6.92908, -10.8224, -12.54811],
						"1.2083": [-6.93, -10.82, -12.55],
						"1.3333": [-6.93, -6.59, -13.72],
						"1.7083": [-6.93, -6.92, -24.55],
						"1.9167": [-6.93, -8.82, -24.55],
						"2.0417": [-6.93, -8.82, -24.55],
						"2.1667": [-12.47, -10.6, -10.69],
						"2.3333": [-7.5, -12.98306, 7.77834],
						"2.9583": [-7.5, -12.98306, 7.77834]
					},
					"scale": {
						"0.0": [1, 1.5, 1],
						"2.3333": [1, 1.5, 1],
						"2.9583": [1, 1.5, 1]
					}
				},
				"spear": {
					"scale": {
						"0.0": [0, 0, 0],
						"0.5": {"pre": [0, 0, 0], "post": [1, 1, 1]}
					}
				},
				"lefthand": {
					"rotation": {
						"0.0": [87.4523, -20.01067, -125.77507],
						"2.3333": [87.4523, -20.01067, -125.77507],
						"2.9583": [87.4523, -20.01067, -125.77507]
					},
					"position": {
						"0.0": [7, -15.01524, -6.96726],
						"2.3333": [7, -15.01524, -6.96726],
						"2.9583": [7, -15.01524, -6.96726]
					},
					"scale": {
						"0.0": [1, 1.5, 1],
						"2.3333": [1, 1.5, 1],
						"2.9583": [1, 1.5, 1]
					}
				},
				"r_wing": {
					"rotation": {
						"0.0": [0, 0, -90],
						"1.75": [0, 0, -90],
						"1.8333": [0, 0, -70.2],
						"1.9167": [0, 0, 0]
					}
				},
				"l_wing": {
					"rotation": {
						"0.0": [0, 0, 90],
						"1.75": [0, 0, 90],
						"1.8333": [0, 0, 70.2],
						"1.9167": [0, 0, 0]
					}
				},
				"camera": {
					"rotation": {
						"0.0": {
							"post": [0, 0, 0],
							"lerp_mode": "catmullrom"
						},
						"0.1667": {
							"post": [-0.5, 0, 0],
							"lerp_mode": "catmullrom"
						},
						"0.3333": {
							"post": [3, 0.85, 0],
							"lerp_mode": "catmullrom"
						},
						"0.4167": {
							"post": [4.96, 1.6, 0],
							"lerp_mode": "catmullrom"
						},
						"0.5417": {
							"post": [4.57, 1.32, 0],
							"lerp_mode": "catmullrom"
						},
						"0.75": {
							"post": [3.96, 1.3, 0],
							"lerp_mode": "catmullrom"
						},
						"1.125": {
							"post": [1.5498, 2.213, 0],
							"lerp_mode": "catmullrom"
						},
						"1.2917": {
							"post": [2.0097, 2.1941, 0],
							"lerp_mode": "catmullrom"
						},
						"1.4583": {
							"post": [-0.5607, 2.6225, 0],
							"lerp_mode": "catmullrom"
						},
						"1.625": {
							"post": [-3.087, 3.4478, 0],
							"lerp_mode": "catmullrom"
						},
						"1.8333": {
							"post": [-3.087, 3.4478, 0],
							"lerp_mode": "catmullrom"
						},
						"1.9167": {
							"post": [-1.0899, 3.2273, 0],
							"lerp_mode": "catmullrom"
						},
						"2.0": {
							"post": [-1.5435, 2.0225, 0],
							"lerp_mode": "catmullrom"
						},
						"2.0833": {
							"post": [-1.1025, 2.0549, 0],
							"lerp_mode": "catmullrom"
						},
						"2.1667": {
							"post": [0.15, 0.41, 0],
							"lerp_mode": "catmullrom"
						},
						"2.2917": {
							"post": [1.82, -0.66, 0],
							"lerp_mode": "catmullrom"
						},
						"2.4583": {
							"post": [-0.63, 0.48, 0],
							"lerp_mode": "catmullrom"
						},
						"2.7083": {
							"post": [-0.32, 0.11, 0],
							"lerp_mode": "catmullrom"
						},
						"2.9583": {
							"post": [0, 0, 0],
							"lerp_mode": "catmullrom"
						}
					}
				},
				"constraint": {
					"rotation": [0.6, 0.6, 0.3],
					"position": {
						"0.0": [0.02, 0.6, 0.15],
						"0.4167": {
							"pre": [0.22, 0.63, 0.11],
							"post": [0.22, 0.63, 0.11],
							"lerp_mode": "catmullrom"
						},
						"0.875": [0.6, 0.7, 0.7],
						"2.0417": [0.6, 0.7, 0.7],
						"2.2917": {
							"pre": [0.42, 0.59, 0.62],
							"post": [0.42, 0.59, 0.62],
							"lerp_mode": "catmullrom"
						},
						"2.75": [0.1, 0.4, 0.1]
					}
				}
			},
			"sound_effects": {
				"0.0": {
					"effect": "zeta:s11/gun_hold"
				},
				"0.7083": {
					"effect": "zeta:s11/gun_change"
				},
				"1.0": {
					"effect": "zeta:s11/reload1"
				},
				"1.6667": {
					"effect": "zeta:s11/reload2"
				},
				"2.1667": {
					"effect": "zeta:s11/gun_in"
				},
				"2.4167": {
					"effect": "zeta:s11/gun"
				}
			}
		},
		"draw": {
			"loop": "hold_on_last_frame",
			"animation_length": 0.9583,
			"bones": {
				"camera": {
					"rotation": {
						"0.0": {
							"post": [0, 0, 0],
							"lerp_mode": "catmullrom"
						},
						"0.125": {
							"post": [4.32, 1.89, 0],
							"lerp_mode": "catmullrom"
						},
						"0.2917": {
							"post": [3.73, 0.702, 0],
							"lerp_mode": "catmullrom"
						},
						"0.4167": {
							"post": [6.218, 2.214, 0],
							"lerp_mode": "catmullrom"
						},
						"0.5417": {
							"post": [4.644, 0.702, 0],
							"lerp_mode": "catmullrom"
						},
						"0.7083": {
							"post": [-2.3, -1.6, 0],
							"lerp_mode": "catmullrom"
						},
						"0.875": {
							"post": [0, 0, 0],
							"lerp_mode": "catmullrom"
						},
						"0.9583": {
							"post": [0, 0, 0],
							"lerp_mode": "catmullrom"
						}
					}
				},
				"root": {
					"rotation": {
						"0.0": {
							"post": [-12.80708, -3.79014, 9.26068],
							"lerp_mode": "catmullrom"
						},
						"0.25": {
							"post": [-43.53805, -5.52676, 3.07379],
							"lerp_mode": "catmullrom"
						},
						"0.4583": {
							"post": [-25.4, -1.92, 5.5],
							"lerp_mode": "catmullrom"
						},
						"0.625": {
							"post": [-9.49, 0.89, 9.24],
							"lerp_mode": "catmullrom"
						},
						"0.7917": {
							"post": [0, 0, -1.4],
							"lerp_mode": "catmullrom"
						},
						"0.9167": [0, 0, 0]
					},
					"position": {
						"0.0": {
							"post": [-10, -21, 14],
							"lerp_mode": "catmullrom"
						},
						"0.2083": {
							"post": [-4.12, -6.56, 8.11],
							"lerp_mode": "catmullrom"
						},
						"0.4583": {
							"post": [-3.89, -6.53, 6.94],
							"lerp_mode": "catmullrom"
						},
						"0.5833": {
							"post": [-2, -2.68, 2.52],
							"lerp_mode": "catmullrom"
						},
						"0.75": {
							"post": [-0.08295, 0.18611, -0.8609],
							"lerp_mode": "catmullrom"
						},
						"0.875": {
							"post": [-0.00395, 0.1106, 0.25379],
							"lerp_mode": "catmullrom"
						},
						"0.9583": [0, 0, 0]
					}
				},
				"righthand": {
					"rotation": {
						"0.0": [67.80597, -6.85607, -244.15829],
						"0.2083": [67.80597, -6.85607, -244.15829],
						"0.3333": [94.7182, 36.83816, -201.37605],
						"0.4583": [119.76579, 15.69986, -163.67505]
					},
					"position": {
						"0.0": [-7.5, -13.48306, -12.22166],
						"0.2083": [-7.5, -13.48306, -12.22166],
						"0.3333": [-11.5, -13.23, -2.22],
						"0.4583": [-7.5, -12.98306, 7.77834]
					},
					"scale": [1, 1.5, 1]
				},
				"lefthand": {
					"rotation": {
						"0.0": {
							"post": [70.66985, -8.00366, -177.57712],
							"lerp_mode": "catmullrom"
						},
						"0.0833": {
							"post": [34.7, -65.47, -138.55],
							"lerp_mode": "catmullrom"
						},
						"0.25": {
							"post": [53.4523, -20.01067, -125.77507],
							"lerp_mode": "catmullrom"
						},
						"0.4167": [53.4523, -20.01067, -125.77507],
						"0.625": [87.4523, -20.01067, -125.77507]
					},
					"position": {
						"0.0": {
							"post": [23, -1.01524, -20.96726],
							"lerp_mode": "catmullrom"
						},
						"0.0833": {
							"post": [11, -12.62, -20.27],
							"lerp_mode": "catmullrom"
						},
						"0.1667": {
							"post": [7, -15.01524, -12.96726],
							"lerp_mode": "catmullrom"
						},
						"0.4583": [7, -15.01524, -12.96726],
						"0.625": [7, -15.01524, -6.96726]
					},
					"scale": [1, 1.5, 1]
				}
			},
			"sound_effects": {
				"0.0": {
					"effect": "zeta:s11/gun_hold"
				},
				"0.5": {
					"effect": "zeta:s11/gun_r"
				}
			}
		},
		"put_away": {
			"loop": "hold_on_last_frame",
			"animation_length": 1,
			"bones": {
				"righthand": {
					"rotation": {
						"0.0": [119.76579, 15.69986, -163.67505],
						"0.3333": [67.80597, -6.85607, -244.15829]
					},
					"position": {
						"0.0": [-7.5, -12.98306, 7.77834],
						"0.1667": [-9.5, -13.23, -2.22],
						"0.3333": [-7.5, -13.48306, -12.22166]
					},
					"scale": [1, 1.5, 1]
				},
				"lefthand": {
					"rotation": {
						"0.0": [87.4523, -20.01067, -125.77507],
						"0.25": [53.4523, -20.01067, -125.77507],
						"0.5": {
							"pre": [53.4523, -20.01067, -125.77507],
							"post": [53.4523, -20.01067, -125.77507],
							"lerp_mode": "catmullrom"
						}
					},
					"position": [7, -15.01524, -6.96726],
					"scale": [1, 1.5, 1]
				},
				"camera": {
					"rotation": {
						"0.0": {
							"post": [0, 0, 0],
							"lerp_mode": "catmullrom"
						},
						"0.125": {
							"post": [5.75, 4, 0],
							"lerp_mode": "catmullrom"
						},
						"0.2083": {
							"post": [7.5, 5, 0],
							"lerp_mode": "catmullrom"
						},
						"0.3333": {
							"post": [5.46, 3.14, 0],
							"lerp_mode": "catmullrom"
						},
						"0.375": {
							"post": [5.5, 2.2, 0],
							"lerp_mode": "catmullrom"
						},
						"0.4167": {
							"post": [5.73, 2.71, 0],
							"lerp_mode": "catmullrom"
						},
						"0.5417": {
							"post": [5.5, 3, 0],
							"lerp_mode": "catmullrom"
						},
						"0.75": {
							"post": [7.5, 4.5, 0],
							"lerp_mode": "catmullrom"
						},
						"1.0": {
							"post": [0, 0, 0],
							"lerp_mode": "catmullrom"
						}
					}
				},
				"root": {
					"rotation": {
						"0.0": {
							"post": [0, 0, 0],
							"lerp_mode": "catmullrom"
						},
						"0.3333": {
							"post": [-12.7, -5, 8.1],
							"lerp_mode": "catmullrom"
						},
						"0.625": {
							"post": [1.35, 3.23, -8.51],
							"lerp_mode": "catmullrom"
						},
						"0.9583": {
							"post": [55, 2.6, 3],
							"lerp_mode": "catmullrom"
						}
					},
					"position": {
						"0.0": {
							"post": [0, 0, 0],
							"lerp_mode": "catmullrom"
						},
						"0.3333": {
							"post": [-2.5, -6, 5],
							"lerp_mode": "catmullrom"
						},
						"0.5417": {
							"post": [-3.76, -6.41, 2],
							"lerp_mode": "catmullrom"
						},
						"0.8333": {
							"post": [-10.7, -15.5, 14],
							"lerp_mode": "catmullrom"
						}
					}
				}
			},
			"sound_effects": {
				"0.0": {
					"effect": "zeta:s11/gun_change"
				},
				"0.5": {
					"effect": "zeta:s11/gun_hold"
				}
			}
		},
		"inspect": {
			"loop": "hold_on_last_frame",
			"animation_length": 8.9167,
			"bones": {
				"righthand": {
					"rotation": [119.76579, 15.69986, -163.67505],
					"position": [-7.5, -12.98306, 7.77834],
					"scale": [1, 1.5, 1]
				},
				"lefthand": {
					"rotation": {
						"0.0": [87.4523, -20.01067, -125.77507],
						"0.4167": [62.59717, 4.96675, -126.85554],
						"1.5417": [62.59717, 4.96675, -126.85554],
						"2.0417": [57.4523, -35.01067, -73.27507],
						"3.5417": [57.4523, -35.01067, -73.27507],
						"3.7083": {
							"pre": [48.17808, -32.26441, -96.96237],
							"post": [48.17808, -32.26441, -96.96237],
							"lerp_mode": "catmullrom"
						},
						"3.875": {
							"post": [69.20674, -19.93692, -125.37158],
							"lerp_mode": "catmullrom"
						},
						"4.0417": [59.35794, -22.97619, -173.12975],
						"5.5417": [59.35794, -22.97619, -173.12975],
						"5.875": [87.4523, -20.01067, -125.77507]
					},
					"position": {
						"0.0": [7, -15.01524, -6.96726],
						"0.2083": [23.5, -37.02, -1.97],
						"0.4167": [18, -59.02, 3.03],
						"1.5417": [18, -59.02, 3.03],
						"1.8333": [23.5, -37.02, -1.97],
						"2.0417": [6, -15.01524, -8.96726],
						"3.5417": [6, -15.01524, -8.96726],
						"3.7083": {
							"pre": [6, -17.01524, -8.96726],
							"post": [6, -17.01524, -8.96726],
							"lerp_mode": "catmullrom"
						},
						"4.0417": [9, -11.02, -8.97],
						"5.5417": [9, -11.02, -8.97],
						"5.6667": [8.63, -14.65, -6.72],
						"5.875": [7, -15.01524, -6.96726]
					},
					"scale": {
						"0.0": [1, 1.5, 1],
						"2.0417": [1, 1.5, 1],
						"3.5417": [1, 1.5, 1]
					}
				},
				"root": {
					"relative_to": {
						"rotation": "entity"
					},
					"rotation": {
						"0.0": {
							"post": [0, 0, 0],
							"lerp_mode": "catmullrom"
						},
						"0.1667": {
							"post": [3.43, -3.99, -4.5],
							"lerp_mode": "catmullrom"
						},
						"0.375": {
							"post": [-32.08217, -25.5043, -22.04887],
							"lerp_mode": "catmullrom"
						},
						"0.5833": {
							"post": [-25.08, -25.5, -22.05],
							"lerp_mode": "catmullrom"
						},
						"0.7083": {
							"post": [-27.58, -25.5, -22.05],
							"lerp_mode": "catmullrom"
						},
						"0.9583": [-28.08217, -25.5043, -22.04887],
						"1.875": [-28.08217, -25.5043, -22.04887],
						"2.0": {
							"pre": [-27.22, -41.09, -14.95],
							"post": [-27.22, -41.09, -14.95],
							"lerp_mode": "catmullrom"
						},
						"2.0833": {
							"post": [-27.46, -41.59, -12.45],
							"lerp_mode": "catmullrom"
						},
						"2.125": {
							"post": [-19.78, -51.78, -10.09],
							"lerp_mode": "catmullrom"
						},
						"2.2083": {
							"post": [0.28895, -62.91348, -5.01675],
							"lerp_mode": "catmullrom"
						},
						"2.375": {
							"post": [-6.28, -64.28, -4.4],
							"lerp_mode": "catmullrom"
						},
						"2.4583": {
							"post": [-8.21, -62.91, -5.02],
							"lerp_mode": "catmullrom"
						},
						"2.5833": [-0.01, -62.91, -5.02],
						"2.6667": {
							"pre": [1.92125, -62.91, -5.02],
							"post": [1.92125, -62.91, -5.02],
							"lerp_mode": "catmullrom"
						},
						"2.7917": [-0.01, -62.91, -5.02],
						"3.5417": [-0.01105, -62.91348, -5.01675],
						"3.7917": {
							"pre": [-6.16, -37.44, 12.78],
							"post": [-6.16, -37.44, 12.78],
							"lerp_mode": "catmullrom"
						},
						"4.0417": {
							"post": [-38.16957, 51.90803, 61.98453],
							"lerp_mode": "catmullrom"
						},
						"4.2917": {
							"post": [-46.17, 46.81, 63.38],
							"lerp_mode": "catmullrom"
						},
						"4.5833": [-46.17, 49.51, 63.38],
						"5.5417": [-46.16957, 49.50803, 63.38453],
						"5.875": {
							"pre": [-45.41, 7.55, 3.78],
							"post": [-45.41, 7.55, 3.78],
							"lerp_mode": "catmullrom"
						},
						"6.125": {
							"post": [-69.34, -11.29, 9.05],
							"lerp_mode": "catmullrom"
						},
						"6.3333": [-60.97, -11.39, 12.48],
						"6.4583": {
							"pre": [-60.96957, -11.39197, 12.69703],
							"post": [-60.96957, -11.39197, 12.69703],
							"lerp_mode": "catmullrom"
						},
						"7.2917": [-60.97, -11.39, 12.48],
						"7.3333": [-63.66957, -11.39197, 12.48453],
						"7.6667": {
							"pre": [-2.4222, 0.0528, 0],
							"post": [-2.4222, 0.0528, 0],
							"lerp_mode": "catmullrom"
						},
						"8.0833": [-0.8844, 0.0198, 1.1],
						"8.2083": [0, 0, 0.01],
						"8.4167": {
							"pre": [0, 0, 0],
							"post": [0, 0, 0],
							"lerp_mode": "catmullrom"
						}
					},
					"position": {
						"0.0": [0, 0, 0],
						"0.125": {
							"pre": [0.1, -0.5, -0.8],
							"post": [0.1, -0.5, -0.8],
							"lerp_mode": "catmullrom"
						},
						"0.3333": {
							"post": [-1.3, 3, 0.3],
							"lerp_mode": "catmullrom"
						},
						"0.5417": {
							"post": [0, 2, 0.4],
							"lerp_mode": "catmullrom"
						},
						"0.8333": {
							"post": [0, 2.5, 0.4],
							"lerp_mode": "catmullrom"
						},
						"1.2917": {
							"post": [0, 2.51875, 0.45],
							"lerp_mode": "catmullrom"
						},
						"1.75": {
							"post": [-0.01, 2.53375, 0.51],
							"lerp_mode": "catmullrom"
						},
						"1.875": [0, 2.5, 0.4],
						"1.9583": {
							"pre": [-0.27, 0.71, 1.13],
							"post": [-0.27, 0.71, 1.13],
							"lerp_mode": "catmullrom"
						},
						"2.0417": {
							"post": [-0.72, -1.66, -0.12],
							"lerp_mode": "catmullrom"
						},
						"2.0833": {
							"post": [-0.82, -2.05, -0.16],
							"lerp_mode": "catmullrom"
						},
						"2.125": {
							"post": [-0.53, -1.59, 0.04],
							"lerp_mode": "catmullrom"
						},
						"2.2917": {
							"post": [2.1, 0.7, 0.7],
							"lerp_mode": "catmullrom"
						},
						"2.5": [1, 0, 0],
						"3.5417": [1, 0, 0],
						"3.6667": {
							"pre": [0.93, 0, 0],
							"post": [0.93, 0, 0],
							"lerp_mode": "catmullrom"
						},
						"3.7917": {
							"post": [0.46, -0.66, 0],
							"lerp_mode": "catmullrom"
						},
						"3.9583": {
							"post": [-0.18, 0.79, 0],
							"lerp_mode": "catmullrom"
						},
						"4.0833": {
							"post": [0.07, -0.06, 0],
							"lerp_mode": "catmullrom"
						},
						"4.1667": [0, 0, 0],
						"5.5417": [0, 0, 0],
						"5.875": {
							"pre": [-2, 1.27, -1.43],
							"post": [-2, 1.27, -1.43],
							"lerp_mode": "catmullrom"
						},
						"6.125": {
							"post": [-3.19, -3.86, 1.96],
							"lerp_mode": "catmullrom"
						},
						"6.2917": {
							"post": [-4, -16.26, 10.43],
							"lerp_mode": "catmullrom"
						},
						"6.5": [-4, -16.26, 11.33],
						"7.5": [-4, -16.26, 11.33],
						"7.8333": {
							"pre": [-0.15, -0.32, -0.78],
							"post": [-0.15, -0.32, -0.78],
							"lerp_mode": "catmullrom"
						},
						"8.2083": [0, 0, 0],
						"8.4167": {
							"pre": [0, 0, 0],
							"post": [0, 0, 0],
							"lerp_mode": "catmullrom"
						}
					}
				},
				"camera": {
					"rotation": {
						"0.0": {
							"post": [0, 0, 0],
							"lerp_mode": "catmullrom"
						},
						"0.125": {
							"post": [2.5, 0, 0],
							"lerp_mode": "catmullrom"
						},
						"0.25": {
							"post": [0.5, 4, 0],
							"lerp_mode": "catmullrom"
						},
						"0.4167": {
							"post": [-0.5, 4, 0],
							"lerp_mode": "catmullrom"
						},
						"0.8333": {
							"post": [-5.68, -1.88, 0],
							"lerp_mode": "catmullrom"
						},
						"1.625": {
							"post": [-4.5, -1, 0],
							"lerp_mode": "catmullrom"
						},
						"1.9167": {
							"post": [-3.76, -1.39, 0],
							"lerp_mode": "catmullrom"
						},
						"2.125": {
							"post": [2.5, 4, 1],
							"lerp_mode": "catmullrom"
						},
						"2.25": {
							"post": [1.27, 3, -0.5],
							"lerp_mode": "catmullrom"
						},
						"2.375": {
							"post": [0.89, -1.72, -0.42],
							"lerp_mode": "catmullrom"
						},
						"2.4583": {
							"post": [0.5, -2.1, 0],
							"lerp_mode": "catmullrom"
						},
						"2.5833": {
							"post": [0.5, -1.1, 0],
							"lerp_mode": "catmullrom"
						},
						"2.875": {
							"post": [0.5, -1.12, 0],
							"lerp_mode": "catmullrom"
						},
						"3.2917": {
							"post": [0.5, -4.6, 0],
							"lerp_mode": "catmullrom"
						},
						"3.5417": {
							"post": [0.91, -4.78, 0],
							"lerp_mode": "catmullrom"
						},
						"3.625": {
							"post": [4, -4.5, 0],
							"lerp_mode": "catmullrom"
						},
						"3.8333": {
							"post": [2.59, -1.28, 0],
							"lerp_mode": "catmullrom"
						},
						"3.9583": {
							"post": [-1.86, 0.34, 0],
							"lerp_mode": "catmullrom"
						},
						"4.125": {
							"post": [-1, -0.5, 0],
							"lerp_mode": "catmullrom"
						},
						"4.5": {
							"post": [-1, -0.5, 0],
							"lerp_mode": "catmullrom"
						},
						"4.8333": {
							"post": [-3.63, -1.82, 0],
							"lerp_mode": "catmullrom"
						},
						"5.2083": {
							"post": [-11, -5.5, 0],
							"lerp_mode": "catmullrom"
						},
						"5.5417": {
							"post": [-11, -5.5, 0],
							"lerp_mode": "catmullrom"
						},
						"5.9583": {
							"post": [-1.58, -3.79, 0],
							"lerp_mode": "catmullrom"
						},
						"6.2917": {
							"post": [10, 3, 0],
							"lerp_mode": "catmullrom"
						},
						"6.375": {
							"post": [10.93, 3.03, 1.4],
							"lerp_mode": "catmullrom"
						},
						"6.4583": {
							"post": [8.28, 2.9, -1],
							"lerp_mode": "catmullrom"
						},
						"6.7083": {
							"post": [7.14, 2.57, 0],
							"lerp_mode": "catmullrom"
						},
						"7.0417": {
							"post": [3, 0, 0],
							"lerp_mode": "catmullrom"
						},
						"7.375": {
							"post": [3.12, -0.2, 0],
							"lerp_mode": "catmullrom"
						},
						"7.6667": {
							"post": [8, 0, 0],
							"lerp_mode": "catmullrom"
						},
						"7.9583": {
							"post": [-4, 0, 0],
							"lerp_mode": "catmullrom"
						},
						"8.3333": {
							"post": [1, 0, 0],
							"lerp_mode": "catmullrom"
						},
						"8.5833": {
							"post": [0.28125, 0, 0],
							"lerp_mode": "catmullrom"
						},
						"8.9167": {
							"post": [0, 0, 0],
							"lerp_mode": "catmullrom"
						}
					}
				}
			},
			"sound_effects": {
				"0.0": {
					"effect": "zeta:s11/spear"
				},
				"2.0": {
					"effect": "zeta:s11/gun_r"
				},
				"3.75": {
					"effect": "zeta:s11/gun_in"
				},
				"5.9167": {
					"effect": "zeta:s11/gun_down"
				},
				"7.5": {
					"effect": "zeta:s11/gun_in"
				},
				"7.9167": {
					"effect": "zeta:s11/gun"
				}
			}
		},
		"inspect_empty": {
			"loop": "hold_on_last_frame",
			"animation_length": 8.9167,
			"bones": {
				"righthand": {
					"rotation": [119.76579, 15.69986, -163.67505],
					"position": [-7.5, -12.98306, 7.77834],
					"scale": [1, 1.5, 1]
				},
				"lefthand": {
					"rotation": {
						"0.0": [87.4523, -20.01067, -125.77507],
						"0.4167": [62.59717, 4.96675, -126.85554],
						"1.5417": [62.59717, 4.96675, -126.85554],
						"2.0417": [57.4523, -35.01067, -73.27507],
						"3.5417": [57.4523, -35.01067, -73.27507],
						"3.7083": {
							"pre": [48.17808, -32.26441, -96.96237],
							"post": [48.17808, -32.26441, -96.96237],
							"lerp_mode": "catmullrom"
						},
						"3.875": {
							"post": [69.20674, -19.93692, -125.37158],
							"lerp_mode": "catmullrom"
						},
						"4.0417": [59.35794, -22.97619, -173.12975],
						"5.5417": [59.35794, -22.97619, -173.12975],
						"5.875": [87.4523, -20.01067, -125.77507]
					},
					"position": {
						"0.0": [7, -15.01524, -6.96726],
						"0.2083": [23.5, -37.02, -1.97],
						"0.4167": [18, -59.02, 3.03],
						"1.5417": [18, -59.02, 3.03],
						"1.8333": [23.5, -37.02, -1.97],
						"2.0417": [6, -15.01524, -8.96726],
						"3.5417": [6, -15.01524, -8.96726],
						"3.7083": {
							"pre": [6, -17.01524, -8.96726],
							"post": [6, -17.01524, -8.96726],
							"lerp_mode": "catmullrom"
						},
						"4.0417": [9, -11.02, -8.97],
						"5.5417": [9, -11.02, -8.97],
						"5.6667": [8.63, -14.65, -6.72],
						"5.875": [7, -15.01524, -6.96726]
					},
					"scale": {
						"0.0": [1, 1.5, 1],
						"2.0417": [1, 1.5, 1],
						"3.5417": [1, 1.5, 1]
					}
				},
				"root": {
					"relative_to": {
						"rotation": "entity"
					},
					"rotation": {
						"0.0": {
							"post": [0, 0, 0],
							"lerp_mode": "catmullrom"
						},
						"0.1667": {
							"post": [3.43, -3.99, -4.5],
							"lerp_mode": "catmullrom"
						},
						"0.375": {
							"post": [-32.08217, -25.5043, -22.04887],
							"lerp_mode": "catmullrom"
						},
						"0.5833": {
							"post": [-25.08, -25.5, -22.05],
							"lerp_mode": "catmullrom"
						},
						"0.7083": {
							"post": [-27.58, -25.5, -22.05],
							"lerp_mode": "catmullrom"
						},
						"0.9583": [-28.08217, -25.5043, -22.04887],
						"1.875": [-28.08217, -25.5043, -22.04887],
						"2.0": {
							"pre": [-27.22, -41.09, -14.95],
							"post": [-27.22, -41.09, -14.95],
							"lerp_mode": "catmullrom"
						},
						"2.0833": {
							"post": [-27.46, -41.59, -12.45],
							"lerp_mode": "catmullrom"
						},
						"2.125": {
							"post": [-19.78, -51.78, -10.09],
							"lerp_mode": "catmullrom"
						},
						"2.2083": {
							"post": [0.28895, -62.91348, -5.01675],
							"lerp_mode": "catmullrom"
						},
						"2.375": {
							"post": [-6.28, -64.28, -4.4],
							"lerp_mode": "catmullrom"
						},
						"2.4583": {
							"post": [-8.21, -62.91, -5.02],
							"lerp_mode": "catmullrom"
						},
						"2.5833": [-0.01, -62.91, -5.02],
						"2.6667": {
							"pre": [1.92125, -62.91, -5.02],
							"post": [1.92125, -62.91, -5.02],
							"lerp_mode": "catmullrom"
						},
						"2.7917": [-0.01, -62.91, -5.02],
						"3.5417": [-0.01105, -62.91348, -5.01675],
						"3.7917": {
							"pre": [-6.16, -37.44, 12.78],
							"post": [-6.16, -37.44, 12.78],
							"lerp_mode": "catmullrom"
						},
						"4.0417": {
							"post": [-38.16957, 51.90803, 61.98453],
							"lerp_mode": "catmullrom"
						},
						"4.2917": {
							"post": [-46.17, 46.81, 63.38],
							"lerp_mode": "catmullrom"
						},
						"4.5833": [-46.17, 49.51, 63.38],
						"5.5417": [-46.16957, 49.50803, 63.38453],
						"5.875": {
							"pre": [-34.41, 7.55, 3.78],
							"post": [-34.41, 7.55, 3.78],
							"lerp_mode": "catmullrom"
						},
						"6.375": {
							"post": [-22.5, 6.75, 20.54],
							"lerp_mode": "catmullrom"
						},
						"6.875": {
							"post": [-35.6, 7, 22.65],
							"lerp_mode": "catmullrom"
						},
						"7.6667": {
							"post": [-34.1, 6.75, 20.54],
							"lerp_mode": "catmullrom"
						},
						"8.0833": [-0.8844, 0.0198, 1.1],
						"8.2083": [0, 0, 0.01],
						"8.4167": {
							"pre": [0, 0, 0],
							"post": [0, 0, 0],
							"lerp_mode": "catmullrom"
						}
					},
					"position": {
						"0.0": [0, 0, 0],
						"0.125": {
							"pre": [0.1, -0.5, -0.8],
							"post": [0.1, -0.5, -0.8],
							"lerp_mode": "catmullrom"
						},
						"0.3333": {
							"post": [-1.3, 3, 0.3],
							"lerp_mode": "catmullrom"
						},
						"0.5417": {
							"post": [0, 2, 0.4],
							"lerp_mode": "catmullrom"
						},
						"0.8333": {
							"post": [0, 2.5, 0.4],
							"lerp_mode": "catmullrom"
						},
						"1.2917": {
							"post": [0, 2.51875, 0.45],
							"lerp_mode": "catmullrom"
						},
						"1.75": {
							"post": [-0.01, 2.53375, 0.51],
							"lerp_mode": "catmullrom"
						},
						"1.875": [0, 2.5, 0.4],
						"1.9583": {
							"pre": [-0.27, 0.71, 1.13],
							"post": [-0.27, 0.71, 1.13],
							"lerp_mode": "catmullrom"
						},
						"2.0417": {
							"post": [-0.72, -1.66, -0.12],
							"lerp_mode": "catmullrom"
						},
						"2.0833": {
							"post": [-0.82, -2.05, -0.16],
							"lerp_mode": "catmullrom"
						},
						"2.125": {
							"post": [-0.53, -1.59, 0.04],
							"lerp_mode": "catmullrom"
						},
						"2.2917": {
							"post": [2.1, 0.7, 0.7],
							"lerp_mode": "catmullrom"
						},
						"2.5": [1, 0, 0],
						"3.5417": [1, 0, 0],
						"3.6667": {
							"pre": [0.93, 0, 0],
							"post": [0.93, 0, 0],
							"lerp_mode": "catmullrom"
						},
						"3.7917": {
							"post": [0.46, -0.66, 0],
							"lerp_mode": "catmullrom"
						},
						"3.9583": {
							"post": [-0.18, 0.79, 0],
							"lerp_mode": "catmullrom"
						},
						"4.0833": {
							"post": [0.07, -0.06, 0],
							"lerp_mode": "catmullrom"
						},
						"4.1667": [0, 0, 0],
						"5.5417": [0, 0, 0],
						"5.875": {
							"pre": [-2, 2.27, -1.43],
							"post": [-2, 2.27, -1.43],
							"lerp_mode": "catmullrom"
						},
						"6.375": {
							"post": [-1.26, -4.12, 9.59],
							"lerp_mode": "catmullrom"
						},
						"6.6667": {
							"post": [-2.00125, -4.59, 10.45],
							"lerp_mode": "catmullrom"
						},
						"7.8333": {
							"post": [-1.76, -4.12, 9.59],
							"lerp_mode": "catmullrom"
						},
						"8.2083": [0, 0, 0],
						"8.4167": {
							"pre": [0, 0, 0],
							"post": [0, 0, 0],
							"lerp_mode": "catmullrom"
						}
					}
				},
				"camera": {
					"rotation": {
						"0.0": {
							"post": [0, 0, 0],
							"lerp_mode": "catmullrom"
						},
						"0.125": {
							"post": [2.5, 0, 0],
							"lerp_mode": "catmullrom"
						},
						"0.25": {
							"post": [0.5, 4, 0],
							"lerp_mode": "catmullrom"
						},
						"0.4167": {
							"post": [-0.5, 4, 0],
							"lerp_mode": "catmullrom"
						},
						"0.8333": {
							"post": [-5.68, -1.88, 0],
							"lerp_mode": "catmullrom"
						},
						"1.625": {
							"post": [-4.5, -1, 0],
							"lerp_mode": "catmullrom"
						},
						"1.9167": {
							"post": [-3.76, -1.39, 0],
							"lerp_mode": "catmullrom"
						},
						"2.125": {
							"post": [2.5, 4, 1],
							"lerp_mode": "catmullrom"
						},
						"2.25": {
							"post": [1.27, 3, -0.5],
							"lerp_mode": "catmullrom"
						},
						"2.375": {
							"post": [0.89, -1.72, -0.42],
							"lerp_mode": "catmullrom"
						},
						"2.4583": {
							"post": [0.5, -2.1, 0],
							"lerp_mode": "catmullrom"
						},
						"2.5833": {
							"post": [0.5, -1.1, 0],
							"lerp_mode": "catmullrom"
						},
						"2.875": {
							"post": [0.5, -1.12, 0],
							"lerp_mode": "catmullrom"
						},
						"3.2917": {
							"post": [0.5, -4.6, 0],
							"lerp_mode": "catmullrom"
						},
						"3.5417": {
							"post": [0.91, -4.78, 0],
							"lerp_mode": "catmullrom"
						},
						"3.625": {
							"post": [4, -4.5, 0],
							"lerp_mode": "catmullrom"
						},
						"3.8333": {
							"post": [2.59, -1.28, 0],
							"lerp_mode": "catmullrom"
						},
						"3.9583": {
							"post": [-1.86, 0.34, 0],
							"lerp_mode": "catmullrom"
						},
						"4.125": {
							"post": [-1, -0.5, 0],
							"lerp_mode": "catmullrom"
						},
						"4.5": {
							"post": [-1, -0.5, 0],
							"lerp_mode": "catmullrom"
						},
						"4.8333": {
							"post": [-3.63, -1.82, 0],
							"lerp_mode": "catmullrom"
						},
						"5.2083": {
							"post": [-11, -5.5, 0],
							"lerp_mode": "catmullrom"
						},
						"5.5417": {
							"post": [-11, -5.5, 0],
							"lerp_mode": "catmullrom"
						},
						"5.9583": {
							"post": [-1.58, -3.79, 0],
							"lerp_mode": "catmullrom"
						},
						"6.2917": {
							"post": [10, 3, 0],
							"lerp_mode": "catmullrom"
						},
						"6.375": {
							"post": [10.93, 3.03, 1.4],
							"lerp_mode": "catmullrom"
						},
						"6.4583": {
							"post": [8.28, 2.9, -1],
							"lerp_mode": "catmullrom"
						},
						"6.7083": {
							"post": [7.14, 2.57, 0],
							"lerp_mode": "catmullrom"
						},
						"7.0417": {
							"post": [3, 0, 0],
							"lerp_mode": "catmullrom"
						},
						"7.375": {
							"post": [3.12, -0.2, 0],
							"lerp_mode": "catmullrom"
						},
						"7.6667": {
							"post": [8, 0, 0],
							"lerp_mode": "catmullrom"
						},
						"7.9583": {
							"post": [-4, 0, 0],
							"lerp_mode": "catmullrom"
						},
						"8.3333": {
							"post": [1, 0, 0],
							"lerp_mode": "catmullrom"
						},
						"8.5833": {
							"post": [0.28125, 0, 0],
							"lerp_mode": "catmullrom"
						},
						"8.9167": {
							"post": [0, 0, 0],
							"lerp_mode": "catmullrom"
						}
					}
				},
				"spear": {
					"scale": 0
				},
				"r_wing": {
					"rotation": [0, 0, -90]
				},
				"l_wing": {
					"rotation": [0, 0, 90]
				}
			},
			"sound_effects": {
				"0.0": {
					"effect": "zeta:s11/spear"
				},
				"2.0": {
					"effect": "zeta:s11/gun_r"
				},
				"3.75": {
					"effect": "zeta:s11/gun_in"
				},
				"5.9167": {
					"effect": "zeta:s11/gun_down"
				},
				"7.7917": {
					"effect": "zeta:s11/gun_in"
				},
				"8.3333": {
					"effect": "zeta:s11/gun"
				}
			}
		},
		"shoot": {
			"animation_length": 0.6167,
			"bones": {
				"bullet_in_chamber2": {
					"scale": 0
				},
				"hammer": {
					"rotation": {
						"0.0": [-45, 0, 0],
						"0.0167": [7.5, 0, 0],
						"0.0333": [0, 0, 0]
					}
				},
				"root": {
					"rotation": {
						"0.0": {
							"post": [0, 0, 0],
							"lerp_mode": "catmullrom"
						},
						"0.0167": {
							"post": [2.16077, 4.2903, 2.29524],
							"lerp_mode": "catmullrom"
						},
						"0.0333": {
							"post": [-1.35744, 5.48823, 7.73963],
							"lerp_mode": "catmullrom"
						},
						"0.05": {
							"post": [-3.751, 4.8655, -1.44036],
							"lerp_mode": "catmullrom"
						},
						"0.0667": {
							"post": [-4.95597, 4.73357, -4.55445],
							"lerp_mode": "catmullrom"
						},
						"0.0833": {
							"post": [-5.1225, 4.66, -3.99],
							"lerp_mode": "catmullrom"
						},
						"0.1": {
							"post": [-5.16688, 4.10196, 2.33202],
							"lerp_mode": "catmullrom"
						},
						"0.15": {
							"post": [-4.455, 2.8, 4.215],
							"lerp_mode": "catmullrom"
						},
						"0.2": {
							"post": [-5.07251, 0.8207, 0.55078],
							"lerp_mode": "catmullrom"
						},
						"0.25": {
							"post": [-4.3375, -0.05, -1.045],
							"lerp_mode": "catmullrom"
						},
						"0.3167": {
							"post": [-2.68502, -0.04686, 0.64501],
							"lerp_mode": "catmullrom"
						},
						"0.4167": {
							"post": [-0.775, 0.1, -0.925],
							"lerp_mode": "catmullrom"
						},
						"0.5": {
							"post": [0.43044, 0.05061, 0.11],
							"lerp_mode": "catmullrom"
						},
						"0.6167": {
							"post": [-0.1, 0, 0.1],
							"lerp_mode": "catmullrom"
						}
					},
					"position": {
						"0.0": {
							"post": [0, 0, 0],
							"lerp_mode": "catmullrom"
						},
						"0.0167": {
							"post": [-0.1, -0.45, 1.95],
							"lerp_mode": "catmullrom"
						},
						"0.0333": [0.1, -1.375, 2.2375],
						"0.05": [0.12, -1.45, 2.2275],
						"0.0833": [0.09, -1.02, 2.205],
						"0.1333": [0.05, -0.59, 1.98],
						"0.2": {
							"pre": [0, -0.05, 1.49],
							"post": [0, -0.05, 1.49],
							"lerp_mode": "catmullrom"
						},
						"0.3": {
							"post": [0, -0.1, 0.675],
							"lerp_mode": "catmullrom"
						},
						"0.4167": {
							"post": [0, -0.025, 0.05],
							"lerp_mode": "catmullrom"
						},
						"0.6167": {
							"post": [0, 0, 0],
							"lerp_mode": "catmullrom"
						}
					}
				},
				"spear": {
					"scale": {
						"0.0": [1, 1, 1],
						"0.0333": {"pre": [1, 1, 1], "post": [0, 0, 0]}
					}
				},
				"r_wing": {
					"rotation": {
						"0.0": [0, 0, 0],
						"0.1167": [0, 0, 0]
					}
				},
				"l_wing": {
					"rotation": {
						"0.0": [0, 0, 0],
						"0.1167": [0, 0, 0]
					}
				},
				"constraint": {
					"rotation": {
						"0.0": [0.25, 0.25, 0.25],
						"0.3333": [0.125, 0.125, 0.125],
						"0.6167": [0, 0, 0]
					},
					"position": {
						"0.0": [0.25, 0.025, 0.25],
						"0.3333": [0.125, 0.125, 0.125],
						"0.6167": [0, 0, 0]
					}
				},
				"camera": {
					"rotation": {
						"0.0": {
							"post": [0, 0, 0],
							"lerp_mode": "catmullrom"
						},
						"0.0333": {
							"post": [-0.39, 0, -2.25],
							"lerp_mode": "catmullrom"
						},
						"0.0667": {
							"post": [-0.625, 0, 1.75],
							"lerp_mode": "catmullrom"
						},
						"0.1": {
							"post": [0.26, 0, -0.88],
							"lerp_mode": "catmullrom"
						},
						"0.15": {
							"post": [0.575, 0, 0.95],
							"lerp_mode": "catmullrom"
						},
						"0.2167": {
							"post": [-0.125, 0, -0.4],
							"lerp_mode": "catmullrom"
						},
						"0.4": {
							"post": [0.05, 0, 0.125],
							"lerp_mode": "catmullrom"
						},
						"0.6": {
							"post": [0, 0, 0],
							"lerp_mode": "catmullrom"
						}
					}
				}
			}
		}
	}
}